restaurant_name,locality,cuisines,price_range,average_cost_for_two,currency,aggregate_rating,votes,weighted_rating,country,city,has_table_booking,has_online_delivery
Le Petit Souffle,"Century City Mall, Poblacion, Makati City","French, Japanese, Desserts",3,1100.0,PHP,4.8,314,4.754,Philippines,Makati City,1,0
Izakaya Kikufuji,"Little Tokyo, Legaspi Village, Makati City",Japanese,3,1200.0,PHP,4.5,591,4.498,Philippines,Makati City,1,0
Heat - Edsa Shangri-La,"Edsa Shangri-La, Ortigas, Mandaluyong City","Seafood, Asian, Filipino, Indian",4,4000.0,PHP,4.4,270,4.411,Philippines,Mandaluyong City,1,0
Ooma,"SM Megamall, Ortigas, Mandaluyong City","Japanese, Sushi",4,1500.0,PHP,4.9,365,4.848,Philippines,Mandaluyong City,0,0
Sambo Kojin,"SM Megamall, Ortigas, Mandaluyong City","Japanese, Korean",4,1500.0,PHP,4.8,229,4.741,Philippines,Mandaluyong City,1,0
Din Tai Fung,"SM Megamall, Ortigas, Mandaluyong City",Chinese,3,1000.0,PHP,4.4,336,4.409,Philippines,Mandaluyong City,0,0
Buffet 101,"SM by the Bay, Mall of Asia Complex, Pasay City","Asian, European",4,2000.0,PHP,4.0,520,4.041,Philippines,Pasay City,1,0
Vikings,"SM by the Bay, Mall of Asia Complex, Pasay City","Seafood, Filipino, Asian, European",4,2000.0,PHP,4.2,677,4.218,Philippines,Pasay City,1,0
Spiral - Sofitel Philippine Plaza Manila,"Sofitel Philippine Plaza Manila, Pasay City","European, Asian, Indian",4,6000.0,PHP,4.9,621,4.868,Philippines,Pasay City,1,0
Locavore,Kapitolyo,Filipino,3,1100.0,PHP,4.8,532,4.771,Philippines,Pasig City,1,0
Silantro Fil-Mex,Kapitolyo,"Filipino, Mexican",3,800.0,PHP,4.9,1070,4.881,Philippines,Pasig City,0,0
Mad Mark's Creamery & Good Eats,Kapitolyo,"American, Ice Cream, Desserts",3,900.0,PHP,4.2,488,4.225,Philippines,Pasig City,1,0
Silantro Fil-Mex,"UP Town Center, Diliman, Quezon City","Filipino, Mexican",3,800.0,PHP,4.8,294,4.752,Philippines,Quezon City,0,0
Guevarra's,Addition Hills,Filipino,3,1000.0,PHP,4.2,458,4.226,Philippines,San Juan City,1,0
Sodam Korean Restaurant,Little Baguio,Korean,3,700.0,PHP,4.3,223,4.331,Philippines,San Juan City,0,0
Cafe Arabelle,"Nuvali, Don Jose, Santa Rosa","Cafe, American, Italian, Filipino",3,800.0,PHP,3.6,29,4.149,Philippines,Santa Rosa,0,0
Nonna's Pasta & Pizzeria,"Solenad 3, Don Jose, Santa Rosa","Italian, Pizza",3,850.0,PHP,4.0,72,4.192,Philippines,Santa Rosa,0,0
Balay Dako,Tagaytay City,Filipino,3,1200.0,PHP,4.5,211,4.494,Philippines,Tagaytay City,1,0
Hobing Korean Dessert Cafe,"BGC Stopover Pavillion, Bonifacio Global City","Cafe, Korean, Desserts",2,600.0,PHP,4.5,118,4.491,Philippines,Taguig City,0,0
Wildflour Cafe + Bakery,Bonifacio Global City,"Cafe, Bakery, American, Italian",4,1500.0,PHP,4.4,392,4.408,Philippines,Taguig City,1,0
NIU by Vikings,"SM Aura Premier, Bonifacio Global City, Taguig City","Seafood, American, Mediterranean, Japanese",4,3000.0,PHP,4.7,535,4.68,Philippines,Taguig City,1,0
The Food Hall by Todd English,"SM Aura Premier, Bonifacio Global City, Taguig City","American, Asian, Italian, Seafood",4,1800.0,PHP,4.5,618,4.498,Philippines,Taguig City,1,0
Chez Michou,Asa Norte,"Fast Food, French",2,55.0,BRL,3.0,6,3.987,Brazil,Brasilia,0,0
Caf Daniel Briand,Asa Norte,Cafe,1,30.0,BRL,3.8,9,4.059,Brazil,Brasilia,0,0
Casa do Biscoito Mineiro,Asa Norte,Bakery,2,45.0,BRL,3.7,11,4.032,Brazil,Brasilia,0,0
Maori,Asa Norte,Brazilian,3,60.0,BRL,3.8,11,4.05,Brazil,Brasilia,0,0
Pizza  Bessa,Asa Sul,Pizza,2,50.0,BRL,3.2,11,3.942,Brazil,Brasilia,0,0
Sushi Loko,Asa Sul,Japanese,3,80.0,BRL,3.1,10,3.938,Brazil,Brasilia,0,0
Beirute,Asa Sul,Arabian,3,90.0,BRL,3.7,8,4.05,Brazil,Brasilia,0,0
New Koto,Asa Sul,Japanese,4,200.0,BRL,3.7,5,4.069,Brazil,Brasilia,0,0
Villa Tevere,Asa Sul,Italian,4,150.0,BRL,4.1,12,4.104,Brazil,Brasilia,0,0
Rovereto,guas Claras,Pizza,4,100.0,BRL,3.1,9,3.952,Brazil,Brasilia,0,0
Buena Carne,guas Claras,"Bar Food, Brazilian",3,60.0,BRL,3.6,9,4.028,Brazil,Brasilia,0,0
Taco Pep,guas Claras,"Mexican, Grill",4,100.0,BRL,4.3,29,4.177,Brazil,Brasilia,0,0
Coco Bambu,"Bras_lia Shopping, Asa Norte",International,4,230.0,BRL,4.2,17,4.129,Brazil,Brasilia,0,0
Tayp,Lago Sul,"Peruvian, Latin American",4,100.0,BRL,3.6,5,4.06,Brazil,Brasilia,0,0
Outback Steakhouse,"ParkShopping, Guar I","American, Grill",4,150.0,BRL,4.0,10,4.088,Brazil,Brasilia,0,0
Manzu,"Ponto Lago Sul, Lago Sul",Seafood,4,240.0,BRL,3.2,6,4.008,Brazil,Brasilia,0,0
Coco Bambu,Setor De Clubes Esportivos Sul,International,4,230.0,BRL,4.9,30,4.403,Brazil,Brasilia,0,0
Gero,"Shopping Iguatemi, Lago Norte",Italian,4,350.0,BRL,3.3,8,3.994,Brazil,Brasilia,0,0
Brazilian American Burgers,Sudoeste,"American, Burger",2,50.0,BRL,3.6,9,4.028,Brazil,Brasilia,0,0
Pesqueiro Eco Gourmet,Barra da Tijuca,"Seafood, Bar Food, Brazilian",4,140.0,BRL,4.0,7,4.093,Brazil,Rio de Janeiro,0,0
Confeitaria Colombo,Centro,"Desserts, Cafe",4,100.0,BRL,4.8,29,4.36,Brazil,Rio de Janeiro,0,0
Bibi,Copacabana,"Juices, Healthy Food",3,60.0,BRL,4.7,24,4.298,Brazil,Rio de Janeiro,0,0
Cervantes,Copacabana,"Beverages, Bar Food, Fast Food",3,90.0,BRL,4.5,29,4.25,Brazil,Rio de Janeiro,0,0
Amir,Copacabana,Lebanese,4,170.0,BRL,4.2,11,4.123,Brazil,Rio de Janeiro,0,0
TT Burger,"Galeria River, Copacabana",Burger,3,60.0,BRL,4.8,19,4.297,Brazil,Rio de Janeiro,0,0
Braseiro da Gvea,Gvea,"Brazilian, Bar Food",4,100.0,BRL,4.9,40,4.459,Brazil,Rio de Janeiro,0,0
Balada Mix,Ipanema,"Brazilian, Healthy Food, Juices, Pizza",3,90.0,BRL,4.6,21,4.252,Brazil,Rio de Janeiro,0,0
Garota de Ipanema,Ipanema,"Brazilian, Bar Food",4,120.0,BRL,4.9,49,4.499,Brazil,Rio de Janeiro,0,0
Zaz Bistr Tropical,Ipanema,Brazilian,4,170.0,BRL,4.6,21,4.252,Brazil,Rio de Janeiro,0,0
Fil de Ouro,Lagoa,Brazilian,3,90.0,BRL,4.3,14,4.148,Brazil,Rio de Janeiro,0,0
D.O.C Ristorante,"Le Monde, Barra da Tijuca",Italian,4,150.0,BRL,4.0,5,4.096,Brazil,Rio de Janeiro,0,0
Sushi Leblon,Leblon,Japanese,4,250.0,BRL,4.6,25,4.27,Brazil,Rio de Janeiro,0,0
Talho Capixaba,Leblon,"Bakery, Sandwich, Brazilian",4,120.0,BRL,4.4,13,4.166,Brazil,Rio de Janeiro,0,0
Leme Light,Leme,Brazilian,2,40.0,BRL,4.2,7,4.117,Brazil,Rio de Janeiro,0,0
Shirley,Leme,"Brazilian, Seafood",4,250.0,BRL,4.2,8,4.118,Brazil,Rio de Janeiro,0,0
Apraz_vel,Santa Teresa,Brazilian,4,300.0,BRL,4.7,44,4.384,Brazil,Rio de Janeiro,0,0
Aconchego Carioca,Tijuca,"Brazilian, Bar Food",3,85.0,BRL,4.6,24,4.266,Brazil,Rio de Janeiro,0,0
Garota de Ipanema,Urca,"Brazilian, Bar Food",3,80.0,BRL,4.3,10,4.138,Brazil,Rio de Janeiro,0,0
Cantina Famiglia Mancini,"Bela Vista, Centro","Italian, Pizza",4,250.0,BRL,4.5,49,4.301,Brazil,Sao Paulo,0,0
Templo da Carne - Marcos Bassi,"Bela Vista, Centro","Steak, BBQ",4,250.0,BRL,4.4,17,4.18,Brazil,Sao Paulo,0,0
Gopala Hari,Consola_o,Indian,3,70.0,BRL,3.1,5,4.014,Brazil,Sao Paulo,0,0
Jiquitaia,Consola_o,Brazilian,4,100.0,BRL,4.1,15,4.104,Brazil,Sao Paulo,0,0
Skye - Hotel Unique,"Hotel Unique, Jardim Paulista","Beverages, International",4,300.0,BRL,4.8,59,4.481,Brazil,Sao Paulo,0,0
Les 3 Brasseurs,Itaim Bibi,"French, Brazilian, Beverages",4,120.0,BRL,4.6,30,4.291,Brazil,Sao Paulo,0,0
Red Steak & Burger,Itaim Bibi,"Brazilian, Grill",3,75.0,BRL,3.9,5,4.087,Brazil,Sao Paulo,0,0
Paris 6 Classique,Jardim Paulista,French,4,200.0,BRL,3.4,73,3.687,Brazil,Sao Paulo,0,0
Kawa Sushi,Jardim Paulista,"Sushi, Japanese",4,120.0,BRL,3.5,9,4.013,Brazil,Sao Paulo,0,0
A Figueira Rubaiyat,Jardim Paulista,"BBQ, Grill, Brazilian",4,300.0,BRL,4.3,39,4.191,Brazil,Sao Paulo,0,0
Kinoshita,Moema,Sushi,4,230.0,BRL,3.9,12,4.066,Brazil,Sao Paulo,0,0
Meats,Pinheiros,"Gourmet Fast Food, Burger",4,120.0,BRL,4.3,68,4.218,Brazil,Sao Paulo,0,0
Paribar,Rep_blica,"Brazilian, Italian",4,150.0,BRL,4.3,46,4.199,Brazil,Sao Paulo,0,0
Terra_o Itlia,Rep_blica,Italian,4,400.0,BRL,4.4,37,4.231,Brazil,Sao Paulo,0,0
Esquina Mocot_,Vila Maria,"Brazilian, North Eastern",4,100.0,BRL,4.4,22,4.195,Brazil,Sao Paulo,0,0
Veloso,Vila Mariana,"Brazilian, Bar Food, Beverages",3,70.0,BRL,4.6,58,4.371,Brazil,Sao Paulo,0,0
Sainte Marie Gastronomia,Vila Snia,"Lebanese, Arabian",4,120.0,BRL,4.1,11,4.104,Brazil,Sao Paulo,0,0
Austin's BBQ and Oyster Bar,Albany,"BBQ, Burger, Seafood",2,25.0,USD,3.3,35,3.731,USA,Albany,0,0
BJ's Country Buffet,Albany,"American, BBQ",1,10.0,USD,3.3,25,3.788,USA,Albany,0,0
Cookie Shoppe,Albany,Unknown,1,,USD,3.4,34,3.776,USA,Albany,0,0
El Vaquero Mexican Restaurant,Albany,Mexican,1,,USD,3.4,45,3.733,USA,Albany,0,0
Elements Coffee Co - Northwest,Albany,"Coffee and Tea, Sandwich",1,10.0,USD,3.4,26,3.816,USA,Albany,0,0
Pearly's Famous Country Cookng,Albany,Unknown,1,,USD,3.4,36,3.768,USA,Albany,0,0
Chick-fil-A,Albany,Fast Food,1,10.0,USD,3.5,67,3.727,USA,Albany,0,0
Guang Zhou Chinese Restaurant,Albany,"Asian, Chinese, Vegetarian",1,10.0,USD,3.9,141,3.935,USA,Albany,0,0
Harvest Moon,Albany,"Pizza, Bar Food, Sandwich",2,25.0,USD,3.7,147,3.784,USA,Albany,0,0
Henry Campbell's Steakhouse,Albany,"Steak, Tapas, Bar Food",4,70.0,USD,3.5,51,3.763,USA,Albany,0,0
Hong Kong Cafe,Albany,"Chinese, Seafood, Vegetarian",2,25.0,USD,3.6,88,3.757,USA,Albany,0,0
House of China Restaurant II,Albany,Chinese,1,10.0,USD,3.8,153,3.857,USA,Albany,0,0
Jimmie's Hot Dogs,Albany,Unknown,1,10.0,USD,3.9,160,3.931,USA,Albany,0,0
Locos Grill & Pub,Albany,"American, Burger, Sandwich",2,25.0,USD,3.5,57,3.749,USA,Albany,0,0
Longhorn Steakhouse,Albany,"American, Steak",2,25.0,USD,3.5,58,3.746,USA,Albany,0,0
Mikata Japanese Steakhouse,Albany,"Japanese, Steak, Sushi",3,40.0,USD,3.6,115,3.731,USA,Albany,0,0
Shogun Japanese Steak House,Albany,"Japanese, Steak, Sushi",3,40.0,USD,3.5,51,3.763,USA,Albany,0,0
The Catch Seafood Room & Oyster Bar,Albany,"Seafood, Tapas, Bar Food",3,40.0,USD,3.8,250,3.839,USA,Albany,0,0
Villa Gargano,Albany,"Italian, Pizza",1,10.0,USD,3.7,117,3.799,USA,Albany,0,0
3 Squares Diner,Sylvester,"American, Breakfast, Diner",1,10.0,USD,3.4,20,3.852,USA,Albany,0,0
Whitebull Hotel,Armidale,"Bar Food, Steak",2,20.0,AUD,3.5,25,3.606,Australia,Armidale,0,0
Last Resort Grill,Athens,"American, Southern, Southwestern",3,40.0,USD,4.5,1821,4.488,USA,Athens,0,0
Mama's Boy Restaurant,Athens,Southern,1,10.0,USD,4.5,849,4.474,USA,Athens,0,0
Sr. Sol 1,Athens,Mexican,1,10.0,USD,4.6,917,4.571,USA,Athens,0,0
Choo Choo Eastside,Athens,"Japanese, Korean",1,10.0,USD,3.9,439,3.914,USA,Athens,0,0
The Grill,Athens,"Breakfast, Burger, Sandwich",1,10.0,USD,3.7,289,3.749,USA,Athens,0,0
Big City Bread Cafe,Athens,"Breakfast, Sandwich",1,10.0,USD,4.3,558,4.278,USA,Athens,0,0
Clocked,Athens,"American, Burger, Sandwich",1,10.0,USD,4.2,613,4.187,USA,Athens,0,0
DePalma's Italian Cafe - Downtown,Athens,"American, Italian, Pizza",2,25.0,USD,4.0,353,4.004,USA,Athens,0,0
DePalma's Italian Cafe - East Side,Athens,"American, Italian, Pizza",2,25.0,USD,4.1,387,4.092,USA,Athens,0,0
Five & Ten,Athens,American,3,40.0,USD,4.3,755,4.283,USA,Athens,0,0
Grit,Athens,"International, Southern, Vegetarian",1,10.0,USD,4.2,800,4.19,USA,Athens,0,0
Ike & Jane,Athens,Sandwich,1,10.0,USD,4.1,350,4.092,USA,Athens,0,0
La Dolce Vita Ristorante,Athens,Italian,3,40.0,USD,4.1,464,4.093,USA,Athens,0,0
Shokitini,Athens,"Asian, Japanese, Sushi",2,25.0,USD,4.2,550,4.186,USA,Athens,0,0
Taqueria Del Sol,Athens,"Mexican, Spanish",1,10.0,USD,4.1,543,4.094,USA,Athens,0,0
The National,Athens,"International, Southern",3,40.0,USD,4.1,465,4.093,USA,Athens,0,0
The Royal Peasant,Athens,Bar Food,1,10.0,USD,4.4,546,4.369,USA,Athens,0,0
Transmetropolitan,Athens,"Italian, Pizza, Sandwich",1,10.0,USD,4.4,1098,4.384,USA,Athens,0,0
Trappeze Pub,Athens,"Burger, Bar Food",2,25.0,USD,4.2,579,4.187,USA,Athens,0,0
Viva! Argentine Cuisine,Athens,"Desserts, Latin American, Argentine",1,10.0,USD,4.1,374,4.092,USA,Athens,0,0
Miyabi Kyoto Japanese Steak House,Augusta,"Chinese, Steak",3,40.0,USD,4.6,717,4.563,USA,Augusta,0,0
Rae's Coastal Cafe,Augusta,"American, Caribbean, Seafood",3,40.0,USD,4.9,548,4.827,USA,Augusta,0,0
The Bee's Knees,Augusta,"International, Tapas, Vegetarian",2,25.0,USD,4.5,631,4.466,USA,Augusta,0,0
Boll Weevil Cafe,Augusta,"Desserts, Sandwich, Southern",1,10.0,USD,3.9,372,3.916,USA,Augusta,0,0
Farmhaus Burger,Augusta,"American, Burger",2,25.0,USD,3.9,201,3.926,USA,Augusta,0,0
Manuel's Bread Cafe,Augusta,"Breakfast, French",3,40.0,USD,3.8,332,3.83,USA,Augusta,0,0
Sconyers Bar B Que,Augusta,BBQ,2,25.0,USD,3.5,304,3.575,USA,Augusta,0,0
Frog Hollow Tavern,Augusta,American,3,40.0,USD,4.3,368,4.268,USA,Augusta,0,0
Giuseppe's Pizza & Italian Specialities,Augusta,"Desserts, Italian, Pizza",2,25.0,USD,4.1,430,4.093,USA,Augusta,0,0
Mellow Mushroom,Augusta,"Italian, Pizza, Sandwich",2,25.0,USD,4.4,433,4.362,USA,Augusta,0,0
Nacho Mamas Burritos,Augusta,Mexican,1,10.0,USD,4.0,380,4.004,USA,Augusta,0,0
Rhinehart's Oyster Bar,Augusta,"Bar Food, Sandwich, Seafood",2,25.0,USD,4.0,456,4.003,USA,Augusta,0,0
Takosushi,Augusta,"Mexican, Southwestern, Sushi",3,40.0,USD,4.2,647,4.188,USA,Augusta,0,0
The Chop House,Augusta,Steak,3,40.0,USD,4.0,360,4.004,USA,Augusta,0,0
The Taj of India,Augusta,Indian,2,25.0,USD,4.0,227,4.006,USA,Augusta,0,0
Augsburg Haus,Evans,German,2,25.0,USD,3.9,290,3.919,USA,Augusta,0,0
Pho Bac,Evans,Vietnamese,1,10.0,USD,4.1,270,4.089,USA,Augusta,0,0
Rhinehart's Oyster Bar,Evans,"Burger, Seafood",2,25.0,USD,4.0,326,4.004,USA,Augusta,0,0
Thai Kitchen,Evans,Thai,3,35.0,USD,4.3,317,4.264,USA,Augusta,0,0
El Kiosco Mexican Restaurant,Grovetown,Mexican,1,10.0,USD,4.2,300,4.176,USA,Augusta,0,0
Taste of Balingup,Balingup,Modern Australian,2,20.0,AUD,3.2,21,3.523,Australia,Balingup,0,0
Bridge Road Brewers,Beechworth,"Pizza, Bar Food",2,20.0,AUD,4.6,237,4.436,Australia,Beechworth,0,0
Bardenay,Boise,"American, Bar Food",2,25.0,USD,4.5,879,4.475,USA,Boise,0,0
Flatbread Neapolitan Pizzeria,Boise,"Italian, Pizza",2,25.0,USD,4.6,615,4.557,USA,Boise,0,0
Goldy's Breakfast Bistro,Boise,"Breakfast, Sandwich",2,25.0,USD,4.5,879,4.475,USA,Boise,0,0
Chandlers Steakhouse,Boise,"American, Seafood, Steak",4,70.0,USD,3.9,379,3.915,USA,Boise,0,0
Bar Gernika Basque Pub & Eatery,Boise,"European, Spanish",1,10.0,USD,4.3,303,4.262,USA,Boise,0,0
Barbacoa Restaurant,Boise,"Latin American, Steak",4,70.0,USD,4.1,538,4.094,USA,Boise,0,0
Big Jud's,Boise,"American, Burger, Sandwich",1,10.0,USD,4.2,334,4.178,USA,Boise,0,0
Bittercreek Ale House,Boise,"American, Bar Food",2,25.0,USD,4.3,555,4.278,USA,Boise,0,0
Boise Fry Company,Boise,"American, Burger",1,10.0,USD,4.4,823,4.379,USA,Boise,0,0
Flying Pie Pizzaria,Boise,Pizza,2,25.0,USD,4.1,550,4.094,USA,Boise,0,0
Fork,Boise,"American, Burger",2,25.0,USD,4.4,650,4.374,USA,Boise,0,0
Guido's Original New York Style Pizza,Boise,Pizza,1,10.0,USD,4.3,410,4.271,USA,Boise,0,0
Los Beto's,Boise,Mexican,1,10.0,USD,4.4,660,4.374,USA,Boise,0,0
Lucianos Italian Restaurant,Boise,"Italian, Seafood, Vegetarian",2,25.0,USD,4.4,360,4.355,USA,Boise,0,0
Mai Thai Restaurant,Boise,"Sushi, Thai",3,40.0,USD,4.0,340,4.004,USA,Boise,0,0
Shige Japanese Cuisine,Boise,"Japanese, Sushi, Teriyaki",2,25.0,USD,4.1,393,4.092,USA,Boise,0,0
The Egg Factory,Boise,Breakfast,1,10.0,USD,4.3,422,4.272,USA,Boise,0,0
Tucanos,Boise,Brazilian,3,40.0,USD,4.0,435,4.003,USA,Boise,0,0
Texas Roadhouse,Meridian,"American, BBQ, Steak",2,25.0,USD,4.0,369,4.004,USA,Boise,0,0
Brick 29,Nampa,American,3,40.0,USD,4.4,487,4.366,USA,Boise,0,0
Winifreds,Cedar Rapids,"American, Mediterranean, Seafood",3,40.0,USD,3.7,98,3.812,USA,Cedar Rapids/Iowa City,0,0
Biaggi's Ristorante Italiano,Cedar Rapids,"Italian, Pizza",3,40.0,USD,4.1,365,4.092,USA,Cedar Rapids/Iowa City,0,0
El Super Burrito,Cedar Rapids,Mexican,1,10.0,USD,4.1,190,4.086,USA,Cedar Rapids/Iowa City,0,0
Granite City Food & Brewery,Cedar Rapids,"American, Breakfast, Burger",3,40.0,USD,4.1,429,4.093,USA,Cedar Rapids/Iowa City,0,0
Irish Democrat,Cedar Rapids,"American, BBQ, Burger",2,25.0,USD,4.4,430,4.362,USA,Cedar Rapids/Iowa City,0,0
Taste of India,Cedar Rapids,Indian,2,25.0,USD,4.2,186,4.164,USA,Cedar Rapids/Iowa City,0,0
Thai Moon Restaurant,Cedar Rapids,"Chinese, Sushi, Thai",1,10.0,USD,4.2,220,4.169,USA,Cedar Rapids/Iowa City,0,0
Ting's Red Lantern,Cedar Rapids,Chinese,1,10.0,USD,4.2,347,4.179,USA,Cedar Rapids/Iowa City,0,0
Monica's,Coralville,"American, Italian, Pizza",2,25.0,USD,3.8,161,3.855,USA,Cedar Rapids/Iowa City,0,0
Exotic India,Coralville,Indian,2,25.0,USD,4.1,160,4.084,USA,Cedar Rapids/Iowa City,0,0
Shorts Burger and Shine,Iowa City,Burger,1,10.0,USD,4.9,820,4.85,USA,Cedar Rapids/Iowa City,0,0
The Hamburg Inn No. 2 Inc.,Iowa City,"American, Breakfast, Burger",1,10.0,USD,4.5,488,4.457,USA,Cedar Rapids/Iowa City,0,0
Bluebird Diner,Iowa City,"Breakfast, Diner",2,25.0,USD,3.6,253,3.671,USA,Cedar Rapids/Iowa City,0,0
Graze,Iowa City,"American, International, Sushi",3,40.0,USD,3.8,220,3.843,USA,Cedar Rapids/Iowa City,0,0
A & A Pagliai's Pizza,Iowa City,Pizza,2,25.0,USD,4.3,485,4.275,USA,Cedar Rapids/Iowa City,0,0
Atlas World Grill,Iowa City,International,3,40.0,USD,4.3,428,4.272,USA,Cedar Rapids/Iowa City,0,0
BlackStone,Iowa City,"American, Breakfast",2,25.0,USD,4.1,294,4.09,USA,Cedar Rapids/Iowa City,0,0
Devotay,Iowa City,"Mediterranean, Tapas, Vegetarian",3,40.0,USD,4.0,380,4.004,USA,Cedar Rapids/Iowa City,0,0
Jimmy Jack's Rib Shack,Iowa City,BBQ,2,25.0,USD,4.2,259,4.173,USA,Cedar Rapids/Iowa City,0,0
Zoeys Pizzeria,Marion,"Pizza, Sandwich",2,25.0,USD,4.7,433,4.631,USA,Cedar Rapids/Iowa City,0,0
Tokyo Sushi,Chatham-Kent,"Japanese, Sushi",2,25.0,CAD,3.7,176,3.672,Canada,Chatham-Kent,0,0
Berry Patch Restaurant,Clatskanie,"American, Breakfast, Desserts",1,10.0,USD,4.3,96,4.208,USA,Clatskanie,0,0
Sakura Sushi & Grill,Cochrane,"Asian, Japanese",2,25.0,USD,3.1,6,3.932,USA,Cochrane,0,0
Uptown Vietnam cuisine,Columbus,"Asian, Vietnamese",1,10.0,USD,3.3,33,3.741,USA,Columbus,0,0
Cafe Le Rue @ The Landings,Columbus,"American, Seafood, Cajun",2,25.0,USD,4.6,489,4.547,USA,Columbus,0,0
Mark's City Grille,Columbus,American,2,25.0,USD,4.5,345,4.441,USA,Columbus,0,0
B Merrell's,Columbus,"Burger, Bar Food, Southern",2,25.0,USD,3.8,149,3.858,USA,Columbus,0,0
Cannon Brewpub,Columbus,"Pizza, Bar Food",2,25.0,USD,3.9,330,3.917,USA,Columbus,0,0
Fuji Japanese Steak House,Columbus,"Japanese, Steak",3,40.0,USD,3.9,247,3.922,USA,Columbus,0,0
Ruth Ann's Family Restaurant,Columbus,"Breakfast, Diner, Southern",1,10.0,USD,3.7,123,3.796,USA,Columbus,0,0
Samurai Japanese Cuisine & Sushi Bar,Columbus,"Japanese, Steak, Sushi",3,40.0,USD,3.6,109,3.736,USA,Columbus,0,0
Wasabi Sushi and Thai,Columbus,"Japanese, Sushi, Thai",3,40.0,USD,3.7,134,3.79,USA,Columbus,0,0
Buckhead Bar and Grill,Columbus,"Seafood, Steak, Vegetarian",3,40.0,USD,4.2,722,4.189,USA,Columbus,0,0
Burt's Butcher Shoppe and Eatery,Columbus,Steak,2,25.0,USD,4.3,213,4.249,USA,Columbus,0,0
Chef Lee's Peking Restaurant,Columbus,Chinese,2,25.0,USD,4.0,335,4.004,USA,Columbus,0,0
Country's Barbecue,Columbus,"BBQ, Southern",2,25.0,USD,4.0,353,4.004,USA,Columbus,0,0
Deorio's,Columbus,"Italian, Pizza",1,,USD,4.0,170,4.007,USA,Columbus,0,0
Mellow Mushroom,Columbus,Pizza,2,25.0,USD,4.1,192,4.086,USA,Columbus,0,0
Meritage,Columbus,"American, Tapas",3,40.0,USD,4.1,302,4.09,USA,Columbus,0,0
Mongo The Mongolian Fire Pit,Columbus,"Asian, Chinese",1,10.0,USD,4.2,355,4.179,USA,Columbus,0,0
The Black Cow,Columbus,American,2,25.0,USD,4.3,287,4.26,USA,Columbus,0,0
Wood Stone,Columbus,"Italian, Mediterranean, Pizza",3,40.0,USD,4.0,264,4.005,USA,Columbus,0,0
Hunter's Pub,Hamilton,"American, Seafood, Steak",3,40.0,USD,4.4,235,4.335,USA,Columbus,0,0
Consort Restaurant,Consort,"Chinese, Canadian",2,25.0,CAD,3.0,6,3.513,Canada,Consort,0,0
Thatcher's Barbeque and Grill,Calhoun,"American, BBQ, Southern",2,25.0,USD,3.7,38,3.889,USA,Dalton,0,0
Christian and Jake's Bistro,Calhoun,"Desserts, Sandwich",1,10.0,USD,4.4,122,4.293,USA,Dalton,0,0
Dub's High on the Hog,Calhoun,BBQ,2,25.0,USD,4.4,207,4.328,USA,Dalton,0,0
Sierra's Mexican Restaurant,Chatsworth,"Mexican, Tex-Mex",1,10.0,USD,3.9,66,3.957,USA,Dalton,0,0
Oakwood Cafe,Dalton,"BBQ, Breakfast, Southern",1,10.0,USD,4.9,249,4.755,USA,Dalton,0,0
Chili's Grill & Bar,Dalton,American,2,25.0,USD,3.8,63,3.903,USA,Dalton,0,0
Fuji Japanese Steakhouse,Dalton,"Japanese, Sushi",3,40.0,USD,3.8,145,3.86,USA,Dalton,0,0
Las Palmas,Dalton,Mexican,1,10.0,USD,3.8,83,3.887,USA,Dalton,0,0
Tony's Italian Restaurant & Pizza,Dalton,Italian,2,25.0,USD,3.7,116,3.8,USA,Dalton,0,0
Filling Station,Dalton,"American, Burger",1,10.0,USD,4.1,122,4.08,USA,Dalton,0,0
Five Guys Burgers and Fries,Dalton,Fast Food,1,10.0,USD,4.1,142,4.082,USA,Dalton,0,0
Los Pablos,Dalton,Mexican,1,10.0,USD,4.1,114,4.079,USA,Dalton,0,0
Kobe Hibachi & Sushi,Fort Oglethorpe,"American, Japanese, Sushi",2,25.0,USD,4.6,214,4.492,USA,Dalton,0,0
Soho Hibachi,Fort Oglethorpe,Japanese,1,10.0,USD,4.3,116,4.219,USA,Dalton,0,0
Thai Garden,Fort Oglethorpe,Thai,2,25.0,USD,4.2,111,4.148,USA,Dalton,0,0
Southern Bliss Bakery,LaFayette,"Desserts, Sandwich",1,10.0,USD,3.7,25,3.922,USA,Dalton,0,0
Bailey's Bar-B-Que,Ringgold,BBQ,1,10.0,USD,4.1,128,4.081,USA,Dalton,0,0
Farm To Fork,Ringgold,"American, Diner, Southern",1,10.0,USD,4.3,244,4.254,USA,Dalton,0,0
Home Plate Grill,Ringgold,"American, BBQ, Southern",1,10.0,USD,4.2,112,4.148,USA,Dalton,0,0
Pie Slingers Pizzeria,Rock Spring,"Italian, Pizza",1,10.0,USD,4.1,144,4.083,USA,Dalton,0,0
Olive Tree Cafe,Bettendorf,"Indian, Mediterranean, Middle Eastern",2,25.0,USD,4.6,166,4.469,USA,Davenport,0,0
"Red Ginger Sushi, Grill & Bar",Bettendorf,"Sushi, Teriyaki",3,40.0,USD,4.5,208,4.409,USA,Davenport,0,0
Crust Stone Oven Pizza,Bettendorf,"Burger, Pizza",2,25.0,USD,3.9,136,3.936,USA,Davenport,0,0
Jimmy's Pancake House,Bettendorf,"American, Breakfast, Greek",1,10.0,USD,4.0,85,4.012,USA,Davenport,0,0
Trattoria Tiramisu,Bettendorf,Italian,2,25.0,USD,4.1,117,4.08,USA,Davenport,0,0
Prairie Grille at SteepleGate Inn,Davenport,"American, Breakfast",2,25.0,USD,3.4,53,3.707,USA,Davenport,0,0
Tantra Asian Bistro,Davenport,Asian,2,25.0,USD,4.9,474,4.817,USA,Davenport,0,0
Chick-fil-A,Davenport,Fast Food,1,10.0,USD,3.9,125,3.938,USA,Davenport,0,0
Duck City Bistro,Davenport,"American, French",4,70.0,USD,3.7,201,3.766,USA,Davenport,0,0
Azteca,Davenport,Mexican,1,,USD,4.3,167,4.238,USA,Davenport,0,0
China Cafe,Davenport,Chinese,2,25.0,USD,4.0,112,4.01,USA,Davenport,0,0
Exotic Thai Restaurant,Davenport,Thai,2,25.0,USD,4.1,256,4.089,USA,Davenport,0,0
Front Street Brewery,Davenport,American,1,10.0,USD,4.3,123,4.223,USA,Davenport,0,0
Granite City Food & Brewery,Davenport,American,2,25.0,USD,4.0,199,4.006,USA,Davenport,0,0
Los Agaves,Davenport,Mexican,2,25.0,USD,4.1,157,4.084,USA,Davenport,0,0
Machine Shed Restaurant,Davenport,American,2,25.0,USD,4.1,100,4.077,USA,Davenport,0,0
Osaka,Davenport,"Japanese, Sushi",3,40.0,USD,4.2,141,4.156,USA,Davenport,0,0
Texas Roadhouse,Davenport,"American, BBQ, Steak",2,25.0,USD,4.2,197,4.166,USA,Davenport,0,0
Hickory Park,Ames,"BBQ, Burger, Desserts",2,25.0,USD,4.5,1025,4.478,USA,Des Moines,0,0
The Cafe,Ames,"American, Coffee and Tea",2,25.0,USD,4.9,570,4.83,USA,Des Moines,0,0
Flying Mango,Beaverdale,"BBQ, Caribbean, Cajun",3,40.0,USD,4.5,674,4.468,USA,Des Moines,0,0
Cool Basil,Clive,"Asian, Sushi, Thai",2,25.0,USD,4.1,496,4.094,USA,Des Moines,0,0
HuHot Mongolian Grill,Clive,"Asian, Chinese",2,25.0,USD,4.0,411,4.003,USA,Des Moines,0,0
Malo,Downtown,"Latin American, Mexican",2,25.0,USD,3.2,113,3.455,USA,Des Moines,0,0
Centro,Downtown,"Italian, Pizza",3,40.0,USD,4.5,1109,4.48,USA,Des Moines,0,0
Fong's Pizza,Downtown,"Chinese, Pizza",2,25.0,USD,4.6,728,4.564,USA,Des Moines,0,0
A Dong Restaurant,Downtown,"Asian, Vegetarian, Vietnamese, Bubble Tea",1,10.0,USD,4.4,659,4.374,USA,Des Moines,0,0
Court Avenue Brewing Company,Downtown,"American, Pizza, Bar Food",3,40.0,USD,4.2,370,4.18,USA,Des Moines,0,0
Django,Downtown,French,3,40.0,USD,4.3,532,4.277,USA,Des Moines,0,0
Miyabi 9,East Village,"Japanese, Sushi",2,25.0,USD,4.8,860,4.758,USA,Des Moines,0,0
Zombie Burger + Drink Lab,East Village,"Burger, Desserts, Vegetarian",1,10.0,USD,4.2,943,4.192,USA,Des Moines,0,0
Tursi's Latin King,Fairground,"American, Italian",4,70.0,USD,4.1,476,4.094,USA,Des Moines,0,0
Tsing Tsao South,Greater South Side,Chinese,1,10.0,USD,4.1,218,4.087,USA,Des Moines,0,0
Bandit Burrito,Johnston,"Breakfast, Mexican, Southwestern",1,10.0,USD,4.0,214,4.006,USA,Des Moines,0,0
Jethro's BBQ,Kingman Place Historic District,"American, BBQ",2,25.0,USD,4.3,699,4.282,USA,Des Moines,0,0
The Machine Shed Restaurant,Urbandale,"American, Breakfast",2,25.0,USD,3.8,308,3.832,USA,Des Moines,0,0
Mi Patria,West Des Moines,Latin American,2,25.0,USD,4.0,157,4.008,USA,Des Moines,0,0
Waterfront Seafood Market,West Des Moines,"Seafood, Sushi",3,40.0,USD,4.2,530,4.186,USA,Des Moines,0,0
The Giggling Goat,Dicky Beach,"Coffee and Tea, Tea, Modern Australian",1,7.0,AUD,3.6,29,3.637,Australia,Dicky Beach,0,0
Burnt Toast Cafe,Dubuque,Breakfast,1,10.0,USD,3.4,33,3.781,USA,Dubuque,0,0
Catfish Charlie's,Dubuque,Seafood,2,25.0,USD,3.3,40,3.707,USA,Dubuque,0,0
Salsa's Mexican Restaurant,Dubuque,Mexican,1,10.0,USD,3.4,153,3.556,USA,Dubuque,0,0
Tony Roma's,Dubuque,"American, BBQ, Seafood",2,25.0,USD,3.3,65,3.618,USA,Dubuque,0,0
Vinny Vanucchi's,Dubuque,Italian,2,25.0,USD,3.4,58,3.693,USA,Dubuque,0,0
Champps Americana,Dubuque,"American, Burger, Sandwich",2,25.0,USD,3.5,100,3.677,USA,Dubuque,0,0
Fiesta Cancun,Dubuque,Mexican,1,10.0,USD,3.6,156,3.705,USA,Dubuque,0,0
Happy Joe's Pizza & Ice Cream,Dubuque,"Desserts, Pizza, Ice Cream",1,,USD,3.5,74,3.715,USA,Dubuque,0,0
Houlihan's,Dubuque,"American, Burger",2,25.0,USD,3.6,117,3.729,USA,Dubuque,0,0
Ichiban Hibachi Steakhouse & Sushi Bar,Dubuque,"Japanese, Steak, Sushi",3,40.0,USD,3.7,83,3.825,USA,Dubuque,0,0
Kalmes Breaktime Bar & Grill,Dubuque,"American, Burger",2,25.0,USD,3.6,48,3.821,USA,Dubuque,0,0
L. May Eatery,Dubuque,"International, Pizza",3,40.0,USD,3.8,198,3.847,USA,Dubuque,0,0
Los Aztecas,Dubuque,Mexican,1,10.0,USD,3.5,126,3.651,USA,Dubuque,0,0
Manna Java World Cafe,Dubuque,"Breakfast, Pizza",1,10.0,USD,3.5,119,3.657,USA,Dubuque,0,0
Mario's Italian Restaurant,Dubuque,"American, Italian",2,25.0,USD,3.6,140,3.714,USA,Dubuque,0,0
Pepper Sprout Incorporated,Dubuque,American,3,40.0,USD,3.6,159,3.703,USA,Dubuque,0,0
Shot Tower Inn,Dubuque,"Italian, Pizza",2,25.0,USD,3.6,131,3.719,USA,Dubuque,0,0
Sunshine Family Restaurant,Dubuque,"American, Breakfast, Burger",1,10.0,USD,3.5,60,3.742,USA,Dubuque,0,0
Watershed Cafe,Dubuque,"American, Burger, Pizza, Cafe",2,25.0,USD,3.7,89,3.82,USA,Dubuque,0,0
Woodfire Grille,Dubuque,"American, Seafood, Steak",4,70.0,USD,3.6,72,3.777,USA,Dubuque,0,0
The Belle General,East Ballina,Cafe,2,20.0,AUD,4.1,56,3.892,Australia,East Ballina,0,0
Jehova es Mi Pastor Tacos y Burritos,Fernley,Mexican,1,10.0,USD,3.7,83,3.825,USA,Fernley,0,0
Flaxton Gardens,Flaxton,"Tea, Modern Australian",3,30.0,AUD,3.5,37,3.591,Australia,Flaxton,0,0
Bespoke Harvest,Forrest,"Cafe, Australian",2,20.0,AUD,3.7,29,3.674,Australia,Forrest,0,0
Houndstooth Grill & Tavern,Braselton,"American, Sandwich, Seafood",2,25.0,USD,4.4,239,4.336,USA,Gainesville,0,0
Hawg Wild BBQ & Catfish House,Clarkesville,"BBQ, Burger, Seafood",1,10.0,USD,4.1,235,4.088,USA,Gainesville,0,0
Bourbon Street Grille,Dahlonega,"American, Burger, Cajun",2,25.0,USD,3.8,88,3.884,USA,Gainesville,0,0
Corkscrew Cafe,Dahlonega,Unknown,3,40.0,USD,3.9,209,3.926,USA,Gainesville,0,0
Smokin Gold BBQ,Dahlonega,BBQ,1,10.0,USD,3.9,133,3.936,USA,Gainesville,0,0
Hoka-Hoka Japanese Steak & Sushi,Dahlonega,"Chinese, Japanese, Thai",1,10.0,USD,4.4,267,4.342,USA,Gainesville,0,0
Shenanigan's Irish Pub,Dahlonega,"Bar Food, Seafood, Vegetarian",2,25.0,USD,4.1,171,4.085,USA,Gainesville,0,0
Fish Tales Lakeside Grille,Flowery Branch,Seafood,2,25.0,USD,3.8,107,3.874,USA,Gainesville,0,0
Antebellum,Flowery Branch,"American, Southern",3,40.0,USD,4.3,164,4.237,USA,Gainesville,0,0
Moonie's Texas Barbecue,Flowery Branch,"BBQ, Sandwich",1,10.0,USD,4.1,182,4.085,USA,Gainesville,0,0
Atlanta Highway Seafood Market,Gainesville,"Sandwich, Seafood, Cajun",2,25.0,USD,4.9,681,4.841,USA,Gainesville,0,0
Eat at Thai,Gainesville,Thai,1,10.0,USD,4.6,357,4.53,USA,Gainesville,0,0
Smoke House BBQ and Catering,Gainesville,BBQ,2,25.0,USD,3.8,89,3.884,USA,Gainesville,0,0
2 Dog,Gainesville,"American, European, Sandwich",2,25.0,USD,4.2,350,4.179,USA,Gainesville,0,0
Longstreet Cafe,Gainesville,Southern,1,10.0,USD,4.3,298,4.262,USA,Gainesville,0,0
Re-Cess,Gainesville,"American, Southern",2,25.0,USD,4.2,319,4.177,USA,Gainesville,0,0
Bodensee,Helen,German,3,40.0,USD,3.8,114,3.871,USA,Gainesville,0,0
Hofer's Bakery & Cafe,Helen,"German, Ice Cream",1,10.0,USD,3.9,136,3.936,USA,Gainesville,0,0
Troll Tavern,Helen,"Burger, German, Sandwich",2,25.0,USD,2.2,108,2.78,USA,Gainesville,0,0
The Nacoochee Village Tavern & Pizzeria,Helen,"Italian, Pizza, Sandwich",1,10.0,USD,4.0,161,4.008,USA,Gainesville,0,0
Blue Bean Love Cafe,Hepburn Springs,"Cafe, Coffee and Tea, Modern Australian",2,20.0,AUD,3.8,192,3.771,Australia,Hepburn Springs,0,0
La Trattoria of Lavandula,Hepburn Springs,"Italian, Fusion, Cafe",1,7.0,AUD,3.8,93,3.75,Australia,Hepburn Springs,0,0
5 Little Pigs,Huskisson,"Breakfast, Modern Australian",2,20.0,AUD,4.1,40,3.855,Australia,Huskisson,0,0
Beach Box Cafe,Inverloch,"Burger, Coffee and Tea, Modern Australian",1,7.0,AUD,3.7,100,3.686,Australia,Inverloch,0,0
Funkey Monkey,Lakes Entrance,"Breakfast, Coffee and Tea",1,7.0,AUD,3.8,97,3.752,Australia,Lakes Entrance,0,0
Burger Queen Drive In,Lakeview,"Burger, Desserts, Sandwich",1,10.0,USD,3.6,41,3.838,USA,Lakeview,0,0
Blue Orchid Thai Restaurant,Haymarket,Thai,2,25.0,USD,4.5,799,4.472,USA,Lincoln,0,0
Stillwater on Belmore,Lorn,"Breakfast, Coffee and Tea",2,20.0,AUD,3.6,18,3.643,Australia,Lorn,0,0
Mr.,Macedon,Cafe,2,20.0,AUD,3.5,31,3.598,Australia,Macedon,0,0
Emilio's Cuban Cafe,Bonaire,"Coffee and Tea, Cuban, Latin American",2,25.0,USD,3.9,146,3.934,USA,Macon,0,0
Ingleside Village Pizza,Macon,"Pizza, Sandwich",1,10.0,USD,4.9,478,4.818,USA,Macon,0,0
Jim Shaw's Seafood Grill & Bar,Macon,Seafood,2,25.0,USD,4.6,467,4.545,USA,Macon,0,0
Mandarin Chinese Restaurant,Macon,"Chinese, Thai",2,25.0,USD,4.5,302,4.434,USA,Macon,0,0
Rookery,Macon,"Burger, Desserts, Bar Food",2,25.0,USD,4.5,289,4.431,USA,Macon,0,0
Dovetail,Macon,Unknown,3,40.0,USD,3.8,102,3.876,USA,Macon,0,0
Bonefish Grill,Macon,"American, Seafood",3,40.0,USD,4.1,293,4.09,USA,Macon,0,0
Downtown Grill,Macon,Steak,4,70.0,USD,4.0,195,4.007,USA,Macon,0,0
Greek Corner Deli,Macon,"Desserts, Greek, Sandwich",1,10.0,USD,4.3,244,4.254,USA,Macon,0,0
Natalia's,Macon,"European, Italian, Mediterranean",4,70.0,USD,4.2,379,4.18,USA,Macon,0,0
Papouli's Mediterranean Cafe & Market,Macon,"Greek, Mediterranean, Vegetarian",1,10.0,USD,4.2,223,4.169,USA,Macon,0,0
Benson's Steak and Sushi,Warner Robins,"American, Chinese, Sushi",2,25.0,USD,3.7,243,3.757,USA,Macon,0,0
My Fathers Place,Warner Robins,Italian,2,25.0,USD,3.7,104,3.808,USA,Macon,0,0
Sushi Thai Restaurant,Warner Robins,"Japanese, Sushi, Thai",1,10.0,USD,3.7,153,3.782,USA,Macon,0,0
The Mellow Mushroom,Warner Robins,"Pizza, Sandwich, Vegetarian",2,25.0,USD,3.8,323,3.831,USA,Macon,0,0
El Jalisciense Mexican Restaurant,Warner Robins,Mexican,1,10.0,USD,4.1,181,4.085,USA,Macon,0,0
Greek Village,Warner Robins,"American, Greek, Seafood",2,25.0,USD,4.0,316,4.004,USA,Macon,0,0
Martin's BBQ,Warner Robins,BBQ,2,25.0,USD,4.2,288,4.175,USA,Macon,0,0
Thai Pepper,Warner Robins,"Japanese, Sushi, Thai",1,10.0,USD,4.0,232,4.006,USA,Macon,0,0
Zen Japanese Steakhouse and Sushi Bar,Warner Robins,"Japanese, Steak, Sushi",3,40.0,USD,4.1,314,4.091,USA,Macon,0,0
Star Buffet,Mayfield,Asian,2,20.0,AUD,2.9,11,3.522,Australia,Mayfield,0,0
Triangle Restaurant,Mc Millan,"Breakfast, Burger",1,10.0,USD,2.4,17,3.618,USA,Mc Millan,0,0
Three Anchors,Middleton Beach,"Bar Food, Modern Australian",3,30.0,AUD,3.8,176,3.769,Australia,Middleton Beach,0,0
HI Lite Bar & Lounge,Miller,Unknown,1,,USD,3.4,11,3.918,USA,Miller,0,0
Vince's Restaurant & Pizzeria,Monroe,"Italian, Pizza",2,25.0,USD,3.6,65,3.788,USA,Monroe,0,0
Poets Cafe,Montville,"Coffee and Tea, Modern Australian",3,30.0,AUD,2.4,193,2.659,Australia,Montville,0,0
The Artesian Restaurant,Ojo Caliente,"American, International, Southwestern",3,40.0,USD,3.6,30,3.87,USA,Ojo Caliente,0,0
Cev_che Tapas Bar & Restaurant,Church Street District,"Spanish, Tapas",3,40.0,USD,4.4,981,4.382,USA,Orlando,0,0
'Ohana,Disney World Area,Hawaiian,3,45.0,USD,4.5,1151,4.481,USA,Orlando,0,0
Earl of Sandwich,Disney: Downtown Disney,"American, Sandwich, Salad",3,35.0,USD,4.7,1341,4.676,USA,Orlando,0,0
Raglan Road Irish Pub and Restaurant,Disney: Downtown Disney,Irish,4,50.0,USD,4.3,782,4.284,USA,Orlando,0,0
Caf Tu Tu Tango,I-Drive/Universal,"New American, Tapas",3,40.0,USD,4.6,1293,4.579,USA,Orlando,0,0
Texas de Brazil,I-Drive/Universal,"Brazilian, Steak",4,100.0,USD,4.6,2324,4.588,USA,Orlando,0,0
Bahama Breeze Island Grille,I-Drive/Universal,Caribbean,3,45.0,USD,4.3,910,4.286,USA,Orlando,0,0
Maggiano's Little Italy,I-Drive/Universal,Italian,4,50.0,USD,4.4,886,4.38,USA,Orlando,0,0
Hawkers Asian Street Fare,Mills 50,"Asian, Thai",3,35.0,USD,4.6,1293,4.579,USA,Orlando,0,0
Tako Cheena by Pom Pom,Mills 50,"Asian, Latin American, Vegetarian",1,10.0,USD,4.4,570,4.37,USA,Orlando,0,0
Seasons 52 Fresh Grill,Restaurant Row,American,4,60.0,USD,4.4,1685,4.389,USA,Orlando,0,0
Hollerbach's Willow Tree Caf,Sanford,German,3,40.0,USD,4.8,1699,4.778,USA,Orlando,0,0
Pom Pom's Teahouse and Sandwicheria,The Milk District,"American, Sandwich, Tea",2,25.0,USD,4.9,1457,4.871,USA,Orlando,0,0
Yellow Dog Eats,Windermere,"American, BBQ, Sandwich",3,35.0,USD,4.9,1252,4.867,USA,Orlando,0,0
Tibby's New Orleans Kitchen,Winter Park,Cajun,2,25.0,USD,4.7,1412,4.677,USA,Orlando,0,0
The Coop,Winter Park,"Southern, Cajun, Soul Food",2,25.0,USD,3.6,432,3.645,USA,Orlando,0,0
Bosphorous Turkish Cuisine,Winter Park,"Mediterranean, Turkish",3,40.0,USD,4.2,568,4.186,USA,Orlando,0,0
Ethos Vegan Kitchen,Winter Park,"American, Breakfast, Vegetarian",2,25.0,USD,4.4,797,4.378,USA,Orlando,0,0
Hillstone,Winter Park,Unknown,3,40.0,USD,4.4,1158,4.385,USA,Orlando,0,0
The Ravenous Pig,Winter Park,Pub Food,3,40.0,USD,4.4,1998,4.391,USA,Orlando,0,0
Vivo Bar and Grill,Palm Cove,"Mediterranean, Seafood",3,30.0,AUD,4.4,381,4.314,Australia,Palm Cove,0,0
Pier 70,Paynesville,Modern Australian,4,120.0,AUD,2.6,16,3.402,Australia,Paynesville,0,0
DiVine,Penola,"Cafe, Coffee and Tea, Sandwich",2,20.0,AUD,3.4,19,3.587,Australia,Penola,0,0
Cactus Flower Cafe Navarre,Navarre,"Mexican, Southwestern, Tex-Mex",2,25.0,USD,4.2,635,4.188,USA,Pensacola,0,0
McGuire's Irish Pub & Brewery,Pensacola,"Burger, Bar Food, Steak",3,40.0,USD,4.9,2238,4.881,USA,Pensacola,0,0
New Yorker Deli & Pizzeria,Pensacola,"Italian, Pizza, Sandwich",1,10.0,USD,4.6,792,4.566,USA,Pensacola,0,0
Tu-Do Vietnamese Restaurant,Pensacola,"Asian, Vietnamese",1,10.0,USD,4.5,828,4.473,USA,Pensacola,0,0
Carrabba's Italian Grill,Pensacola,"Italian, Pizza, Seafood",3,40.0,USD,3.7,292,3.749,USA,Pensacola,0,0
Jaco's Bayfront Bar and Grille,Pensacola,Tapas,2,25.0,USD,3.9,502,3.912,USA,Pensacola,0,0
The Tin Cow,Pensacola,"Burger, Bar Food",2,25.0,USD,3.7,559,3.727,USA,Pensacola,0,0
Cactus Flower Cafe,Pensacola,"Latin American, Mexican, Southwestern",2,25.0,USD,4.2,1268,4.194,USA,Pensacola,0,0
Dharma Blue,Pensacola,"Seafood, Sushi",3,40.0,USD,4.1,669,4.095,USA,Pensacola,0,0
Global Grill,Pensacola,"European, International, Tapas",3,40.0,USD,4.4,900,4.381,USA,Pensacola,0,0
Ichiban,Pensacola,"Japanese, Sushi",2,25.0,USD,4.3,765,4.284,USA,Pensacola,0,0
The Fish House,Pensacola,"American, Seafood, Sushi",3,40.0,USD,4.0,1270,4.001,USA,Pensacola,0,0
Tuscan Oven,Pensacola,"Italian, Mediterranean, Pizza",2,25.0,USD,4.1,502,4.094,USA,Pensacola,0,0
Flounders Chowder House,Pensacola Beach,Seafood,3,40.0,USD,3.9,724,3.909,USA,Pensacola,0,0
Hemingway's Island Grill,Pensacola Beach,"Caribbean, Seafood, Steak",3,40.0,USD,3.5,479,3.55,USA,Pensacola,0,0
Native Cafe,Pensacola Beach,"Breakfast, Burger",2,25.0,USD,4.2,591,4.187,USA,Pensacola,0,0
Peg Leg Pete's,Pensacola Beach,"Burger, Sandwich, Seafood",3,40.0,USD,4.4,1408,4.387,USA,Pensacola,0,0
The Grand Marlin,Pensacola Beach,"Caribbean, Seafood",3,40.0,USD,4.3,905,4.286,USA,Pensacola,0,0
Original Georgios Authentic Greek Food,Perdido Key,Greek,1,10.0,USD,4.7,816,4.661,USA,Pensacola,0,0
Fisherman's Corner,Perdido Key,"Sandwich, Seafood, Cajun",3,40.0,USD,4.4,747,4.377,USA,Pensacola,0,0
Mad Cowes Cafe,Phillip Island,"Breakfast, Coffee and Tea, Modern Australian",2,20.0,AUD,3.7,351,3.695,Australia,Phillip Island,0,0
Rupes Burgers,Blackfoot,"Burger, Fast Food",1,10.0,USD,3.7,104,3.808,USA,Pocatello,0,0
Texas Roadhouse,Chubbuck,"American, BBQ, Steak",3,45.0,USD,3.5,83,3.7,USA,Pocatello,0,0
Riverwalk Cafe,Lava Hot Springs,"Asian, Thai",1,10.0,USD,3.6,91,3.753,USA,Pocatello,0,0
Royal Hotel,Lava Hot Springs,"Pizza, Bar Food",1,,USD,3.6,59,3.798,USA,Pocatello,0,0
Buddy's Italian Restaurant,Pocatello,"Italian, Pizza, Sandwich",3,40.0,USD,3.7,222,3.761,USA,Pocatello,0,0
Butterburrs,Pocatello,"American, Breakfast",3,30.0,USD,3.6,121,3.726,USA,Pocatello,0,0
Chang Garden,Pocatello,Chinese,1,10.0,USD,3.5,93,3.686,USA,Pocatello,0,0
Fifth Street Bagelry,Pocatello,"Coffee and Tea, Sandwich",1,10.0,USD,3.8,136,3.862,USA,Pocatello,0,0
Goody's Deli,Pocatello,"Pizza, Sandwich",1,10.0,USD,3.8,160,3.855,USA,Pocatello,0,0
Grecian Key Restaurant,Pocatello,"American, Greek",2,25.0,USD,3.7,152,3.782,USA,Pocatello,0,0
Outer Limits Fun Zone,Pocatello,"Burger, Pizza, Sandwich",1,10.0,USD,3.5,57,3.749,USA,Pocatello,0,0
Portneuf Valley Brewing,Pocatello,"American, Pizza",2,25.0,USD,3.7,191,3.769,USA,Pocatello,0,0
Sandpiper Restaurant & Lounge,Pocatello,"American, Seafood, Steak",3,40.0,USD,3.6,85,3.76,USA,Pocatello,0,0
Senor Iguanas,Pocatello,Mexican,1,,USD,3.6,108,3.737,USA,Pocatello,0,0
Sushi Family,Pocatello,"Asian, Sushi, Vegetarian",2,25.0,USD,3.6,132,3.719,USA,Pocatello,0,0
Taste of India Nepal,Pocatello,"Indian, International, Vegetarian",2,25.0,USD,3.8,141,3.861,USA,Pocatello,0,0
Thai Paradise,Pocatello,"Desserts, Thai",2,25.0,USD,3.7,162,3.778,USA,Pocatello,0,0
The Bridge,Pocatello,New American,3,40.0,USD,3.6,144,3.711,USA,Pocatello,0,0
El Herradero,Pocatello,Mexican,1,10.0,USD,4.1,365,4.092,USA,Pocatello,0,0
Barrett Junction Cafe,Potrero,"American, BBQ, Burger",2,25.0,USD,3.3,9,3.921,USA,Potrero,0,0
Blue Point Grill,Princeton,Seafood,4,70.0,USD,4.0,542,4.003,USA,Princeton,0,0
Giovanni's Shrimp Truck,Kahuku,Seafood,2,25.0,USD,4.5,691,4.468,USA,Rest of Hawaii,0,0
Kona Brewing Company,Kailua Kona,"American, Pizza, Bar Food",3,35.0,USD,4.7,764,4.659,USA,Rest of Hawaii,0,0
Leonard's Bakery,Kaimuki,Unknown,1,10.0,USD,4.7,707,4.656,USA,Rest of Hawaii,0,0
Coconuts Fish Cafe,Kihei,Seafood,3,30.0,USD,4.5,487,4.456,USA,Rest of Hawaii,0,0
Kihei Caffe,Kihei,"American, Hawaiian",1,10.0,USD,4.5,695,4.469,USA,Rest of Hawaii,0,0
Monkeypod Kitchen by Merriman,Kihei,Burger,3,40.0,USD,4.2,485,4.184,USA,Rest of Hawaii,0,0
Sansei Seafood Restaurant & Sushi Bar,Kihei,"Japanese, Seafood, Sushi",3,40.0,USD,4.2,807,4.19,USA,Rest of Hawaii,0,0
Star Noodle,Lahaina,Asian,1,10.0,USD,4.6,723,4.563,USA,Rest of Hawaii,0,0
Aloha Mixed Plate,Lahaina,"Asian, Breakfast, Hawaiian",1,10.0,USD,4.2,874,4.191,USA,Rest of Hawaii,0,0
Gazebo,Lahaina,"Breakfast, Burger",2,25.0,USD,4.4,552,4.369,USA,Rest of Hawaii,0,0
Hula Grill,Lahaina,"Hawaiian, Seafood, Steak",3,40.0,USD,4.3,1056,4.288,USA,Rest of Hawaii,0,0
Kimo's,Lahaina,"Hawaiian, Seafood, Steak",3,40.0,USD,4.3,707,4.282,USA,Rest of Hawaii,0,0
Mama's Fish House,Paia,"Hawaiian, Seafood",4,70.0,USD,4.9,1343,4.869,USA,Rest of Hawaii,0,0
Marukame Udon,Waikiki,Japanese,1,10.0,USD,4.9,602,4.833,USA,Rest of Hawaii,0,0
Yard House,Waikiki,"American, Asian, Burger",3,40.0,USD,4.6,1078,4.575,USA,Rest of Hawaii,0,0
Lulu's Waikiki,Waikiki,American,2,25.0,USD,3.9,232,3.923,USA,Rest of Hawaii,0,0
Duke's Waikiki,Waikiki,"Hawaiian, Seafood, Steak",4,70.0,USD,4.4,1492,4.388,USA,Rest of Hawaii,0,0
Eggs 'n Things,Waikiki,Breakfast,1,10.0,USD,4.0,535,4.003,USA,Rest of Hawaii,0,0
Roy's,Waikiki,"Asian, European, Seafood",4,70.0,USD,4.2,531,4.186,USA,Rest of Hawaii,0,0
Wailana Coffee House,Waikiki,"American, Breakfast, Hawaiian",2,25.0,USD,4.2,694,4.189,USA,Rest of Hawaii,0,0
The Lady & Sons,Savannah,Southern,3,40.0,USD,3.3,1201,3.329,USA,Savannah,0,0
Green Truck Pub,Savannah,Burger,3,40.0,USD,4.7,906,4.665,USA,Savannah,0,0
Leopold's Ice Cream,Savannah,"Desserts, Sandwich, Ice Cream",1,10.0,USD,4.6,880,4.569,USA,Savannah,0,0
Mrs. Wilkes' Dining Room,Savannah,"American, Southern",3,40.0,USD,4.5,1014,4.478,USA,Savannah,0,0
Zunzi's,Savannah,"International, Mediterranean, Sandwich",2,25.0,USD,4.5,796,4.472,USA,Savannah,0,0
Moon River Brewing Company,Savannah,"American, Bar Food, Sandwich",2,25.0,USD,3.7,747,3.721,USA,Savannah,0,0
Pirates' House Restaurant,Savannah,"American, Seafood, Steak",3,40.0,USD,3.8,566,3.819,USA,Savannah,0,0
B. Matthew's Eatery,Savannah,"American, Breakfast",2,25.0,USD,4.1,683,4.095,USA,Savannah,0,0
Crystal Beer Parlor,Savannah,"American, Bar Food",2,25.0,USD,4.4,690,4.375,USA,Savannah,0,0
Goose Feathers Cafe and Bakery,Savannah,"Breakfast, Vegetarian",1,10.0,USD,4.2,680,4.189,USA,Savannah,0,0
Henry's,Savannah,"American, Breakfast",1,10.0,USD,4.1,287,4.09,USA,Savannah,0,0
Huey's On The River,Savannah,"Breakfast, Cajun",3,40.0,USD,4.1,802,4.096,USA,Savannah,0,0
J. Christopher's,Savannah,"Breakfast, Diner, Sandwich",2,25.0,USD,4.3,710,4.282,USA,Savannah,0,0
Lulu's Chocolate Bar,Savannah,"Coffee and Tea, Desserts",1,10.0,USD,4.3,456,4.274,USA,Savannah,0,0
Rocks on the River,Savannah,"Pizza, Seafood, Steak",4,70.0,USD,4.0,687,4.002,USA,Savannah,0,0
SOHO South Cafe,Savannah,"Cafe, Sandwich, Southern",2,25.0,USD,4.3,719,4.283,USA,Savannah,0,0
The Olde Pink House,Savannah,"American, Seafood, Southern",4,70.0,USD,4.4,1803,4.39,USA,Savannah,0,0
Vic's On The River,Savannah,American,4,70.0,USD,4.1,558,4.094,USA,Savannah,0,0
The Crab Shack,Tybee Island,Seafood,3,40.0,USD,3.8,883,3.812,USA,Savannah,0,0
Tybee Island Social Club,Tybee Island,Unknown,1,10.0,USD,3.9,309,3.918,USA,Savannah,0,0
Sky On 57,"Bayfront Avenue, Downtown Core","Chinese, Continental, Singaporean",4,300.0,SGD,3.4,34,3.504,Singapore,Singapore,0,0
Cut By Wolfgang Puck,"Bayfront Subzone, Downtown Core","American, Steak",4,270.0,SGD,4.0,33,3.744,Singapore,Singapore,0,0
Restaurant Andre,"Cantonment Road, Outram","French, Mediterranean, European",4,500.0,SGD,3.8,33,3.664,Singapore,Singapore,0,0
Potato Head Folk,"Chinatown, Outram",American,4,80.0,SGD,3.1,34,3.383,Singapore,Singapore,0,0
Jaan,"City Hall, Downtown Core",French,4,430.0,SGD,3.8,35,3.668,Singapore,Singapore,0,0
Rhubarb Le Restaurant,"Duxton Hill, Outram",French,4,315.0,SGD,3.9,33,3.704,Singapore,Singapore,0,0
Al'frank Cookies,"Haji Lane, Rochor",Bakery,2,20.0,SGD,4.2,29,3.804,Singapore,Singapore,0,0
Fratini La Trattoria,"Hillcrest, Bukit Timah",Italian,4,100.0,SGD,4.1,35,3.791,Singapore,Singapore,0,0
Boufe Boutique Cafe,"Kay Siang Road, Tanglin","Italian, French, Bakery, Cafe",3,50.0,SGD,3.2,29,3.437,Singapore,Singapore,0,0
The Refinery Singapore,"Lavender, Kallang","American, Japanese, Singaporean",4,80.0,SGD,3.2,30,3.434,Singapore,Singapore,0,0
Chye Seng Huat Hardware,"Lavender, Kallang",Cafe,3,40.0,SGD,3.7,33,3.625,Singapore,Singapore,0,0
Makansutra Gluttons Bay,"Marina Centre, Downtown Core","Singaporean, Chinese, Seafood, Malay, Indian",3,30.0,SGD,3.0,25,3.383,Singapore,Singapore,0,0
Colony,"Marina Centre, Downtown Core","Asian, Continental, Seafood",4,220.0,SGD,3.8,30,3.659,Singapore,Singapore,0,0
Summer Pavilion,"Marina Centre, Downtown Core","Chinese, Seafood, Cantonese, Dim Sum",4,300.0,SGD,3.9,34,3.707,Singapore,Singapore,0,0
The Lokal,"Neil Road, Outram","Singaporean, Australian, German",4,60.0,SGD,3.1,33,3.386,Singapore,Singapore,0,0
I Am,"North Bridge Road, Rochor","Western, Fusion, Fast Food",4,60.0,SGD,3.2,32,3.429,Singapore,Singapore,0,0
Super Loco,"Robertson Quay, Singapore River","American, Mexican",4,95.0,SGD,3.2,30,3.434,Singapore,Singapore,0,0
Artistry,"Sungai Pinang, Rochor","American, Bakery, European, Burger, Fusion",3,50.0,SGD,3.8,28,3.656,Singapore,Singapore,0,0
Bitters & Love,"Telok Ayer Street, Outram",Finger Food,3,40.0,SGD,3.9,35,3.709,Singapore,Singapore,0,0
Artichoke Cafe,"Victoria, Rochor","Cafe, Spanish, Turkish, Greek",4,75.0,SGD,3.2,33,3.426,Singapore,Singapore,0,0
Archie's Waeside,Le Mars,"Burger, Seafood, Steak",3,40.0,USD,3.7,100,3.811,USA,Sioux City,0,0
Bob Roe's Pizza,Sioux City,"American, Pizza, Bar Food",1,10.0,USD,3.6,92,3.752,USA,Sioux City,0,0
Da Kao Restaurant,Sioux City,"Asian, Vegetarian, Vietnamese",1,10.0,USD,3.8,182,3.85,USA,Sioux City,0,0
Famous Dave's,Sioux City,BBQ,1,10.0,USD,3.6,76,3.772,USA,Sioux City,0,0
Fuji Bay Japanese Restaurant,Sioux City,"Japanese, Sushi",3,40.0,USD,3.7,129,3.793,USA,Sioux City,0,0
HuHot Mongolian Grill,Sioux City,"Asian, Chinese",2,25.0,USD,3.6,94,3.75,USA,Sioux City,0,0
Hunan Palace,Sioux City,Chinese,2,25.0,USD,3.8,129,3.865,USA,Sioux City,0,0
Jerry's Pizza,Sioux City,Pizza,2,25.0,USD,3.8,178,3.851,USA,Sioux City,0,0
Jim's Burgers,Sioux City,Burger,1,10.0,USD,3.7,97,3.813,USA,Sioux City,0,0
Johnnie Mars,Sioux City,"American, Desserts, Diner",1,10.0,USD,3.9,161,3.931,USA,Sioux City,0,0
Miles Inn,Sioux City,American,1,10.0,USD,3.7,122,3.797,USA,Sioux City,0,0
Milwaukee Wiener House,Sioux City,"American, Fast Food",1,10.0,USD,3.8,195,3.847,USA,Sioux City,0,0
Minerva's Food & Cocktails,Sioux City,"American, Seafood, Steak",3,40.0,USD,3.7,146,3.785,USA,Sioux City,0,0
Monterrey Mexican Restaurant,Sioux City,Mexican,1,10.0,USD,3.7,117,3.799,USA,Sioux City,0,0
Rebos,Sioux City,"Caribbean, Mexican, Cajun",2,25.0,USD,3.8,187,3.849,USA,Sioux City,0,0
Tokyo Japanese Steakhouse & Sushi Bar,Sioux City,"Japanese, Steak, Sushi",3,40.0,USD,3.9,239,3.923,USA,Sioux City,0,0
Diamond Thai Cuisine,Sioux City,"Asian, Thai, Vegetarian",1,10.0,USD,4.0,303,4.005,USA,Sioux City,0,0
El Fredo Pizza,Sioux City,Pizza,3,40.0,USD,4.0,280,4.005,USA,Sioux City,0,0
Trattoria Fresco,Sioux City,Italian,2,25.0,USD,4.0,271,4.005,USA,Sioux City,0,0
Kahill's Steak-Fish Chophouse,South Sioux City,"American, Seafood, Steak",4,70.0,USD,3.5,58,3.746,USA,Sioux City,0,0
Rumba Island Bar & Grill,Clearwater,"BBQ, Caribbean, Seafood",2,25.0,USD,4.6,1321,4.579,USA,Tampa Bay,0,0
Red Mesa Cantina,Downtown St Petersburg,"Latin American, Mexican, Southwestern",2,25.0,USD,4.6,1629,4.583,USA,Tampa Bay,0,0
BellaBrava,Downtown St Petersburg,"American, Italian, Seafood",2,25.0,USD,4.1,921,4.097,USA,Tampa Bay,0,0
Ceviche Tapas Bar & Restaurant,Downtown St Petersburg,"Spanish, Tapas",2,25.0,USD,4.1,986,4.097,USA,Tampa Bay,0,0
The Moon Under Water,Downtown St Petersburg,"British, Bar Food, Sandwich",2,25.0,USD,4.1,1020,4.097,USA,Tampa Bay,0,0
Bern's Steak House,Hyde Park,"American, Desserts, Steak",4,70.0,USD,4.7,3157,4.69,USA,Tampa Bay,0,0
Boca Kitchen Bar Market,Hyde Park,Breakfast,3,40.0,USD,3.9,665,3.909,USA,Tampa Bay,0,0
Edison: Food+Drink Lab,Hyde Park,International,4,70.0,USD,3.9,373,3.916,USA,Tampa Bay,0,0
Ceviche Tapas Bar & Restaurant,Hyde Park,"Breakfast, Spanish, Tapas",2,25.0,USD,4.4,1007,4.383,USA,Tampa Bay,0,0
Daily Eats,Hyde Park,"American, Burger",2,25.0,USD,4.4,803,4.378,USA,Tampa Bay,0,0
Salt Rock Grill,Indian Rocks/Indian Shores,"American, Seafood, Steak",3,40.0,USD,4.2,1363,4.194,USA,Tampa Bay,0,0
Mazzaro's Italian Market,Kenwood,"Italian, Deli",1,10.0,USD,4.9,1424,4.871,USA,Tampa Bay,0,0
Conch Republic Grill,Madeira Beach/Redington Beach,"Sandwich, Seafood, Steak",3,40.0,USD,4.5,844,4.474,USA,Tampa Bay,0,0
Mr. Dunderbak's Biergarten and Marketplatz,New Tampa,"European, German",3,40.0,USD,4.9,1413,4.87,USA,Tampa Bay,0,0
Red Mesa Restaurant,Northeast St Petersburg,"Breakfast, Mexican",3,40.0,USD,4.5,1203,4.481,USA,Tampa Bay,0,0
Datz,Palma Ceia,"Desserts, Bar Food",3,40.0,USD,4.7,3074,4.689,USA,Tampa Bay,0,0
Ella's Americana Folk Art Cafe,Seminole Heights,"International, Italian, Southern",3,40.0,USD,4.8,1715,4.778,USA,Tampa Bay,0,0
Taco Bus,Seminole Heights,"Mexican, Vegetarian",1,10.0,USD,4.5,1868,4.488,USA,Tampa Bay,0,0
The Refinery,Seminole Heights,"Seafood, Steak",3,40.0,USD,4.0,875,4.002,USA,Tampa Bay,0,0
Columbia Restaurant,Ybor City,"Cuban, Spanish",3,40.0,USD,4.4,1746,4.39,USA,Tampa Bay,0,0
1918 Bistro & Grill,Tanunda,"Modern Australian, Australian",3,30.0,AUD,4.4,339,4.305,Australia,Tanunda,0,0
Pig and Whistle,Trentham East,Australian,2,20.0,AUD,4.1,87,3.939,Australia,Trentham East,0,0
Buffalo Wild Wings,Valdosta,Bar Food,2,25.0,USD,3.4,98,3.614,USA,Valdosta,0,0
El Toreo Mexican Restaurant,Valdosta,Mexican,2,25.0,USD,3.1,83,3.45,USA,Valdosta,0,0
306 North Restaurant,Valdosta,"Seafood, Southern",3,40.0,USD,3.9,231,3.924,USA,Valdosta,0,0
Austins Cattle Co,Valdosta,"Burger, Seafood, Steak",3,40.0,USD,3.7,216,3.762,USA,Valdosta,0,0
Beijing Cafe,Valdosta,"Asian, Chinese, Thai",3,35.0,USD,3.8,185,3.849,USA,Valdosta,0,0
Bleu Cafe,Valdosta,"Pizza, Sandwich",2,25.0,USD,3.7,185,3.771,USA,Valdosta,0,0
Bleu Pub,Valdosta,"Burger, Bar Food, Vegetarian",1,10.0,USD,3.8,281,3.835,USA,Valdosta,0,0
Bubba Jax Crab Shack,Valdosta,"Fast Food, Seafood",3,40.0,USD,3.7,137,3.789,USA,Valdosta,0,0
Cheddar's Scratch Kitchen,Valdosta,American,2,25.0,USD,3.7,209,3.764,USA,Valdosta,0,0
El Cazador,Valdosta,Mexican,1,10.0,USD,3.7,168,3.776,USA,Valdosta,0,0
Friends Grille and Bar,Valdosta,"American, Southern",2,25.0,USD,3.9,243,3.923,USA,Valdosta,0,0
Giulios Greek & Italian Restaurant,Valdosta,"Greek, Italian",3,40.0,USD,3.8,221,3.843,USA,Valdosta,0,0
La Jalisco Supermercato,Valdosta,Mexican,1,10.0,USD,3.5,46,3.777,USA,Valdosta,0,0
Masato Japanese,Valdosta,"Japanese, Sushi",2,25.0,USD,3.9,262,3.921,USA,Valdosta,0,0
Mom & Dad's Italian Restaurant,Valdosta,Italian,2,25.0,USD,3.7,183,3.771,USA,Valdosta,0,0
Mori's Japanese Steakhouse & Sushi Bar,Valdosta,"Japanese, Steak, Sushi",4,70.0,USD,3.5,208,3.603,USA,Valdosta,0,0
Passage 2 India,Valdosta,"Indian, Middle Eastern",2,25.0,USD,3.8,245,3.839,USA,Valdosta,0,0
Rodeo Mexican Restaurant,Valdosta,Mexican,2,25.0,USD,3.8,199,3.847,USA,Valdosta,0,0
Steel Magnolias,Valdosta,Southern,3,40.0,USD,3.8,225,3.842,USA,Valdosta,0,0
Smok'n Pig B-B-Q,Valdosta,BBQ,2,25.0,USD,4.1,575,4.095,USA,Valdosta,0,0
Blue House Cafe,Vernonia,"Coffee and Tea, Mediterranean",1,10.0,USD,4.3,88,4.203,USA,Vernonia,0,0
Anchorage Cafe Restaurant Wine Bar,Victor Harbor,"Coffee and Tea, Tapas, Australian",2,20.0,AUD,3.6,96,3.62,Australia,Victor Harbor,0,0
Lake House Restaurant,Vineland Station,"Italian, Mediterranean, Pizza",4,70.0,CAD,4.3,204,4.157,Canada,Vineland Station,0,0
Masala Grill & Coffee House,Cedar Falls,"Indian, Middle Eastern",1,10.0,USD,3.2,18,3.812,USA,Waterloo,0,0
Brown Bottle The Cedar Falls,Cedar Falls,"Italian, Pizza, Vegetarian",2,25.0,USD,3.7,134,3.79,USA,Waterloo,0,0
Four Queens Dairy Cream,Cedar Falls,Desserts,1,10.0,USD,3.9,190,3.928,USA,Waterloo,0,0
Hong Kong Chinese Restaurant,Cedar Falls,Chinese,1,10.0,USD,3.8,136,3.862,USA,Waterloo,0,0
HuHot Mongolian Grill,Cedar Falls,"Asian, Chinese",2,25.0,USD,3.7,113,3.802,USA,Waterloo,0,0
J's Homestyle Cooking,Cedar Falls,"American, Breakfast",1,10.0,USD,3.6,69,3.782,USA,Waterloo,0,0
Montage,Cedar Falls,"American, Italian, Seafood",3,40.0,USD,3.6,89,3.755,USA,Waterloo,0,0
Mulligan's Brick Oven Grill,Cedar Falls,"Burger, Pizza, Sandwich",2,25.0,USD,3.6,80,3.766,USA,Waterloo,0,0
Sakura,Cedar Falls,"Japanese, Sushi",3,40.0,USD,3.8,175,3.852,USA,Waterloo,0,0
Scratch,Cedar Falls,"Coffee and Tea, Desserts, Beverages",1,10.0,USD,3.7,136,3.789,USA,Waterloo,0,0
SOHO Sushi Bar & Deli,Cedar Falls,"Sandwich, Sushi, Tapas",2,25.0,USD,3.6,114,3.732,USA,Waterloo,0,0
Texas Roadhouse,Cedar Falls,"American, BBQ, Steak",2,25.0,USD,3.6,93,3.751,USA,Waterloo,0,0
Tony's La Pizzeria,Cedar Falls,"Pizza, Sandwich",2,25.0,USD,3.6,89,3.755,USA,Waterloo,0,0
Chapala,Waterloo,Mexican,2,25.0,USD,3.6,69,3.782,USA,Waterloo,0,0
Galleria de Paco,Waterloo,American,3,40.0,USD,3.6,86,3.759,USA,Waterloo,0,0
Golden China,Waterloo,Chinese,1,10.0,USD,3.7,73,3.835,USA,Waterloo,0,0
Rudy's Tacos,Waterloo,Mexican,2,25.0,USD,3.6,104,3.74,USA,Waterloo,0,0
The Screaming Eagle,Waterloo,"American, Bar Food",1,10.0,USD,3.7,101,3.81,USA,Waterloo,0,0
The Thai Bowl,Waterloo,Thai,1,10.0,USD,3.5,58,3.746,USA,Waterloo,0,0
Tokyo Japanese Steak House,Waterloo,"Japanese, Steak, Sushi",2,25.0,USD,3.9,156,3.932,USA,Waterloo,0,0
Theo Yianni's Authentic Greek Restaurant,Weirton,"Burger, Greek, Sandwich",2,25.0,USD,3.9,156,3.932,USA,Weirton,0,0
Fishpatrick's Crabby Cafe,Winchester Bay,"Burger, Seafood, Steak",2,25.0,USD,3.2,16,3.83,USA,Winchester Bay,0,0
Arigato Sushi,Yorkton,Asian,2,25.0,CAD,3.3,26,3.481,Canada,Yorkton,0,0
Denny's,"Abu Dhabi Mall, Tourist Club Area  (Al Zahiyah)",American,4,190.0,AED,4.6,207,4.529,UAE,Abu Dhabi,0,0
Famous Dave's Barbecue,"Abu Dhabi Mall, Tourist Club Area  (Al Zahiyah)",American,4,260.0,AED,4.6,376,4.557,UAE,Abu Dhabi,0,1
Pizza Di Rocco,Al Dhafrah,"Italian, Pizza",3,150.0,AED,4.4,471,4.384,UAE,Abu Dhabi,1,1
Sofra Istanbul,Al Dhafrah,"Turkish, Arabian, Middle Eastern",2,70.0,AED,4.3,224,4.288,UAE,Abu Dhabi,0,0
Salt,Al Mushrif,"Fast Food, Burger",3,100.0,AED,4.2,228,4.206,UAE,Abu Dhabi,0,0
Genghis Grill,"Al Wahda Mall, Al Wahda",Asian,4,180.0,AED,4.6,81,4.46,UAE,Abu Dhabi,0,0
Olive Garden,"Al Wahda Mall, Al Wahda","Italian, Pizza",4,230.0,AED,4.1,422,4.114,UAE,Abu Dhabi,0,0
Cho Gao - Crowne Plaza Abu Dhabi,"Crowne Plaza Abu Dhabi, Al Markaziya","Thai, Japanese, Chinese, Indonesian, Vietnamese",4,350.0,AED,4.4,246,4.372,UAE,Abu Dhabi,1,1
Gazebo,"Dalma Mall, Mussafah Sanaiya","Indian, North Indian, Mughlai, Biryani",3,120.0,AED,4.0,355,4.029,UAE,Abu Dhabi,1,1
Sangeetha Vegetarian Restaurant,Madinat Zayed,"Indian, South Indian",2,60.0,AED,3.6,268,3.7,UAE,Abu Dhabi,0,1
Hot Palayok,"Madinat Zayed Shopping Centre, Madinat Zayed ","Filipino, Japanese, Asian",3,100.0,AED,4.5,162,4.437,UAE,Abu Dhabi,0,1
Applebee's,"Mushrif Mall, Al Mushrif","American, Mexican, Seafood",4,250.0,AED,4.0,205,4.046,UAE,Abu Dhabi,0,1
Tikka Tonight,Mussafah Sanaiya,"Pakistani, Afghani, Indian, Hyderabadi",2,50.0,AED,4.0,277,4.036,UAE,Abu Dhabi,0,1
Bait El Khetyar,Najda,"Lebanese, Arabian, Middle Eastern",2,70.0,AED,4.0,380,4.027,UAE,Abu Dhabi,0,1
Indian By Nature,Najda,Indian,3,80.0,AED,4.3,180,4.286,UAE,Abu Dhabi,1,1
Via Delhi,Najda,"Indian, North Indian, Chinese",3,100.0,AED,4.0,525,4.02,UAE,Abu Dhabi,0,1
Punjab Grill,"Venetian Village, Al Maqtaa","Indian, North Indian",4,330.0,AED,4.9,216,4.775,UAE,Abu Dhabi,1,0
Tamba,"World Trade Center Mall, Al Markaziya",Indian,4,500.0,AED,4.7,201,4.607,UAE,Abu Dhabi,1,0
P.F. Chang's,"World Trade Center Mall, Al Markaziya",Chinese,4,250.0,AED,4.2,435,4.203,UAE,Abu Dhabi,0,0
The Cheesecake Factory,"Yas Mall, Yas Island","American, Desserts",4,200.0,AED,4.6,586,4.571,UAE,Abu Dhabi,0,0
The Farm,Al Barari,"Mediterranean, Italian, Thai, European",3,280.0,AED,3.9,927,3.917,UAE,Dubai,1,0
Maharaja Bhog,Al Karama,"Indian, Rajasthani",2,90.0,AED,4.1,1448,4.104,UAE,Dubai,1,1
Rasoi Ghar,Al Karama,Indian,2,90.0,AED,4.3,1281,4.297,UAE,Dubai,1,1
Barbeque Nation,Barsha 2,"Indian, North Indian",3,150.0,AED,4.5,307,4.463,UAE,Dubai,1,0
Farzi Cafe,"CITY WALK, Al Safa","International, Indian",3,200.0,AED,4.5,909,4.486,UAE,Dubai,1,0
AB's Absolute Barbecues,Deira City Centre Area,"Continental, Indian",3,160.0,AED,4.9,641,4.852,UAE,Dubai,1,0
Carnival By Tresind,DIFC,Indian,4,500.0,AED,4.9,322,4.81,UAE,Dubai,1,0
AB's Absolute Barbecues,Dubai Media City,"Indian, Continental",3,160.0,AED,4.8,2510,4.789,UAE,Dubai,1,0
Hard Rock Cafe,Festival City,"American, Burger",4,300.0,AED,4.5,1388,4.491,UAE,Dubai,0,0
The Coffee Club,Jumeirah 1,Cafe,3,140.0,AED,4.5,403,4.471,UAE,Dubai,0,1
SALT,"Kite Beach, Umm Suqeim","Fast Food, Burger",3,100.0,AED,4.3,1351,4.298,UAE,Dubai,0,0
Din Tai Fung,"Mall of the Emirates, Barsha 1","Asian, Chinese",3,160.0,AED,4.3,661,4.295,UAE,Dubai,0,0
SpiceKlub,Mankhool,"Indian, North Indian, Street Food",3,150.0,AED,4.4,281,4.375,UAE,Dubai,1,0
Tresind - Nassima Royal Hotel,"Nassima Royal Hotel, Trade Centre Area",Indian,4,500.0,AED,4.9,1352,4.876,UAE,Dubai,1,0
Grand Barbeque Buffet Restaurant,Satwa,"Indian, Asian",3,150.0,AED,4.4,552,4.386,UAE,Dubai,1,1
Red Lobster,"The Dubai Mall,Downtown Dubai","Seafood, American",3,285.0,AED,3.2,506,3.293,UAE,Dubai,0,0
The Cheesecake Factory,"The Dubai Mall,Downtown Dubai","American, Desserts",3,270.0,AED,4.7,2424,4.691,UAE,Dubai,0,0
Parker's,"The Dubai Mall,Downtown Dubai","Cafe, Burger",3,170.0,AED,4.3,386,4.292,UAE,Dubai,0,0
Applebee's,Trade Centre Area,"American, Mexican, Burger",3,250.0,AED,3.7,500,3.748,UAE,Dubai,0,1
Grub Shack,Umm Hurair,"Goan, Chinese, Indian, North Indian",3,130.0,AED,4.3,544,4.294,UAE,Dubai,1,1
Kamat,Abu Shagara,"Indian, North Indian, South Indian, Chinese",3,85.0,AED,3.9,285,3.95,UAE,Sharjah,0,1
Vadakkan Pepper,Abu Shagara,South Indian,3,70.0,AED,3.8,210,3.883,UAE,Sharjah,0,1
Gazebo,Abu Shagara,"Indian, Mughlai, South Indian, Biryani",4,120.0,AED,4.1,372,4.116,UAE,Sharjah,0,1
Katis Restaurant,Al Khan,"Indian, North Indian, Chinese",3,65.0,AED,4.3,316,4.291,UAE,Sharjah,0,0
Zaroob,Al Majaz,Lebanese,4,110.0,AED,3.9,69,4.04,UAE,Sharjah,0,1
Derby,Al Majaz,"Fast Food, American",2,40.0,AED,4.1,33,4.18,UAE,Sharjah,0,0
Nayaab Haandi,Al Majaz,"Pakistani, Indian",4,100.0,AED,4.1,449,4.113,UAE,Sharjah,0,1
Najmat Lahore Restaurant,Al Mareija,"Pakistani, Indian, Mughlai",3,80.0,AED,4.2,504,4.203,UAE,Sharjah,0,1
Saffron,Al Mareija,"Pakistani, Chinese, Indian, Afghani",3,90.0,AED,4.1,192,4.128,UAE,Sharjah,0,1
Pizza Hut,Al Nahda,"Fast Food, Pizza",3,80.0,AED,2.4,154,2.849,UAE,Sharjah,0,0
Al Mukhtar Bakery,Al Nahda,"Bakery, Arabian, Middle Eastern",2,50.0,AED,4.2,142,4.209,UAE,Sharjah,0,0
Aroos Damascus,Al Nud,"Arabian, Middle Eastern",3,60.0,AED,4.2,444,4.203,UAE,Sharjah,0,0
Nando's,"Al Qasba, Al Khan","African, Portuguese",4,160.0,AED,4.2,265,4.205,UAE,Sharjah,0,1
Peking Chinese Restaurant,Halwan Suburb,"Chinese, Thai",4,130.0,AED,3.8,227,3.878,UAE,Sharjah,0,1
TGI Friday's,"Majaz Waterfront, Al Majaz 3","American, Mexican",4,250.0,AED,3.9,357,3.941,UAE,Sharjah,0,1
Rajasthan Al Malaki,Muwailih Commercial,"Indian, North Indian",3,60.0,AED,4.8,459,4.744,UAE,Sharjah,0,0
Applebee's,"Sahara Centre, Al Nahda","American, Mexican, Burger",4,250.0,AED,4.1,197,4.127,UAE,Sharjah,0,1
Paper Fig,University City,"Cafe, Bakery, Desserts",4,150.0,AED,4.5,143,4.431,UAE,Sharjah,0,0
Sis Burger,University City,"Fast Food, Burger",2,50.0,AED,3.8,12,4.149,UAE,Sharjah,0,0
Crafted Blends,University City,Cafe,4,110.0,AED,4.2,43,4.218,UAE,Sharjah,0,0
Jahanpanah,Agra Cantt,"North Indian, Mughlai",3,850.0,INR,3.9,140,3.756,India,Agra,0,0
Rangrezz Restaurant,Agra Cantt,"North Indian, Mughlai",2,700.0,INR,3.5,71,3.439,India,Agra,0,0
Time2Eat - Mama Chicken,Agra Cantt,North Indian,2,500.0,INR,3.6,94,3.514,India,Agra,0,0
Chokho Jeeman Marwari Jain Bhojanalya,Civil Lines,Rajasthani,2,400.0,INR,4.0,87,3.764,India,Agra,0,0
Pinch Of Spice,Civil Lines,"North Indian, Chinese, Mughlai",3,1000.0,INR,4.2,177,4.013,India,Agra,0,0
MoMo Cafe,"Courtyard by Marriott Agra, Tajganj","North Indian, European",4,2000.0,INR,4.0,45,3.659,India,Agra,0,0
Peshawri - ITC Mughal,"ITC Mughal, Tajganj","North Indian, Mughlai",4,2500.0,INR,4.3,133,4.041,India,Agra,0,0
Taj Bano - ITC Mughal,"ITC Mughal, Tajganj",Mughlai,4,2500.0,INR,4.0,41,3.644,India,Agra,0,0
G Thal,Khandari,"Rajasthani, Gujarati, Mughlai",3,800.0,INR,3.6,59,3.486,India,Agra,0,0
Dawat-e-Nawab - Radisson Blu,"Radisson Blu, Tajganj","North Indian, Mughlai",4,3600.0,INR,3.8,46,3.567,India,Agra,0,0
The Latitude - Radisson Blu,"Radisson Blu, Tajganj","North Indian, Chinese, Continental",1,,INR,3.9,103,3.721,India,Agra,0,0
Dasaprakash Restaurant,Rakabganj,"South Indian, Desserts",2,550.0,INR,4.1,121,3.881,India,Agra,0,0
The Charcoal Chimney,Tajganj,"North Indian, Chinese, Continental, Mughlai",3,1100.0,INR,3.4,70,3.38,India,Agra,0,0
Sheroes Hangout,Tajganj,"Cafe, North Indian, Chinese",1,,INR,4.9,77,4.291,India,Agra,0,0
Bon Barbecue,Tajganj,"North Indian, Chinese, Continental",4,1500.0,INR,3.8,57,3.591,India,Agra,0,0
Chapter 1 Cafe,Tajganj,"Cafe, Italian, Mexican, North Indian, Continental",1,,INR,3.9,98,3.715,India,Agra,0,0
Pind Balluchi,Tajganj,"North Indian, Mughlai",3,900.0,INR,3.7,175,3.623,India,Agra,0,0
Pizza Hut,Tajganj,"Italian, Pizza",2,700.0,INR,4.4,134,4.115,India,Agra,0,0
Tea'se Me - Rooftop Tea Boutique,Tajganj,"Chinese, Italian, Continental, North Indian",3,1000.0,INR,4.2,166,4.004,India,Agra,0,0
Thaaliwala,Tajganj,"North Indian, Fast Food",2,700.0,INR,4.1,168,3.928,India,Agra,0,0
650 - The Global Kitchen,Ambavadi,"Chinese, Italian, North Indian, Mexican, Mediterranean, Thai",3,900.0,INR,4.2,1582,4.174,India,Ahmedabad,0,0
Patang - The Revolving Restaurant,Ashram Road,"Continental, Chinese, North Indian",4,1800.0,INR,3.7,1315,3.687,India,Ahmedabad,0,0
Huber & Holly,Bodakdev,"Ice Cream, Desserts, Continental",1,300.0,INR,4.5,217,4.285,India,Ahmedabad,0,1
@Mango,Bodakdev,"North Indian, Continental, Mexican, Italian",3,800.0,INR,4.1,769,4.054,India,Ahmedabad,0,0
Fozzie's Pizzaiolo,Bodakdev,"Pizza, Italian, Beverages, Desserts",3,900.0,INR,4.3,731,4.239,India,Ahmedabad,0,1
La Pino'z Pizza,Bodakdev,"Pizza, Italian",2,500.0,INR,4.4,113,4.079,India,Ahmedabad,0,1
Mocha,Bodakdev,"Cafe, Continental, Desserts",3,1000.0,INR,4.4,944,4.347,India,Ahmedabad,0,1
Blue -  Rooftop Cafe Restaurant Bistro,C G Road,"North Indian, Cafe, Italian, Mexican, Continental",3,1000.0,INR,3.8,63,3.602,India,Ahmedabad,0,1
MoMo Caf - Courtyard By Marriott,"Courtyard By Marriott, Satellite","North Indian, South Indian, Asian, Continental",3,1400.0,INR,3.6,375,3.571,India,Ahmedabad,0,0
Cryo Lab,Ellis Bridge,"Desserts, Ice Cream",2,350.0,INR,4.6,166,4.311,India,Ahmedabad,0,0
Swati Snacks,Ellis Bridge,"Fast Food, Street Food, South Indian",2,450.0,INR,4.4,697,4.33,India,Ahmedabad,0,0
Brick Kitchen,Ghatlodia,"North Indian, Chinese, Continental",3,900.0,INR,4.3,325,4.174,India,Ahmedabad,0,0
Kabir Restaurant,Gurukul,"North Indian, Chinese, Continental, Desserts, Fast Food, Sandwich",2,600.0,INR,3.8,432,3.754,India,Ahmedabad,0,1
Puffizza,Gurukul,"Italian, Fast Food",2,700.0,INR,4.3,744,4.24,India,Ahmedabad,0,1
Cafe Alfresco,Navrangpura,"Cafe, Beverages, Desserts, Pizza",2,700.0,INR,4.0,404,3.929,India,Ahmedabad,0,1
The Cafe Baraco,Navrangpura,"Cafe, Italian",2,600.0,INR,4.4,317,4.257,India,Ahmedabad,0,1
Nini's Kitchen,Prahlad Nagar,"North Indian, Continental, Beverages, Italian, Burger, Healthy Food, Mediterranean",3,950.0,INR,4.5,1138,4.452,India,Ahmedabad,0,1
Yanki Sizzlers,Thaltej,"Continental, Italian, Chinese",3,1200.0,INR,4.1,1041,4.066,India,Ahmedabad,0,0
The Garden Cafe - The Fern,"The Fern, Sola","North Indian, Italian, Asian, South Indian",3,1200.0,INR,4.1,192,3.945,India,Ahmedabad,0,0
Mazzo,Vastrapur,"Cafe, American, Continental, Armenian, Fast Food",2,550.0,INR,3.9,166,3.773,India,Ahmedabad,0,1
Turquoise Villa,Vastrapur,Continental,3,1200.0,INR,4.0,535,3.945,India,Ahmedabad,0,0
Aryan Family's Delight,Civil Lines,"North Indian, South Indian, Fast Food",3,500.0,INR,3.4,57,3.378,India,Allahabad,0,0
Bean Here,Civil Lines,"Cafe, Fast Food",2,350.0,INR,3.3,76,3.321,India,Allahabad,0,0
Bikanerwala,Civil Lines,"North Indian, Street Food, Fast Food",3,500.0,INR,3.2,51,3.275,India,Allahabad,0,0
Dewsis,Civil Lines,"North Indian, Chinese",3,600.0,INR,3.4,99,3.384,India,Allahabad,0,0
Friends Forever,Civil Lines,"North Indian, Chinese",3,600.0,INR,3.4,83,3.382,India,Allahabad,0,0
Hotel Ravisha Continental,Civil Lines,"North Indian, South Indian, Chinese",3,600.0,INR,3.4,18,3.365,India,Allahabad,0,0
KFC,Civil Lines,"American, Fast Food",3,500.0,INR,3.4,58,3.378,India,Allahabad,0,0
McDonald's,Civil Lines,Fast Food,2,400.0,INR,3.3,53,3.325,India,Allahabad,0,0
Pind Balluchi,Civil Lines,"North Indian, Mughlai",3,800.0,INR,3.2,6,3.336,India,Allahabad,0,0
Pizza Hut,Civil Lines,"Italian, Pizza",3,700.0,INR,3.4,35,3.372,India,Allahabad,0,0
Subway,Civil Lines,"Fast Food, American, Salad, Healthy Food",2,400.0,INR,3.4,32,3.371,India,Allahabad,0,0
Tandoor Restaurant,Civil Lines,"North Indian, Chinese",3,500.0,INR,3.2,151,3.238,India,Allahabad,0,0
The BrewMaster,Civil Lines,"North Indian, Chinese, Italian",1,,INR,3.3,49,3.326,India,Allahabad,0,0
The Tamarind Tree,Civil Lines,"South Indian, Chinese",3,500.0,INR,3.4,106,3.385,India,Allahabad,0,0
Cafe El Chico,Civil Lines,"Continental, Italian",4,1000.0,INR,3.6,59,3.486,India,Allahabad,0,0
Eat On,Civil Lines,North Indian,1,200.0,INR,3.7,105,3.588,India,Allahabad,0,0
Hot Stuff,Civil Lines,"North Indian, Fast Food",3,500.0,INR,3.5,105,3.452,India,Allahabad,0,0
Paradise,Civil Lines,"Desserts, Fast Food",3,500.0,INR,3.6,57,3.484,India,Allahabad,0,0
Sagar Ratna,Tagore Town,"South Indian, North Indian, Chinese, Continental",2,400.0,INR,3.5,134,3.46,India,Allahabad,0,0
Moti Mahal Delux,"Vinayak City Centre Mall, Civil Lines","Mughlai, North Indian, Chinese",3,800.0,INR,3.3,58,3.324,India,Allahabad,0,0
Makhan Fish and Chicken Corner,Basant Nagar,"North Indian, Chinese",2,700.0,INR,3.4,345,3.394,India,Amritsar,0,0
Charming Chicken,Basant Nagar,North Indian,1,300.0,INR,3.9,151,3.764,India,Amritsar,0,0
Ahuja Milk Bhandar,Hathi Gate,Beverages,1,100.0,INR,4.0,52,3.682,India,Amritsar,0,0
Crystal Restaurant,INA Colony,"North Indian, Mughlai",3,800.0,INR,3.4,122,3.386,India,Amritsar,0,0
Brijwasi Chat Bhandar,INA Colony,Street Food,1,150.0,INR,3.6,56,3.483,India,Amritsar,0,0
Bubby Fish & Chicken Corner,INA Colony,North Indian,1,300.0,INR,3.5,91,3.448,India,Amritsar,0,0
Bon Gateau,Ranjit Avenue,"Cafe, Bakery, Fast Food",2,500.0,INR,3.4,26,3.368,India,Amritsar,0,0
The Yellow Chilli,Ranjit Avenue,"North Indian, Mughlai, Chinese",3,1200.0,INR,3.4,98,3.384,India,Amritsar,0,0
La Roma Pizzeria,Ranjit Avenue,"Fast Food, Italian",2,400.0,INR,3.5,111,3.454,India,Amritsar,0,0
Sakhis Watz Kukin,Ranjit Avenue,"North Indian, Chinese",2,700.0,INR,3.6,51,3.477,India,Amritsar,0,0
The Kulcha Land,Ranjit Avenue,"North Indian, Street Food",1,200.0,INR,3.9,206,3.793,India,Amritsar,0,0
Shudh Restaurant,Town Hall,"North Indian, South Indian, Chinese, Fast Food",2,600.0,INR,3.4,44,3.374,India,Amritsar,0,0
Bade Bhai Ka Brothers' Dhaba,Town Hall,"North Indian, Fast Food",2,500.0,INR,3.7,94,3.579,India,Amritsar,0,0
Bharawan Da Dhaba,Town Hall,"North Indian, Fast Food",2,500.0,INR,3.5,461,3.486,India,Amritsar,0,0
Brothers Dhaba,Town Hall,North Indian,2,500.0,INR,3.8,276,3.731,India,Amritsar,0,0
Brothers' Amritsari Dhaba,Town Hall,North Indian,2,400.0,INR,3.8,71,3.615,India,Amritsar,0,0
Gurdas Ram Jalebi Wala,Town Hall,Mithai,1,100.0,INR,4.1,104,3.857,India,Amritsar,0,0
Kesar Da Dhabha,Town Hall,North Indian,2,500.0,INR,4.1,878,4.06,India,Amritsar,0,0
Beera Chicken Corner,White Avenue,North Indian,2,500.0,INR,3.8,192,3.707,India,Amritsar,0,0
Surjit Food Plaza,White Avenue,North Indian,3,1000.0,INR,3.5,96,3.449,India,Amritsar,0,0
Kanha Sweets,White Avenue,Fast Food,1,150.0,INR,4.1,140,3.903,India,Amritsar,0,0
Kream N Krunch,Akashwani,"North Indian, Chinese, Continental, Italian",3,800.0,INR,3.6,240,3.557,India,Aurangabad,0,0
Balbeer's Kitchen & Bar,Chicalthana,"Italian, Continental, Chinese, North Indian",3,850.0,INR,3.3,65,3.323,India,Aurangabad,0,0
Angeethi Restaurant,CIDCO,"North Indian, Chinese",2,600.0,INR,3.3,63,3.323,India,Aurangabad,0,0
Domino's Pizza,CIDCO,Pizza,2,700.0,INR,3.1,19,3.283,India,Aurangabad,0,0
Hotel Laadli,CIDCO,"North Indian, South Indian",2,350.0,INR,3.4,46,3.375,India,Aurangabad,0,0
Indiana Veg Restaurant,CIDCO,"South Indian, North Indian, Chinese, Fast Food",2,450.0,INR,3.4,75,3.381,India,Aurangabad,0,0
Madhuban Restaurant - Welcome Hotel Rama International,CIDCO,"North Indian, Chinese, Continental, Italian, Mexican",4,1800.0,INR,3.4,94,3.383,India,Aurangabad,0,0
Mauj Restaurant,CIDCO,"Italian, Fast Food, North Indian, Chinese",2,500.0,INR,3.3,47,3.327,India,Aurangabad,0,0
Naivedya,CIDCO,North Indian,2,500.0,INR,3.4,71,3.38,India,Aurangabad,0,0
d' Curry House,"Hotel Green Olive, Nirala Bazar","Continental, Chinese, Biryani, North Indian",3,1000.0,INR,3.6,73,3.499,India,Aurangabad,0,0
Mokoholic Juice Bar,Mondha,"Juices, Desserts",1,300.0,INR,3.5,21,3.396,India,Aurangabad,0,0
Ashoka's Veg Restaurant,Nirala Bazar,"South Indian, Chinese, North Indian",2,400.0,INR,3.3,46,3.327,India,Aurangabad,0,0
Kareem's Fine Dining,Nirala Bazar,"Mughlai, Biryani",2,700.0,INR,3.3,45,3.327,India,Aurangabad,0,0
That Baat,Nirala Bazar,Maharashtrian,2,450.0,INR,3.4,34,3.371,India,Aurangabad,0,0
Bhoj Restaurant,Nirala Bazar,North Indian,2,450.0,INR,3.7,89,3.575,India,Aurangabad,0,0
Downside Up,Nyay Nagar,"Cafe, Mughlai, North Indian",2,400.0,INR,3.2,8,3.331,India,Aurangabad,0,0
Kareem's Kabab & Biryani,"Prozone Mall, Chicalthana",Mughlai,2,650.0,INR,3.4,39,3.373,India,Aurangabad,0,0
Great Sagar Restaurant,Shahgunj,"North Indian, Mughlai",2,600.0,INR,3.3,74,3.321,India,Aurangabad,0,0
Kailash Restaurant,Usmanpura,"North Indian, Chinese, South Indian, Fast Food",2,450.0,INR,3.3,76,3.321,India,Aurangabad,0,0
Yalla Yalla,Usmanpura,"North Indian, Hyderabadi",2,500.0,INR,3.3,71,3.322,India,Aurangabad,0,0
Sultans of Spice,"BluPetal Hotel, Koramangala","North Indian, Mughlai",3,1300.0,INR,4.1,2416,4.085,India,Bangalore,1,1
The Fatty Bao - Asian Gastro Bar,Indiranagar,Asian,4,2400.0,INR,4.7,2369,4.672,India,Bangalore,1,1
Toit,Indiranagar,"Italian, American, Pizza",4,2000.0,INR,4.8,10934,4.793,India,Bangalore,0,0
Three Dots & A Dash,Indiranagar,"European, Continental",3,1300.0,INR,3.9,1354,3.88,India,Bangalore,1,0
Bombay Brasserie,Indiranagar,Modern Indian,3,1500.0,INR,4.2,231,4.049,India,Bangalore,0,1
Glen's Bakehouse,Indiranagar,"Bakery, Desserts, Cafe",2,800.0,INR,4.0,3533,3.991,India,Bangalore,0,0
Onesta,Indiranagar,"Pizza, Cafe, Italian",2,600.0,INR,4.3,1413,4.268,India,Bangalore,0,1
Onesta,JP Nagar,"Pizza, Cafe, Italian",2,600.0,INR,4.6,781,4.525,India,Bangalore,0,0
ECHOES Koramangala,Koramangala 5th Block,"Continental, American, Italian, North Indian, Chinese, Cafe",2,950.0,INR,4.7,276,4.493,India,Bangalore,0,0
Truffles,Koramangala 5th Block,"American, Burger, Cafe",2,800.0,INR,4.7,9667,4.693,India,Bangalore,0,1
The Black Pearl,Koramangala 5th Block,"North Indian, European, Mediterranean",3,1400.0,INR,4.1,5385,4.093,India,Bangalore,1,0
Eat Street,Koramangala 6th Block,"North Indian, Chinese, Italian, Street Food, Desserts",1,400.0,INR,4.3,753,4.241,India,Bangalore,0,1
Koramangala Social,Koramangala 7th Block,"Continental, American",3,1500.0,INR,4.5,1288,4.457,India,Bangalore,0,0
AB's - Absolute Barbecues,Marathahalli,"European, Mediterranean, North Indian",3,1400.0,INR,4.6,6907,4.591,India,Bangalore,0,0
Flechazo,Marathahalli,"Asian, Mediterranean, North Indian",3,1200.0,INR,4.4,983,4.349,India,Bangalore,1,0
Onesta,New BEL Road,"Pizza, Cafe, Italian",2,600.0,INR,4.6,627,4.508,India,Bangalore,0,0
Communiti,Residency Road,Continental,3,1200.0,INR,4.2,334,4.09,India,Bangalore,0,0
Big Brewsky,Sarjapur Road,"Finger Food, North Indian, Italian, Continental, Thai, South Indian",3,1800.0,INR,4.5,5705,4.49,India,Bangalore,1,1
Hoot,Sarjapur Road,"Continental, Italian, North Indian",3,1400.0,INR,3.9,405,3.84,India,Bangalore,0,0
Farzi Cafe,UB City,Modern Indian,3,1500.0,INR,4.4,754,4.335,India,Bangalore,0,0
Black N White Cafe,Arera Colony,"Cafe, Chinese, North Indian",1,200.0,INR,3.3,51,3.326,India,Bhopal,0,0
Maybe There,Arera Colony,Cafe,2,600.0,INR,3.4,63,3.379,India,Bhopal,0,0
Sagar Gaire Fast Food,Arera Colony,Fast Food,1,250.0,INR,4.9,427,4.738,India,Bhopal,0,0
The Kasbah,Arera Colony,"North Indian, Chinese",2,700.0,INR,3.9,126,3.744,India,Bhopal,0,0
Bake N Shake,Arera Colony,Fast Food,2,500.0,INR,4.2,223,4.045,India,Bhopal,0,0
10 Downing Street,"DB City, Maharana Pratap Nagar","North Indian, Chinese",3,1000.0,INR,4.0,257,3.894,India,Bhopal,0,0
Chi Kitchen,"DB City, Maharana Pratap Nagar",Chinese,3,1000.0,INR,4.0,103,3.788,India,Bhopal,0,0
Pizza Hut,"DB City, Maharana Pratap Nagar",Pizza,2,650.0,INR,4.1,118,3.877,India,Bhopal,0,0
Kafe Kulture,Gulmohar Colony,"Cafe, Fast Food",2,600.0,INR,3.8,98,3.649,India,Bhopal,0,0
Violet Hour,Kohefiza,Bakery,2,500.0,INR,3.8,33,3.53,India,Bhopal,0,0
Bapu Ki Kutia,Maharana Pratap Nagar,"North Indian, Chinese, South Indian, Fast Food",2,550.0,INR,3.5,175,3.467,India,Bhopal,0,0
Da pizzeria,Maharana Pratap Nagar,"Pizza, Italian, Fast Food",2,500.0,INR,3.6,111,3.523,India,Bhopal,0,0
Papa Mexicano,Maharana Pratap Nagar,"Fast Food, Mexican, Tex-Mex",2,350.0,INR,3.6,20,3.423,India,Bhopal,0,0
Bake N Shake,Maharana Pratap Nagar,Fast Food,2,500.0,INR,4.1,103,3.856,India,Bhopal,0,0
Manohar Dairy And Restaurant,Maharana Pratap Nagar,"North Indian, South Indian, Street Food, Bakery",2,400.0,INR,4.4,243,4.221,India,Bhopal,0,0
Manohar Dairy And Restaurant,Peer Gate Area,"North Indian, South Indian, Street Food, Bakery",2,400.0,INR,4.1,238,3.97,India,Bhopal,0,0
Kebabsville - Sayaji Hotel,Sayaji Hotel,North Indian,4,1800.0,INR,4.3,128,4.034,India,Bhopal,0,0
Indian Coffee House,TT Nagar,South Indian,2,500.0,INR,3.9,161,3.77,India,Bhopal,0,0
The Urban Socialite,TT Nagar,"Italian, Mexican, Chinese",3,900.0,INR,3.8,79,3.626,India,Bhopal,0,0
Bake N Shake,TT Nagar,Fast Food,2,500.0,INR,4.3,120,4.021,India,Bhopal,0,0
Tyre Patty,"BMC Bhawani Mall, Sahid Nagar",Cafe,2,500.0,INR,3.9,289,3.819,India,Bhubaneshwar,0,0
Silver Streak,"BMC Bhawani Mall, Sahid Nagar",Chinese,2,550.0,INR,4.1,379,4.013,India,Bhubaneshwar,0,0
Barbeque Nation,Chandrasekharpur,"Mediterranean, Asian, Continental, North Indian, Arabian",3,1200.0,INR,4.6,154,4.294,India,Bhubaneshwar,0,0
Central Perk 7,Chandrasekharpur,"Cafe, Charcoal Grill, Steak",2,600.0,INR,4.5,145,4.206,India,Bhubaneshwar,0,0
The Chicken Dinesty,Chandrasekharpur,"Fast Food, North Indian, Chinese",2,500.0,INR,3.9,247,3.808,India,Bhubaneshwar,0,0
Taste Of China,Chandrasekharpur,Chinese,2,500.0,INR,4.0,145,3.834,India,Bhubaneshwar,0,0
Michael's Kitchen,Gajapati Nagar,"North Indian, Asian, European",2,850.0,INR,3.7,118,3.596,India,Bhubaneshwar,0,0
Mamma Mia - Mayfair Lagoon,"Mayfair Lagoon, Jayadev Vihar","Cafe, Italian, Mexican, Bakery",3,1400.0,INR,4.1,256,3.978,India,Bhubaneshwar,0,0
99 North Restaurant,Patia,"North Indian, Chinese",1,450.0,INR,3.6,173,3.544,India,Bhubaneshwar,0,0
Adda,Patia,"North Indian, Chinese, Mexican, Beverages",2,600.0,INR,3.8,424,3.753,India,Bhubaneshwar,0,0
Chill Ummm,Patia,"Chinese, North Indian, Cafe",1,450.0,INR,3.7,338,3.655,India,Bhubaneshwar,0,0
Lal Qila,Patia,"Mughlai, Chinese, North Indian",2,500.0,INR,3.7,228,3.637,India,Bhubaneshwar,0,0
Richard's Kitchen & Coffee Bar,Patia,"Cafe, Chinese, Fast Food, Seafood",1,450.0,INR,3.8,253,3.726,India,Bhubaneshwar,0,0
Aangan Horizon,Patia,"North Indian, Chinese, Continental",2,900.0,INR,4.0,90,3.769,India,Bhubaneshwar,0,0
Brewberrys The Coffee Bar,Patia,Cafe,1,400.0,INR,4.0,197,3.869,India,Bhubaneshwar,0,0
Chai Break,Patia,"Italian, Cafe, Chinese, Continental",2,800.0,INR,4.3,69,3.902,India,Bhubaneshwar,0,0
JUGAAD JN.,Patia,"North Indian, Rajasthani",1,300.0,INR,4.1,199,3.95,India,Bhubaneshwar,0,0
Cha cTea,Sahid Nagar,"Cafe, Tea",2,500.0,INR,3.8,56,3.589,India,Bhubaneshwar,0,0
Food Fever,Sahid Nagar,"Chinese, North Indian",2,900.0,INR,4.2,49,3.772,India,Bhubaneshwar,0,0
Mainland China,"The Crown, Nayapalli",Chinese,3,1500.0,INR,4.3,345,4.18,India,Bhubaneshwar,0,0
Eram Rooftop,Unit 4,"Asian, Continental",1,400.0,INR,3.5,89,3.447,India,Bhubaneshwar,0,0
The Night Factory,Chandigarh Industrial Area,"North Indian, Chinese, Continental, Pizza",2,850.0,INR,3.7,665,3.676,India,Chandigarh,0,1
Brooklyn Central,"Elante Mall, Chandigarh Industrial Area","American, Cafe",3,1600.0,INR,4.2,676,4.142,India,Chandigarh,0,0
Chili's,"Elante Mall, Chandigarh Industrial Area","Mexican, American, Italian",3,1400.0,INR,4.3,970,4.254,India,Chandigarh,0,1
Kylin Experience,"Elante Mall, Chandigarh Industrial Area","Japanese, Chinese, Thai, Malaysian, Burmese, Asian",3,1600.0,INR,4.1,300,3.993,India,Chandigarh,0,0
Mocha,"Elante Mall, Chandigarh Industrial Area","Continental, Italian, Thai, Finger Food",3,1400.0,INR,4.0,428,3.932,India,Chandigarh,0,0
Pirates of Grill,"Elante Mall, Chandigarh Industrial Area","North Indian, Continental, Asian",3,1200.0,INR,4.0,1022,3.97,India,Chandigarh,0,0
Barbeque Nation,Sector 26,"North Indian, Chinese",3,1300.0,INR,4.5,1450,4.462,India,Chandigarh,0,0
TGI Friday's,Sector 26,"American, Tex-Mex",3,1800.0,INR,4.3,228,4.13,India,Chandigarh,0,0
Pal Dhaba,Sector 28,North Indian,2,700.0,INR,3.8,982,3.778,India,Chandigarh,0,0
Midnight Chef,Sector 35,"North Indian, Chinese, Continental, Italian, Burger",3,1000.0,INR,3.4,502,3.396,India,Chandigarh,0,1
Nik Baker's,Sector 35,"Bakery, Desserts, Cafe",2,650.0,INR,4.1,698,4.05,India,Chandigarh,0,0
OvenFresh,Sector 35,"Cafe, Bakery",2,650.0,INR,4.1,397,4.016,India,Chandigarh,0,0
Super Donuts,Sector 35,"Burger, Fast Food, Desserts, Beverages",1,450.0,INR,4.0,265,3.897,India,Chandigarh,0,1
Taco Bell,Sector 35,"Mexican, Fast Food",2,600.0,INR,4.2,252,4.06,India,Chandigarh,0,1
Karim's,Sector 7,"Mughlai, North Indian",2,800.0,INR,3.3,86,3.319,India,Chandigarh,0,0
Virgin Courtyard,Sector 7,Italian,4,2200.0,INR,4.4,817,4.34,India,Chandigarh,0,0
Burgrill,Sector 8,"Burger, Fast Food",2,500.0,INR,4.5,249,4.308,India,Chandigarh,0,1
Uncle Jack's,Sector 8,"Desserts, American",2,600.0,INR,4.0,356,3.92,India,Chandigarh,0,0
That Madras Place,Adyar,"European, Italian, Desserts",2,800.0,INR,4.2,1810,4.177,India,Chennai,1,1
Haunted,Anna Nagar East,"North Indian, Chinese, Arabian",2,800.0,INR,3.8,519,3.761,India,Chennai,1,1
Pantry d'or,Anna Nagar East,"Continental, Cafe, Italian, Desserts",2,750.0,INR,4.4,1504,4.366,India,Chennai,1,1
Palmshore,Ashok Nagar,"North Indian, Mughlai, Chinese, South Indian",2,850.0,INR,4.2,841,4.152,India,Chennai,1,1
Chili's,"Express Avenue Mall,  Royapettah","Mexican, American, Tex-Mex, Burger",3,1700.0,INR,4.8,1262,4.745,India,Chennai,1,1
Writer's Cafe,Gopalapuram,"Cafe, European",1,450.0,INR,4.2,191,4.024,India,Chennai,0,1
Fusilli Reasons,Kilpauk,Italian,1,350.0,INR,4.6,1510,4.56,India,Chennai,0,0
Ciclo Cafe,Kotturpuram,"Cafe, Continental",3,1100.0,INR,4.1,1004,4.065,India,Chennai,0,0
Kaidi Kitchen,Mylapore,"Italian, Mexican, Chinese, Thai, North Indian",3,1500.0,INR,4.0,1820,3.983,India,Chennai,1,1
Bombay Brasserie,Nungambakkam,North Indian,3,1200.0,INR,4.6,1753,4.565,India,Chennai,1,1
Maplai,Nungambakkam,"South Indian, Chettinad",3,1000.0,INR,4.2,1714,4.176,India,Chennai,1,0
Paradise,Perungudi,"Biryani, North Indian",2,900.0,INR,3.8,1317,3.784,India,Chennai,0,1
L'amandier,RA Puram,"European, Cafe, Italian",3,1200.0,INR,4.3,1607,4.271,India,Chennai,1,1
Palmshore,Ramapuram,"North Indian, Mughlai, Chinese, South Indian",2,850.0,INR,4.4,645,4.325,India,Chennai,1,1
Palmshore,Santhome,"North Indian, Mughlai, Chinese, South Indian",2,850.0,INR,4.3,742,4.24,India,Chennai,1,1
Basil With A Twist,T. Nagar,"Continental, Cafe, Spanish, Italian, European, Greek, Mediterranean",3,1500.0,INR,4.5,1210,4.454,India,Chennai,1,1
Barbeque Nation,T. Nagar,"North Indian, Continental",4,2000.0,INR,4.4,3848,4.387,India,Chennai,0,0
AB's - Absolute Barbecues,Velachery,"North Indian, European, Mediterranean",3,1600.0,INR,4.9,859,4.815,India,Chennai,0,0
Coal Barbecues,Velachery,"North Indian, Mediterranean, Asian, Arabian",3,1400.0,INR,4.6,1267,4.553,India,Chennai,0,0
Pind,Velachery,"North Indian, Chinese",2,900.0,INR,4.0,2272,3.986,India,Chennai,1,0
Kuchi n Kream,Gandhipuram,"Cafe, Continental, Fast Food",3,800.0,INR,4.6,202,4.352,India,Coimbatore,0,1
Haribhavanam Hotel,Peelamedu,"South Indian, Chettinad, North Indian",2,600.0,INR,3.9,318,3.826,India,Coimbatore,0,0
Kites Cafe,Peelamedu,Cafe,2,400.0,INR,3.8,124,3.671,India,Coimbatore,0,1
Zucca Pizzeria,Peelamedu,Pizza,2,600.0,INR,3.5,274,3.477,India,Coimbatore,0,1
Burger Ka Baap,Peelamedu,Fast Food,2,500.0,INR,4.3,147,4.059,India,Coimbatore,0,0
The Cascade Restaurant,Peelamedu,Chinese,3,1200.0,INR,4.1,243,3.972,India,Coimbatore,0,1
24 Plus Cafe & Restaurant,Podanur,"Continental, Fast Food, Desserts, Indian",2,450.0,INR,3.8,24,3.497,India,Coimbatore,0,0
Valarmathi Kongunaatu Samayal,Race Course,"South Indian, Biryani",2,350.0,INR,4.5,380,4.367,India,Coimbatore,0,0
Bird On Tree,Race Course,"Continental, Chinese, Thai, Malaysian, North Indian",3,1200.0,INR,3.8,221,3.717,India,Coimbatore,0,0
Tim's Bistro,Race Course,"North Indian, Continental",2,700.0,INR,3.9,85,3.697,India,Coimbatore,0,1
Batlivala & Khanabhoy,Race Course,"Parsi, North Indian",3,1200.0,INR,4.2,40,3.729,India,Coimbatore,0,0
Cafe Totaram,Race Course,"Cafe, Fast Food",2,600.0,INR,4.0,132,3.822,India,Coimbatore,0,1
Cream Centre,Race Course,"North Indian, Chinese, Italian, Mexican",3,1000.0,INR,4.0,203,3.872,India,Coimbatore,0,0
On The Go,Race Course,"Italian, North Indian, Desserts",4,1500.0,INR,4.0,215,3.878,India,Coimbatore,0,0
Sree Annapoorna,RS Puram,"South Indian, North Indian, Chinese",2,400.0,INR,4.3,225,4.128,India,Coimbatore,0,0
That's Y Food,RS Puram,"North Indian, Biryani",3,1400.0,INR,4.2,299,4.079,India,Coimbatore,0,0
CakeBee,Saibaba Colony,"Bakery, Desserts",2,350.0,INR,4.9,200,4.59,India,Coimbatore,0,1
Yari,Saibaba Colony,"North Indian, Chinese, Street Food",2,700.0,INR,4.2,221,4.044,India,Coimbatore,0,0
Cream Stone,"SMS Hotel, Peelamedu","Desserts, Ice Cream",1,300.0,INR,4.3,161,4.075,India,Coimbatore,0,0
Barbeque Nation,Town Hall,"North Indian, European, Mediterranean",3,1400.0,INR,4.4,505,4.306,India,Coimbatore,0,0
The Punjabi Essence Restaurant,Chukkuwala,"North Indian, Chinese",3,800.0,INR,3.6,102,3.518,India,Dehradun,0,0
Tirupati Restaurant,Chukkuwala,"South Indian, North Indian, Chinese",3,500.0,INR,3.8,115,3.664,India,Dehradun,0,0
Anandam,Hathibarkala Salwala,"Desserts, North Indian, Chinese, South Indian, Fast Food, Street Food",3,650.0,INR,3.9,141,3.757,India,Dehradun,0,0
Town Table Restaurant,Hathibarkala Salwala,"North Indian, Chinese, Continental",4,1000.0,INR,3.9,173,3.777,India,Dehradun,0,0
Kalsang Friends Corner,Hathibarkala Salwala,"Chinese, Thai, Tibetan",3,750.0,INR,4.2,406,4.107,India,Dehradun,0,0
The Great Indian Pub,Jakhan,North Indian,4,1500.0,INR,4.9,50,4.126,India,Dehradun,0,0
BMG - All Day Dining,Jakhan,"Chinese, North Indian, Fast Food",1,,INR,4.3,63,3.881,India,Dehradun,0,0
Punjab Grill,Jakhan,"Mughlai, North Indian",4,1250.0,INR,4.0,98,3.781,India,Dehradun,0,0
TBistro,Karanpur,"North Indian, Chinese",3,550.0,INR,3.8,230,3.72,India,Dehradun,0,0
Y Cafe & Restaurant,Karanpur,Cafe,3,500.0,INR,4.0,94,3.775,India,Dehradun,0,0
Eddie's Patisserie,Krishna Nagar,Bakery,2,350.0,INR,4.1,64,3.772,India,Dehradun,0,0
First Gear Cafe,Malsi,"Cafe, Chinese",3,700.0,INR,3.9,131,3.749,India,Dehradun,0,0
Dunkin Donuts,"Pacific Mall, Jakhan","Burger, Desserts",3,600.0,INR,3.9,101,3.719,India,Dehradun,0,0
Doon Darbar,Paltan Bazaar,"North Indian, Mughlai",3,600.0,INR,3.9,121,3.74,India,Dehradun,0,0
Razzmatazz,Race Course,Cafe,2,400.0,INR,3.9,39,3.592,India,Dehradun,0,0
Barbeque Nation,Rajpur,"North Indian, Mediterranean, Asian, Chinese",4,1600.0,INR,4.4,66,3.948,India,Dehradun,0,0
Black Pepper Restaurant,Rajpur,"North Indian, Chinese",4,1200.0,INR,4.0,175,3.856,India,Dehradun,0,0
Cafe Marigold,Rajpur,"Cafe, Chinese, Fast Food",3,500.0,INR,4.1,104,3.857,India,Dehradun,0,0
Jalapenos,Rajpur,"Cafe, Mexican",3,500.0,INR,4.2,68,3.841,India,Dehradun,0,0
Kalsang AMA Cafe,Rajpur,Cafe,3,600.0,INR,4.2,89,3.895,India,Dehradun,0,0
Desire Foods,Badarpur Border,"Chinese, Fast Food, Bakery",1,250.0,INR,2.9,4,3.088,India,Faridabad,0,0
Knight Rock,Badarpur Border,"North Indian, Chinese",2,500.0,INR,2.8,16,3.03,India,Faridabad,0,0
Punjab Restaurant,Badarpur Border,North Indian,1,150.0,INR,2.8,8,3.061,India,Faridabad,0,0
Raju Dhaba,Badarpur Border,North Indian,1,150.0,INR,2.9,8,3.075,India,Faridabad,0,0
Rakheja Bakery,Badarpur Border,Bakery,1,100.0,INR,2.8,7,3.066,India,Faridabad,0,0
Snax Points,Badarpur Border,"Chinese, North Indian, Fast Food",1,300.0,INR,3.0,4,3.096,India,Faridabad,0,0
Cafe And More,Charmwood Village,"Fast Food, North Indian",1,300.0,INR,2.9,4,3.088,India,Faridabad,0,0
Green Chick Chop,Charmwood Village,"Raw Meats, North Indian, Fast Food",1,350.0,INR,3.0,7,3.091,India,Faridabad,0,0
Kolkata Hot Kathi Rolls,Charmwood Village,"Fast Food, Chinese",1,300.0,INR,2.9,11,3.067,India,Faridabad,0,0
Kebab Xpress,"Crown Interiorz Mall, Sector 35, Faridabad","North Indian, Mughlai",2,600.0,INR,2.8,49,2.953,India,Faridabad,0,1
McDonald's,"Crown Interiorz Mall, Sector 35, Faridabad","Fast Food, Burger",2,500.0,INR,3.4,58,3.263,India,Faridabad,0,0
Suruchi,"Crown Interiorz Mall, Sector 35, Faridabad","North Indian, South Indian, Gujarati, Rajasthani",2,700.0,INR,3.4,233,3.348,India,Faridabad,0,0
Berco's,"Crown Interiorz Mall, Sector 35, Faridabad","Chinese, Thai",3,1100.0,INR,3.8,508,3.738,India,Faridabad,0,1
Dunkin' Donuts,"Crown Interiorz Mall, Sector 35, Faridabad","Burger, Desserts, Fast Food",2,600.0,INR,3.6,98,3.432,India,Faridabad,0,1
The Chocolate Room,"Crown Interiorz Mall, Sector 35, Faridabad","Cafe, Desserts",2,900.0,INR,3.6,59,3.372,India,Faridabad,0,1
KFC,"Crown Interiorz Mall, Sector 35, Faridabad","American, Fast Food, Burger",2,500.0,INR,2.1,57,2.569,India,Faridabad,0,1
Barbeque Nation,"Crown Interiorz Mall, Sector 35, Faridabad",North Indian,3,1600.0,INR,4.0,299,3.872,India,Faridabad,0,0
Yo! China,"Crown Interiorz Mall, Sector 35, Faridabad",Chinese,3,1300.0,INR,4.1,239,3.928,India,Faridabad,0,1
Giani's,"Crown Plaza Mall, Sector 15, Faridabad","Ice Cream, Desserts",1,400.0,INR,3.2,16,3.127,India,Faridabad,0,0
Momo-Cha,"Crown Plaza Mall, Sector 15, Faridabad",Fast Food,1,200.0,INR,2.7,16,3.006,India,Faridabad,0,1
Shree Rathnam,"Crown Plaza Mall, Sector 15, Faridabad","South Indian, North Indian, Chinese",2,800.0,INR,3.4,48,3.249,India,Faridabad,0,1
Mirage Restro Bar,"Crown Plaza Mall, Sector 15, Faridabad","North Indian, Mughlai",3,1000.0,INR,2.4,25,2.869,India,Faridabad,1,0
Gelato Vinto,"Eldeco Station 1 Mall, Sector 12, Faridabad","Desserts, Ice Cream",1,250.0,INR,2.8,12,3.045,India,Faridabad,0,0
Cakes 'n Bakes - Park Plaza,"Park Plaza, Sector 21, Faridabad",Bakery,3,1000.0,INR,3.0,15,3.079,India,Faridabad,0,0
Cafe Bite,"Parsavnath City Mall, Sector 12, Faridabad",Cafe,2,500.0,INR,3.2,19,3.13,India,Faridabad,0,0
Cafe Light,"Parsavnath City Mall, Sector 12, Faridabad","Cafe, Chinese, Fast Food",2,500.0,INR,2.8,8,3.061,India,Faridabad,0,0
Momo-Cha,Sector 10,"North Indian, Chinese",1,450.0,INR,2.8,20,3.017,India,Faridabad,0,0
Oregano India,Sector 10,"Fast Food, Chinese, Italian",2,500.0,INR,3.1,11,3.103,India,Faridabad,0,0
Sagar Bakery,Sector 10,Bakery,1,150.0,INR,3.0,11,3.085,India,Faridabad,0,0
Smugglers,Sector 10,North Indian,1,450.0,INR,3.1,7,3.103,India,Faridabad,0,1
Welcome,Sector 10,"North Indian, Chinese",2,700.0,INR,2.9,13,3.061,India,Faridabad,1,0
Chimney,Sector 11,"North Indian, Mughlai, Chinese",2,800.0,INR,3.3,25,3.169,India,Faridabad,1,1
Chopstick,Sector 11,Chinese,1,300.0,INR,3.0,22,3.072,India,Faridabad,0,0
Hot & Tasty Chinese Food,Sector 11,"North Indian, Chinese",1,450.0,INR,2.6,26,2.931,India,Faridabad,0,0
Sanjha Chulha,Sector 11,"North Indian, Mughlai",2,700.0,INR,2.9,16,3.054,India,Faridabad,0,1
Frontier,Sector 12,Bakery,1,200.0,INR,2.9,7,3.078,India,Faridabad,0,0
Oxy Lounge,Sector 12,"North Indian, Chinese, Italian",3,1500.0,INR,3.1,28,3.102,India,Faridabad,1,1
Al Bake,Sector 15,"North Indian, Chinese",2,600.0,INR,3.2,31,3.14,India,Faridabad,0,1
Anupam Sweet,Sector 15,"North Indian, South Indian, Chinese, Fast Food, Mithai",1,400.0,INR,3.4,70,3.276,India,Faridabad,0,0
Cafe Coffee Day,Sector 15,Cafe,1,450.0,INR,3.3,67,3.216,India,Faridabad,0,0
Chicago Pizza,Sector 15,Pizza,2,600.0,INR,2.7,35,2.937,India,Faridabad,0,0
Crispy Crust,Sector 15,"North Indian, Chinese, Fast Food",2,500.0,INR,3.4,22,3.194,India,Faridabad,0,1
Frontier,Sector 15,Bakery,1,200.0,INR,3.3,17,3.153,India,Faridabad,0,0
Gulab,Sector 15,"North Indian, South Indian, Fast Food, Street Food, Mithai",2,600.0,INR,2.6,39,2.883,India,Faridabad,0,1
Hunger Cure Express,Sector 15,"Fast Food, Beverages",2,500.0,INR,3.3,35,3.184,India,Faridabad,0,0
Maitre Patissier,Sector 15,Bakery,2,500.0,INR,3.4,35,3.225,India,Faridabad,0,0
Momo-Cha,Sector 15,"Chinese, Fast Food",1,400.0,INR,2.7,32,2.946,India,Faridabad,0,0
Nirula's,Sector 15,"Fast Food, Desserts, Ice Cream, Beverages",2,950.0,INR,2.6,14,2.993,India,Faridabad,0,0
The Grub House,Sector 15,"Cafe, North Indian, Chinese, Continental",2,600.0,INR,2.7,17,3.001,India,Faridabad,0,0
Twenty Four Seven,Sector 15,"Fast Food, North Indian",1,300.0,INR,3.4,35,3.225,India,Faridabad,0,0
Cafe Parmesan,Sector 15,Italian,3,1000.0,INR,4.5,799,4.418,India,Faridabad,0,0
Briosca,Sector 15,"Bakery, Fast Food",1,400.0,INR,3.6,62,3.378,India,Faridabad,0,1
Burger Point,Sector 15,"Burger, Fast Food",1,300.0,INR,3.5,24,3.232,India,Faridabad,0,1
Cafe Grub Up,Sector 15,"Cafe, American, Mexican, Italian, Thai",2,900.0,INR,3.8,134,3.611,India,Faridabad,1,0
Cakes At Bhawanas,Sector 15,Bakery,1,400.0,INR,3.5,26,3.239,India,Faridabad,0,0
Chaudhary Bhojnalaya,Sector 15,North Indian,1,400.0,INR,3.6,93,3.426,India,Faridabad,0,0
Chickenette,Sector 15,"Raw Meats, North Indian, Chinese, Fast Food",2,650.0,INR,3.7,280,3.61,India,Faridabad,0,0
Giani,Sector 15,"Ice Cream, Desserts",1,400.0,INR,3.6,70,3.393,India,Faridabad,0,0
Green Chick Chop,Sector 15,"Raw Meats, North Indian, Fast Food",1,350.0,INR,3.5,31,3.255,India,Faridabad,0,0
Hash Stix,Sector 15,Fast Food,1,250.0,INR,3.6,25,3.269,India,Faridabad,0,0
Juice On Go,Sector 15,"Juices, Beverages",1,150.0,INR,3.5,18,3.208,India,Faridabad,0,0
Keventers,Sector 15,Beverages,1,400.0,INR,3.6,27,3.277,India,Faridabad,0,0
MD's Kebabs & Curries,Sector 15,"North Indian, Mughlai, Chinese",2,750.0,INR,3.8,27,3.348,India,Faridabad,0,1
Perfect Bake,Sector 15,"Bakery, Fast Food",1,400.0,INR,3.5,39,3.277,India,Faridabad,0,0
Perfect Bake,Sector 15,"Bakery, Fast Food",1,400.0,INR,3.6,126,3.459,India,Faridabad,0,0
Sethi's Delicacy,Sector 15,"Fast Food, Bakery",1,150.0,INR,3.8,75,3.521,India,Faridabad,0,0
Subway,Sector 15,"American, Fast Food, Salad, Healthy Food",2,500.0,INR,3.5,143,3.397,India,Faridabad,0,0
Caf Bogchi,Sector 15,"Cafe, Italian, Mexican, Continental",2,650.0,INR,4.1,153,3.855,India,Faridabad,0,1
Ashoka Restaurant,Sector 16,North Indian,1,400.0,INR,2.9,43,3.009,India,Faridabad,0,0
Baskin Robbins,Sector 16,Ice Cream,1,300.0,INR,2.9,4,3.088,India,Faridabad,0,1
China Hot Pot,Sector 16,"Chinese, Fast Food",1,400.0,INR,2.5,25,2.902,India,Faridabad,0,0
Handi Chhadeyan Di,Sector 16,North Indian,1,400.0,INR,3.1,26,3.102,India,Faridabad,0,0
Hungrill,Sector 16,"North Indian, Chinese, Continental",2,500.0,INR,3.0,4,3.096,India,Faridabad,0,0
Kant Khana Khazana,Sector 16,North Indian,1,250.0,INR,3.4,22,3.194,India,Faridabad,0,0
Open Yard,Sector 16,"North Indian, Chinese, Continental",2,800.0,INR,3.3,14,3.146,India,Faridabad,1,0
Recipe Badshah,Sector 16,North Indian,1,300.0,INR,3.1,8,3.103,India,Faridabad,0,0
The Chai Cafe,Sector 16,"Cafe, Chinese",1,400.0,INR,3.1,8,3.103,India,Faridabad,0,0
Eat N Treat,Sector 17,"Chinese, North Indian",1,400.0,INR,2.8,20,3.017,India,Faridabad,0,0
Hotel Ekant,Sector 17,"North Indian, Mughlai, Chinese",2,700.0,INR,2.7,39,2.927,India,Faridabad,0,0
Momo-Cha,Sector 17,"North Indian, Chinese",2,600.0,INR,2.7,56,2.89,India,Faridabad,0,1
Paradise Inn,Sector 17,"North Indian, Mughlai, Chinese",2,500.0,INR,2.7,43,2.917,India,Faridabad,0,0
Red Chilli,Sector 17,Chinese,1,300.0,INR,2.8,9,3.057,India,Faridabad,0,0
Shiv Restaurant,Sector 17,North Indian,1,400.0,INR,2.7,20,2.988,India,Faridabad,0,0
Sohan Sweets & Namkeen,Sector 17,Mithai,1,100.0,INR,3.2,41,3.147,India,Faridabad,0,0
The Binge Box Cafe,Sector 17,Cafe,2,500.0,INR,3.4,18,3.182,India,Faridabad,0,0
Tmos Moving Feast,Sector 17,"Chinese, North Indian",2,700.0,INR,3.3,76,3.222,India,Faridabad,0,1
Parkash Dhaba,Sector 19,"North Indian, Chinese",1,200.0,INR,3.0,6,3.092,India,Faridabad,0,0
Sanjha Chulha,Sector 19,"North Indian, Mughlai",2,700.0,INR,3.3,219,3.263,India,Faridabad,0,1
Hareram Bikanerzaika,Sector 21,"Mithai, Street Food",1,200.0,INR,2.8,11,3.049,India,Faridabad,0,0
Kulcha Paaji,Sector 21,Street Food,1,100.0,INR,3.1,12,3.103,India,Faridabad,0,0
Shree Bikaner Misthan Bhandar,Sector 21,"Street Food, South Indian, Mithai",1,350.0,INR,2.8,13,3.041,India,Faridabad,0,0
"The Hub - Gourmet, Bakers & More",Sector 21,"Bakery, Fast Food",1,200.0,INR,3.0,7,3.091,India,Faridabad,0,0
Funk House Cafe,Sector 28,"Cafe, Italian, Salad",2,650.0,INR,2.6,15,2.987,India,Faridabad,0,1
Shiksha Fast Food,Sector 28,"Fast Food, Chinese",1,200.0,INR,2.9,5,3.085,India,Faridabad,0,0
Lalit Kathi Rolls Momos,Sector 29,Fast Food,1,100.0,INR,3.1,9,3.103,India,Faridabad,0,0
Butter & Grace,Sector 31,"North Indian, Chinese, Italian, Fast Food",2,700.0,INR,3.1,7,3.103,India,Faridabad,0,1
Green Chick Chop,Sector 31,"Raw Meats, North Indian, Fast Food",1,350.0,INR,3.1,9,3.103,India,Faridabad,0,0
Snacks Bar,Sector 31,Chinese,1,350.0,INR,2.9,4,3.088,India,Faridabad,0,0
Anupama Sweets & Family Restaurant,Sector 34,"Mithai, North Indian, South Indian, Chinese, Fast Food",1,400.0,INR,2.7,28,2.959,India,Faridabad,0,1
Shree Rathnam,Sector 34,"South Indian, North Indian, Chinese",2,800.0,INR,2.7,29,2.955,India,Faridabad,0,0
Desi Tadka,Sector 37,"North Indian, Mughlai, Chinese",2,500.0,INR,3.0,6,3.092,India,Faridabad,0,0
Destination Live,Sector 37,"North Indian, Mughlai, Chinese",2,500.0,INR,3.3,12,3.141,India,Faridabad,1,0
Kay's Bake Land,Sector 37,"Bakery, Desserts",1,150.0,INR,3.1,19,3.102,India,Faridabad,0,0
Kay's Food Land,Sector 37,"Bakery, Desserts",1,100.0,INR,3.1,14,3.103,India,Faridabad,0,0
Laziz Restaurant,Sector 37,"North Indian, Mughlai",2,600.0,INR,2.8,11,3.049,India,Faridabad,0,0
Le Chef Restro Bar,Sector 37,"North Indian, Chinese",3,1000.0,INR,2.7,70,2.868,India,Faridabad,1,0
Republic of Chicken,Sector 37,"Raw Meats, Fast Food",1,400.0,INR,3.1,18,3.102,India,Faridabad,0,0
Tanishka Restaurant & Caterers,Sector 37,"North Indian, Chinese",1,300.0,INR,2.9,14,3.059,India,Faridabad,0,0
The Tandoori Times,Sector 37,North Indian,2,500.0,INR,2.7,48,2.906,India,Faridabad,0,0
Twist of Italy,Sector 37,"Chinese, Fast Food",1,350.0,INR,3.6,52,3.357,India,Faridabad,0,0
Cravings,Sector 41,"North Indian, Mughlai, Chinese",2,500.0,INR,3.0,4,3.096,India,Faridabad,0,0
Domino's Pizza,Sector 43,"Pizza, Fast Food",2,700.0,INR,2.9,10,3.069,India,Faridabad,0,0
Green Chick Chop,Sector 43,"Raw Meats, North Indian, Fast Food",1,350.0,INR,3.1,5,3.103,India,Faridabad,0,0
Punjabi Culture,Sector 43,"North Indian, Mughlai",2,500.0,INR,2.9,4,3.088,India,Faridabad,0,0
Three Olives,Sector 43,"Italian, Fast Food",2,550.0,INR,2.9,4,3.088,India,Faridabad,0,0
Hunger Cure,Sector 46,"Fast Food, Chinese",2,700.0,INR,3.2,47,3.15,India,Faridabad,0,0
Sanjha Chulha,Sector 46,"North Indian, Mughlai",2,700.0,INR,2.5,79,2.734,India,Faridabad,0,1
Queens Cakes,Sector 46,Bakery,1,200.0,INR,3.5,29,3.249,India,Faridabad,0,0
Invitation Restaurant,Sector 7,"North Indian, South Indian, Chinese, Fast Food",2,500.0,INR,2.7,17,3.001,India,Faridabad,0,1
Kaushik Bakery,Sector 7,Bakery,1,200.0,INR,3.0,9,3.088,India,Faridabad,0,0
Rama Vaishnav Bhojnalaya,Sector 7,"North Indian, Chinese",1,250.0,INR,3.0,7,3.091,India,Faridabad,0,0
Shiv Saras Vyanjan,Sector 7,Mithai,1,100.0,INR,2.9,5,3.085,India,Faridabad,0,0
Shree Bikaner Misthan Bhandar,Sector 7,"Mithai, Bakery, Street Food, Chinese, South Indian",1,300.0,INR,3.0,8,3.089,India,Faridabad,0,0
Shree Bikaner Misthan Bhandar,Sector 7,"Mithai, Street Food",1,150.0,INR,3.1,15,3.103,India,Faridabad,0,0
Standard Family Restaurant,Sector 7,North Indian,1,450.0,INR,2.9,16,3.054,India,Faridabad,0,0
The Hunger End,Sector 7,"North Indian, Chinese",2,500.0,INR,3.0,4,3.096,India,Faridabad,0,0
Anupam Sweets & Restaurant,Sector 86,"North Indian, Chinese, Fast Food",1,450.0,INR,3.0,10,3.086,India,Faridabad,0,1
Caramel,Sector 86,"North Indian, Chinese, Continental",2,600.0,INR,2.9,9,3.072,India,Faridabad,0,0
Chaska Restaurant,Sector 86,"North Indian, Chinese",2,650.0,INR,3.2,24,3.135,India,Faridabad,0,0
Club Pizzeria,Sector 86,Pizza,2,550.0,INR,3.4,19,3.185,India,Faridabad,0,1
Gupha,Sector 86,"North Indian, Chinese",2,500.0,INR,2.9,8,3.075,India,Faridabad,0,0
Indian Gourmet,Sector 86,"North Indian, Chinese, Raw Meats",1,450.0,INR,3.0,8,3.089,India,Faridabad,0,0
Tandoori Zaaika's,Sector 86,"North Indian, Chinese",2,500.0,INR,3.2,39,3.146,India,Faridabad,0,1
TCD Cake & Bake,Sector 86,"Bakery, Fast Food",1,300.0,INR,3.1,10,3.103,India,Faridabad,0,0
The Grill Darbar,Sector 86,"North Indian, Mughlai, Chinese",2,500.0,INR,3.3,17,3.153,India,Faridabad,0,0
Urban Cuisine,Sector 86,"North Indian, Chinese, Mughlai",2,500.0,INR,3.4,37,3.229,India,Faridabad,0,1
Mister Mughal,Sector 86,Mughlai,2,600.0,INR,3.5,33,3.261,India,Faridabad,0,1
The Hub,Sector 9,"Bakery, Fast Food",1,200.0,INR,3.1,9,3.103,India,Faridabad,0,0
Aggarwal Sweets Centre,Suraj Kund,"Mithai, Street Food, Chinese",1,100.0,INR,2.9,4,3.088,India,Faridabad,0,0
Bawarchi,Suraj Kund,"North Indian, Chinese, Mughlai",2,550.0,INR,3.0,14,3.081,India,Faridabad,0,0
D ART of Flavour,Suraj Kund,"North Indian, Chinese",2,500.0,INR,2.8,13,3.041,India,Faridabad,0,0
Italia Cafe by Aura,Suraj Kund,"Fast Food, Beverages",1,400.0,INR,2.8,5,3.076,India,Faridabad,0,0
Pizza Street,Suraj Kund,"Fast Food, Pizza",2,550.0,INR,2.6,12,3.006,India,Faridabad,0,1
Rock Cafe,Suraj Kund,"North Indian, Chinese, South Indian",2,550.0,INR,3.0,8,3.089,India,Faridabad,0,0
Sardaar Ji Chaap & Rolls,Suraj Kund,North Indian,1,300.0,INR,3.1,7,3.103,India,Faridabad,0,0
Spice Wok,Suraj Kund,"North Indian, Chinese",2,600.0,INR,3.1,18,3.102,India,Faridabad,0,0
Vrindavan Sweets & Restaurant,Suraj Kund,"North Indian, Chinese, South Indian, Fast Food",1,350.0,INR,3.0,22,3.072,India,Faridabad,0,0
Yummy Cake,Suraj Kund,Bakery,1,400.0,INR,3.0,4,3.096,India,Faridabad,0,0
Bakers Delight - The Atrium,"The Atrium, Suraj Kund","Bakery, Desserts",2,700.0,INR,3.0,10,3.086,India,Faridabad,0,0
On The Rocks - The  Atrium,"The Atrium, Suraj Kund",Finger Food,3,1400.0,INR,3.1,18,3.102,India,Faridabad,1,0
World Cafe - Vibe by The LaLiT Traveller,"Vibe by The LaLit Traveller, Mathura Road","North Indian, Continental, Chinese",3,1900.0,INR,3.3,56,3.207,India,Faridabad,1,0
Chaudhary Ke Mashhoor Paranthe,Indirapuram,North Indian,1,150.0,INR,2.8,14,3.231,India,Ghaziabad,0,0
Thakur Bakers,Indirapuram,Bakery,1,150.0,INR,3.0,6,3.314,India,Ghaziabad,0,0
FoodByMom,Indirapuram,North Indian,1,300.0,INR,3.6,161,3.541,India,Ghaziabad,0,1
Mr. Brown,Indirapuram,"Fast Food, Cafe, Desserts, Bakery",2,500.0,INR,3.9,52,3.631,India,Ghaziabad,0,1
9 Mars Lounge,"Shipra Mall, Indirapuram","North Indian, Chinese",4,2500.0,INR,2.5,184,2.682,India,Ghaziabad,1,0
Barista,"Shipra Mall, Indirapuram",Cafe,2,650.0,INR,3.4,33,3.371,India,Ghaziabad,0,1
Baskin Robbins,"Shipra Mall, Indirapuram",Ice Cream,1,300.0,INR,3.3,27,3.334,India,Ghaziabad,0,1
Burger King,"Shipra Mall, Indirapuram","Burger, Fast Food",2,500.0,INR,3.4,327,3.394,India,Ghaziabad,0,1
Cafe Coffee Day,"Shipra Mall, Indirapuram",Cafe,1,450.0,INR,3.2,63,3.267,India,Ghaziabad,0,0
Chinese X'Press,"Shipra Mall, Indirapuram",Chinese,2,600.0,INR,2.9,16,3.242,India,Ghaziabad,0,0
Cinch,"Shipra Mall, Indirapuram","North Indian, Chinese, Continental",3,1500.0,INR,2.6,92,2.865,India,Ghaziabad,1,0
Costa Coffee,"Shipra Mall, Indirapuram",Cafe,2,600.0,INR,3.3,60,3.324,India,Ghaziabad,0,0
Domino's Pizza,"Shipra Mall, Indirapuram","Pizza, Fast Food",2,700.0,INR,3.2,17,3.313,India,Ghaziabad,0,0
Dosa X'press,"Shipra Mall, Indirapuram",South Indian,2,500.0,INR,3.0,6,3.314,India,Ghaziabad,0,0
Kebab Xpress,"Shipra Mall, Indirapuram","North Indian, Mughlai",2,600.0,INR,2.7,14,3.209,India,Ghaziabad,0,0
Let's Noodle,"Shipra Mall, Indirapuram",Chinese,2,700.0,INR,2.6,181,2.763,India,Ghaziabad,0,1
McDonald's,"Shipra Mall, Indirapuram","Fast Food, Burger",2,500.0,INR,3.3,150,3.313,India,Ghaziabad,0,1
Mx Corn,"Shipra Mall, Indirapuram",Fast Food,1,100.0,INR,3.1,7,3.321,India,Ghaziabad,0,0
Dunkin' Donuts,"Shipra Mall, Indirapuram","Burger, Desserts, Fast Food",2,600.0,INR,3.6,252,3.559,India,Ghaziabad,0,1
Haldiram's,"Shipra Mall, Indirapuram","North Indian, South Indian, Chinese, Street Food, Fast Food, Mithai, Desserts",2,600.0,INR,3.6,187,3.548,India,Ghaziabad,0,0
Pind Balluchi,"Shipra Mall, Indirapuram","North Indian, Mughlai",3,1000.0,INR,1.8,322,2.009,India,Ghaziabad,1,1
Maini Restaurant,Surya Nagar,"North Indian, Fast Food",1,400.0,INR,3.3,114,3.316,India,Ghaziabad,0,0
The Dosa King,Surya Nagar,"South Indian, North Indian, Chinese",2,550.0,INR,3.2,80,3.258,India,Ghaziabad,0,1
Baba Au Rhum,Anjuna,"Italian, French, Cafe",3,800.0,INR,4.5,280,4.326,India,Goa,0,0
Burger Factory,Anjuna,Fast Food,4,1100.0,INR,4.8,415,4.644,India,Goa,0,0
Club Cubana,Anjuna,Finger Food,4,2000.0,INR,4.4,646,4.325,India,Goa,0,0
Curlies,"Anjuna Beach, Anjuna","Continental, North Indian, Italian, Seafood, Goan",4,1500.0,INR,3.5,1681,3.496,India,Goa,0,0
La Plage,Arambol,"Seafood, French",3,800.0,INR,4.6,302,4.423,India,Goa,0,0
St. Anthony's,Baga,"North Indian, Chinese, Continental, Goan, Seafood",4,1100.0,INR,3.8,911,3.777,India,Goa,0,0
Britto's Bar & Restaurant,Baga,"North Indian, Continental, Chinese, Seafood",4,1400.0,INR,4.3,2191,4.279,India,Goa,0,0
Fat Fish,Baga,"North Indian, Continental, Goan",4,1000.0,INR,4.2,856,4.153,India,Goa,0,0
Martin's Corner,Betalbatim,"Goan, Seafood, Chinese, North Indian",4,1600.0,INR,4.4,1115,4.355,India,Goa,0,0
Infantaria,Calangute,"Italian, Continental, Goan",3,800.0,INR,3.7,1221,3.686,India,Goa,0,0
Souza Lobo,"Calangute Beach, Calangute","North Indian, Continental, Goan",4,1300.0,INR,4.3,918,4.251,India,Goa,0,0
Fisherman's Cove,Candolim,"Goan, North Indian, Chinese",3,700.0,INR,3.8,601,3.766,India,Goa,0,0
Calamari,Candolim,"Goan, Seafood, Chinese",3,800.0,INR,4.2,414,4.109,India,Goa,0,0
The Fisherman's Wharf,Cavelossim,"Continental, Goan, Seafood, North Indian",4,1100.0,INR,4.6,555,4.497,India,Goa,0,0
LPK Waterfront,Nerul,Finger Food,4,1500.0,INR,3.7,516,3.669,India,Goa,0,0
Ritz Classic,Panaji,"Goan, Seafood, North Indian",3,600.0,INR,4.5,840,4.436,India,Goa,0,0
The Black Sheep Bistro,Panaji,"Seafood, Continental, European, German",4,1500.0,INR,4.7,681,4.608,India,Goa,0,0
Cafe Al Fresco by Cantina Bodega,Panaji,Cafe,3,800.0,INR,4.3,265,4.15,India,Goa,0,0
The Fisherman's Wharf,Panaji,"Continental, Goan, Seafood, North Indian",4,1100.0,INR,4.4,323,4.26,India,Goa,0,0
Antares,Vagator,Seafood,4,2000.0,INR,4.2,367,4.098,India,Goa,0,0
K Lab," ILD Trade Centre Mall, Sohna Road","Cafe, Beverages",1,350.0,INR,3.4,16,3.347,India,Gurgaon,0,0
Pind Balluchi," ILD Trade Centre Mall, Sohna Road","North Indian, Mughlai",2,800.0,INR,2.7,80,2.943,India,Gurgaon,1,1
Punjab Grill,"Ambience Mall, Gurgaon","North Indian, Mughlai",4,2000.0,INR,4.3,1887,4.275,India,Gurgaon,1,1
Zambar,"Ambience Mall, Gurgaon","South Indian, Seafood, Kerala",3,1400.0,INR,4.0,802,3.961,India,Gurgaon,1,1
Cakes & More,"Ansal Plaza Mall, Palam Vihar",Bakery,1,250.0,INR,3.0,4,3.306,India,Gurgaon,0,0
Kwality Wall's Swirl's,"Ansal Plaza Mall, Palam Vihar",Ice Cream,1,200.0,INR,3.0,5,3.301,India,Gurgaon,0,0
Yo! Dimsum,"Ansal Plaza Mall, Palam Vihar",Chinese,1,200.0,INR,3.0,10,3.276,India,Gurgaon,0,0
Red,Ardee City,"Japanese, Thai, Chinese",3,1200.0,INR,3.0,57,3.155,India,Gurgaon,0,1
Rocketchefs,Ardee City,"Pizza, Desserts",2,500.0,INR,3.1,4,3.314,India,Gurgaon,0,1
The Fresh Chicken Store,Ardee City,"Raw Meats, Fast Food",1,350.0,INR,2.9,4,3.299,India,Gurgaon,0,0
Club Tokyo - Best Western Skycity Hotel,"Best Western Skycity Hotel, Sector 15, Gurgaon",Japanese,3,1500.0,INR,2.8,13,3.221,India,Gurgaon,1,0
Lattitude - Skycity Hotel,"Best Western Skycity Hotel, Sector 15, Gurgaon","North Indian, Chinese, Continental",4,2500.0,INR,2.9,15,3.231,India,Gurgaon,1,0
Bisque Bakery,"Central Arcade, DLF Phase 2, Gurgaon","Bakery, Fast Food",2,500.0,INR,3.9,415,3.839,India,Gurgaon,0,1
Behrouz Biryani,"Central Plaza Mall, Golf Course Road",Biryani,2,600.0,INR,3.4,36,3.36,India,Gurgaon,0,1
Domino's Pizza,"Central Plaza Mall, Golf Course Road","Pizza, Fast Food",2,700.0,INR,3.4,104,3.377,India,Gurgaon,0,0
Giani,"Central Plaza Mall, Golf Course Road","Ice Cream, Desserts",1,400.0,INR,3.4,70,3.371,India,Gurgaon,0,1
PizzaVito,"Central Plaza Mall, Golf Course Road","Italian, Pizza, Lebanese",2,900.0,INR,3.3,218,3.306,India,Gurgaon,1,1
Shawarma House,"Central Plaza Mall, Golf Course Road",Lebanese,2,500.0,INR,3.4,225,3.387,India,Gurgaon,0,1
Subway,"Central Plaza Mall, Golf Course Road","American, Fast Food, Salad, Healthy Food",2,500.0,INR,2.5,150,2.708,India,Gurgaon,0,1
Asian Bistro,"Central Plaza Mall, Golf Course Road","Chinese, Thai, North Indian, Japanese",3,1600.0,INR,3.8,184,3.7,India,Gurgaon,1,1
BBQ Factory,"Central Plaza Mall, Golf Course Road",North Indian,3,1400.0,INR,3.9,146,3.755,India,Gurgaon,1,1
Faaso's,"Central Plaza Mall, Golf Course Road","North Indian, Fast Food",2,600.0,INR,3.6,33,3.438,India,Gurgaon,0,1
Chaayos,"Central Plaza Mall, Golf Course Road","Cafe, Tea",1,400.0,INR,4.3,48,3.805,India,Gurgaon,0,1
Mosaic - Country Inn & Suites,"Country Inn & Suites by Carlson, Gurgaon","North Indian, Asian, Continental",3,1500.0,INR,3.8,91,3.634,India,Gurgaon,1,0
60 ML - Country Inn & Suites by Carlson,"Country Inn & Suites by Carlson, Sector 12",Finger Food,3,1000.0,INR,3.0,7,3.29,India,Gurgaon,1,0
Mosaic - Country Inn & Suites by Carlson,"Country Inn & Suites by Carlson, Sector 12","Continental, North Indian, Chinese",3,1800.0,INR,3.5,37,3.403,India,Gurgaon,1,0
Big Shot Bar - Country Inn & Suites,"Country Inn & Suites By Carlson, Udyog Vihar","Chinese, Italian, North Indian",4,2200.0,INR,3.5,32,3.397,India,Gurgaon,1,0
Mosaic - Country Inn & Suites By Carlson,"Country Inn & Suites, Sohna Road","North Indian, Chinese, Italian, Continental",3,1300.0,INR,3.4,19,3.35,India,Gurgaon,1,0
Downtown Kitchen & Bar - Courtyard by Marriott,"Courtyard by Marriott, Sushant Lok","Chinese, North Indian, Italian",4,2700.0,INR,3.2,6,3.317,India,Gurgaon,0,0
Di Ghent Boulangerie,"Cross Point Mall, DLF Phase 4","Cafe, Belgian",3,1700.0,INR,3.9,231,3.799,India,Gurgaon,0,0
Khyen Chyen,"Cross Point Mall, DLF Phase 4",Kashmiri,2,800.0,INR,3.7,364,3.655,India,Gurgaon,1,1
The Pint Room,"Cross Point Mall, DLF Phase 4","Finger Food, Continental, Italian",3,1700.0,INR,3.7,127,3.596,India,Gurgaon,1,0
Tughlaq,"Cross Point Mall, DLF Phase 4","North Indian, Mughlai, Chinese, Seafood",3,1000.0,INR,3.5,351,3.479,India,Gurgaon,0,1
Big Wong XL,"Cross Point Mall, DLF Phase 4","Chinese, Thai, Sushi",3,1500.0,INR,4.0,162,3.842,India,Gurgaon,1,1
Bunker,"Cross Point Mall, DLF Phase 4","Continental, North Indian, Chinese, Italian",3,1300.0,INR,4.2,248,4.054,India,Gurgaon,1,0
Culture Cafe,"Cross Point Mall, DLF Phase 4","Mediterranean, Continental",3,1500.0,INR,4.2,144,3.976,India,Gurgaon,1,1
Nowhere Terrace Brewpub Cafe,"Cross Point Mall, DLF Phase 4","Continental, European, Asian, North Indian, Chinese, Italian",3,1600.0,INR,4.1,214,3.954,India,Gurgaon,1,0
Cafe G - Crowne Plaza,"Crowne Plaza, Sector 29","North Indian, Continental, Chinese",4,3500.0,INR,3.9,181,3.777,India,Gurgaon,1,0
Wildfire - Crowne Plaza,"Crowne Plaza, Sector 29",South American,4,5000.0,INR,3.7,131,3.598,India,Gurgaon,1,0
Isabella,"Cyber Greens, DLF Cyber City","North Indian, Mughlai, Chinese",2,700.0,INR,2.8,191,2.91,India,Gurgaon,0,1
Fatburger,"Cyber Hub, DLF Cyber City","American, Mexican",3,1000.0,INR,3.3,793,3.302,India,Gurgaon,1,1
Burma Burma,"Cyber Hub, DLF Cyber City","Asian, Burmese",3,1500.0,INR,4.6,563,4.496,India,Gurgaon,1,0
Pier 38,"Cyber Hub, DLF Cyber City","Persian, Arabian, Lebanese, North Indian",3,1200.0,INR,4.6,177,4.32,India,Gurgaon,0,0
Yum Yum Cha,"Cyber Hub, DLF Cyber City","Chinese, Japanese, Sushi",3,1800.0,INR,4.5,407,4.372,India,Gurgaon,0,0
Amici Cafe,"Cyber Hub, DLF Cyber City","Cafe, Italian, Pizza",3,1200.0,INR,3.7,647,3.674,India,Gurgaon,1,1
Au Bon Pain,"Cyber Hub, DLF Cyber City","Cafe, Bakery",2,600.0,INR,3.7,503,3.667,India,Gurgaon,0,1
California Pizza Kitchen,"Cyber Hub, DLF Cyber City","Pizza, Italian",4,2500.0,INR,3.7,980,3.682,India,Gurgaon,1,1
Chai Point,"Cyber Hub, DLF Cyber City","Tea, Fast Food",1,200.0,INR,3.7,544,3.669,India,Gurgaon,0,1
Cherry Comet,"Cyber Hub, DLF Cyber City","Ice Cream, Desserts",1,400.0,INR,3.6,455,3.573,India,Gurgaon,0,1
Circus,"Cyber Hub, DLF Cyber City","North Indian, Chinese, Italian",3,1250.0,INR,3.9,230,3.798,India,Gurgaon,1,0
Dunkin' Donuts,"Cyber Hub, DLF Cyber City","Burger, Desserts, Fast Food",2,600.0,INR,3.8,701,3.769,India,Gurgaon,0,1
Holy Smoke,"Cyber Hub, DLF Cyber City","Steak, American",3,1800.0,INR,3.6,313,3.563,India,Gurgaon,1,0
Italiano,"Cyber Hub, DLF Cyber City",Italian,3,1500.0,INR,3.6,625,3.58,India,Gurgaon,1,0
Krispy Kreme,"Cyber Hub, DLF Cyber City","Desserts, Beverages",1,350.0,INR,3.9,425,3.84,India,Gurgaon,0,1
Not Just Paranthas,"Cyber Hub, DLF Cyber City",North Indian,3,1100.0,INR,3.6,734,3.583,India,Gurgaon,0,0
Oh! Calcutta,"Cyber Hub, DLF Cyber City","Bengali, Seafood",3,1700.0,INR,3.8,706,3.769,India,Gurgaon,1,1
Olive Bistro,"Cyber Hub, DLF Cyber City","Mediterranean, Italian, European",4,2000.0,INR,3.9,1490,3.882,India,Gurgaon,1,0
Pita Pit,"Cyber Hub, DLF Cyber City","Healthy Food, Salad",2,600.0,INR,3.9,870,3.869,India,Gurgaon,0,1
Raasta,"Cyber Hub, DLF Cyber City","Continental, Italian",4,2000.0,INR,3.8,1065,3.779,India,Gurgaon,1,1
Red Mango,"Cyber Hub, DLF Cyber City","Cafe, Desserts",2,700.0,INR,3.6,365,3.568,India,Gurgaon,0,1
Rred Hot Asian Bistro,"Cyber Hub, DLF Cyber City","Chinese, Japanese, Thai, Asian",3,1400.0,INR,3.5,384,3.48,India,Gurgaon,1,1
Smaaash,"Cyber Hub, DLF Cyber City","North Indian, Thai, Continental",3,1400.0,INR,3.9,622,3.858,India,Gurgaon,0,0
Starbucks,"Cyber Hub, DLF Cyber City",Cafe,2,700.0,INR,3.9,560,3.853,India,Gurgaon,0,0
Sutra Gastropub,"Cyber Hub, DLF Cyber City","Mediterranean, European, American, North Indian",4,2300.0,INR,3.8,1046,3.779,India,Gurgaon,0,0
Taco Bell,"Cyber Hub, DLF Cyber City","Mexican, Fast Food",2,550.0,INR,3.8,176,3.696,India,Gurgaon,0,1
The People & Co.,"Cyber Hub, DLF Cyber City","Continental, Italian",3,1700.0,INR,3.7,173,3.617,India,Gurgaon,1,0
Theobroma,"Cyber Hub, DLF Cyber City","Bakery, Cafe",2,600.0,INR,3.8,227,3.715,India,Gurgaon,0,1
Wendy's,"Cyber Hub, DLF Cyber City","Burger, Fast Food",1,400.0,INR,3.9,296,3.818,India,Gurgaon,0,1
The Wine Company,"Cyber Hub, DLF Cyber City","Italian, European",4,2000.0,INR,2.4,2412,2.419,India,Gurgaon,1,0
Cafe Delhi Heights,"Cyber Hub, DLF Cyber City","Continental, American, Italian, Seafood, North Indian, Cafe",4,2000.0,INR,4.0,1840,3.982,India,Gurgaon,0,0
Cyber Hub Social,"Cyber Hub, DLF Cyber City","Continental, American, Asian, North Indian",3,1500.0,INR,4.3,716,4.237,India,Gurgaon,1,1
Delifrance - The France Cafe Bakery,"Cyber Hub, DLF Cyber City","Cafe, Bakery, Desserts",2,800.0,INR,4.0,199,3.866,India,Gurgaon,1,1
Dhaba By Claridges,"Cyber Hub, DLF Cyber City",North Indian,4,2000.0,INR,4.0,1658,3.98,India,Gurgaon,1,1
Farzi Cafe,"Cyber Hub, DLF Cyber City",Modern Indian,4,2200.0,INR,4.3,4385,4.289,India,Gurgaon,0,0
Hard Rock Cafe,"Cyber Hub, DLF Cyber City","Mediterranean, Mexican, North Indian, American",4,2500.0,INR,4.1,1949,4.081,India,Gurgaon,1,0
Instapizza,"Cyber Hub, DLF Cyber City","Pizza, Fast Food",2,900.0,INR,4.0,219,3.876,India,Gurgaon,1,1
Made In Punjab,"Cyber Hub, DLF Cyber City","North Indian, Mughlai",3,1500.0,INR,4.0,1595,3.98,India,Gurgaon,1,0
Nando's,"Cyber Hub, DLF Cyber City","Portuguese, African",3,1200.0,INR,4.0,1730,3.981,India,Gurgaon,1,1
Quaff,"Cyber Hub, DLF Cyber City","American, Italian, Chinese",3,1750.0,INR,4.1,353,4.005,India,Gurgaon,1,0
SodaBottleOpenerWala,"Cyber Hub, DLF Cyber City","Parsi, Iranian",3,1300.0,INR,4.0,2843,3.988,India,Gurgaon,0,0
The Grill Mill,"Cyber Hub, DLF Cyber City","North Indian, Continental, Asian",3,1500.0,INR,4.0,209,3.871,India,Gurgaon,1,0
Knight Rider,DLF Cyber City,"North Indian, Continental",3,1200.0,INR,3.1,185,3.149,India,Gurgaon,1,0
Chaayos,DLF Cyber City,"Cafe, Tea",1,400.0,INR,3.8,393,3.747,India,Gurgaon,0,1
Nooba,DLF Cyber City,Chinese,3,1500.0,INR,3.8,333,3.739,India,Gurgaon,0,0
Domino's Pizza,DLF Cyber City,"Pizza, Fast Food",2,700.0,INR,2.4,125,2.666,India,Gurgaon,0,0
Indigo Delicatessen,DLF Cyber City,"European, Continental",3,1800.0,INR,4.2,205,4.03,India,Gurgaon,1,1
Escape Terrace Bar Kitchen,"DLF Galleria, DLF Phase 4",Finger Food,3,1700.0,INR,3.4,294,3.39,India,Gurgaon,1,0
Kwaliti,"DLF Galleria, DLF Phase 4","North Indian, Chinese, Fast Food",2,700.0,INR,3.3,129,3.309,India,Gurgaon,0,1
Subway,"DLF Galleria, DLF Phase 4","American, Fast Food, Salad, Healthy Food",2,500.0,INR,2.5,125,2.737,India,Gurgaon,0,0
Burger Point,"DLF Galleria, DLF Phase 4","Burger, Fast Food",1,300.0,INR,3.8,74,3.611,India,Gurgaon,0,1
Chaat Chowk,"DLF Galleria, DLF Phase 4",Street Food,1,350.0,INR,3.7,217,3.631,India,Gurgaon,0,1
Chef Style,"DLF Galleria, DLF Phase 4","North Indian, Mughlai",2,700.0,INR,3.8,239,3.719,India,Gurgaon,1,1
Delhicacy,"DLF Galleria, DLF Phase 4","Street Food, Fast Food, North Indian",1,350.0,INR,3.8,317,3.736,India,Gurgaon,0,1
Dimsum & Co.,"DLF Galleria, DLF Phase 4",Chinese,2,650.0,INR,3.9,136,3.747,India,Gurgaon,0,1
Instapizza,"DLF Galleria, DLF Phase 4","Pizza, Fast Food",2,900.0,INR,3.6,426,3.572,India,Gurgaon,1,1
L'Opera,"DLF Galleria, DLF Phase 4","Bakery, Desserts, Fast Food",1,400.0,INR,3.8,196,3.705,India,Gurgaon,0,1
Lazeez Food,"DLF Galleria, DLF Phase 4","Mughlai, North Indian",2,800.0,INR,3.5,173,3.462,India,Gurgaon,0,1
Le Marche Sugar & Spice Cafe,"DLF Galleria, DLF Phase 4","Cafe, Italian, Fast Food",2,700.0,INR,3.5,52,3.417,India,Gurgaon,0,0
The Breakfast Club,"DLF Galleria, DLF Phase 4","Continental, North Indian",2,500.0,INR,3.5,189,3.465,India,Gurgaon,0,1
Sugar & Spice - Le Marche,"DLF Galleria, DLF Phase 4","Bakery, Fast Food",2,800.0,INR,2.4,88,2.737,India,Gurgaon,0,0
Crudo Juicery,"DLF Galleria, DLF Phase 4","Beverages, Salad",1,400.0,INR,4.3,154,4.062,India,Gurgaon,0,1
Fork with Stick,"DLF Galleria, DLF Phase 4",Chinese,2,800.0,INR,4.0,169,3.847,India,Gurgaon,1,1
Uptown Fresh Beer Cafe,"DLF Galleria, DLF Phase 4","Finger Food, North Indian, Italian, European, Continental",4,2500.0,INR,4.1,230,3.963,India,Gurgaon,0,0
Barista,"DLF Mega Mall, DLF Phase 1",Cafe,2,650.0,INR,3.2,18,3.296,India,Gurgaon,0,1
Cafe Coffee Day,"DLF Mega Mall, DLF Phase 1",Cafe,1,450.0,INR,2.6,27,3.074,India,Gurgaon,0,0
Domino's Pizza,"DLF Mega Mall, DLF Phase 1","Pizza, Fast Food",2,700.0,INR,2.8,30,3.132,India,Gurgaon,0,0
Italiano,"DLF Mega Mall, DLF Phase 1",Italian,3,1500.0,INR,3.0,49,3.167,India,Gurgaon,0,0
McDonald's,"DLF Mega Mall, DLF Phase 1","Fast Food, Burger",2,500.0,INR,2.6,30,3.057,India,Gurgaon,0,0
Parantha Gurus,"DLF Mega Mall, DLF Phase 1",North Indian,2,500.0,INR,3.3,27,3.32,India,Gurgaon,0,0
Pizza Hut Delivery,"DLF Mega Mall, DLF Phase 1","Italian, Pizza, Fast Food",2,800.0,INR,2.8,29,3.136,India,Gurgaon,0,1
Sibang Bakery,"DLF Mega Mall, DLF Phase 1","Bakery, Desserts, Fast Food",1,300.0,INR,3.3,13,3.324,India,Gurgaon,0,0
Sonya Bakery Cafe,"DLF Mega Mall, DLF Phase 1","Bakery, Desserts, Beverages",1,350.0,INR,3.3,20,3.322,India,Gurgaon,0,0
Subway,"DLF Mega Mall, DLF Phase 1","American, Fast Food, Salad, Healthy Food",2,500.0,INR,3.1,46,3.22,India,Gurgaon,0,0
Viva Hyderabad,"DLF Mega Mall, DLF Phase 1","Biryani, North Indian",2,600.0,INR,2.5,69,2.849,India,Gurgaon,0,1
7 Barrel Brew Pub,"DLF Mega Mall, DLF Phase 1","North Indian, Continental, Chinese, Japanese, Italian, Thai",4,2000.0,INR,3.9,490,3.847,India,Gurgaon,1,1
Wai Yu Mun Ching,"DLF Mega Mall, DLF Phase 1","Chinese, Thai",2,800.0,INR,3.5,112,3.448,India,Gurgaon,0,1
KFC,"DLF Mega Mall, DLF Phase 1","American, Fast Food, Burger",2,500.0,INR,2.2,73,2.66,India,Gurgaon,0,1
Burmese Kitchen Plus,DLF Phase 1,"Burmese, Chinese, Thai",2,800.0,INR,3.4,65,3.37,India,Gurgaon,0,0
Drinks Come True,DLF Phase 1,"Beverages, Juices",1,150.0,INR,3.1,9,3.295,India,Gurgaon,0,0
Eat All Nite,DLF Phase 1,"North Indian, Chinese, Fast Food",2,800.0,INR,3.2,184,3.228,India,Gurgaon,0,1
Frontier,DLF Phase 1,Bakery,1,200.0,INR,2.9,4,3.299,India,Gurgaon,0,0
GenY Cuisines,DLF Phase 1,"Chinese, Mexican, Fast Food, Continental",1,250.0,INR,3.0,4,3.306,India,Gurgaon,0,0
K Raga's,DLF Phase 1,"North Indian, Mughlai",2,600.0,INR,2.9,5,3.292,India,Gurgaon,0,0
Kangri,DLF Phase 1,Kashmiri,2,750.0,INR,3.4,84,3.374,India,Gurgaon,0,0
Makhmali Kebabs,DLF Phase 1,Mughlai,2,550.0,INR,3.2,10,3.309,India,Gurgaon,0,0
Masala Ville,DLF Phase 1,"North Indian, Mughlai",2,650.0,INR,3.2,15,3.301,India,Gurgaon,0,0
Night Food Xprs,DLF Phase 1,"Chinese, North Indian",2,650.0,INR,3.1,12,3.286,India,Gurgaon,0,0
Roti Boti,DLF Phase 1,"North Indian, Mughlai, Fast Food",2,700.0,INR,2.9,35,3.153,India,Gurgaon,0,0
Sama Chicken Biryani,DLF Phase 1,"Biryani, North Indian",1,200.0,INR,2.9,4,3.299,India,Gurgaon,0,0
Subway,DLF Phase 1,"American, Fast Food, Salad, Healthy Food",2,500.0,INR,2.8,54,3.055,India,Gurgaon,0,1
The Rolling Pin Bakery,DLF Phase 1,Bakery,2,500.0,INR,3.1,10,3.292,India,Gurgaon,0,0
Weird Time Food,DLF Phase 1,"Continental, Fast Food",2,600.0,INR,3.1,7,3.302,India,Gurgaon,0,1
Twigly,DLF Phase 1,"Continental, Italian, Pizza, Asian",2,500.0,INR,4.6,395,4.457,India,Gurgaon,0,1
Asian Haus,DLF Phase 1,"Chinese, Thai, Asian, Malaysian, Vietnamese, Japanese",3,1500.0,INR,3.9,360,3.831,India,Gurgaon,0,1
Beyond Breads,DLF Phase 1,"Bakery, Desserts",1,200.0,INR,3.8,326,3.738,India,Gurgaon,0,1
Biryani By Kilo,DLF Phase 1,"Biryani, Mughlai",2,700.0,INR,3.9,403,3.837,India,Gurgaon,0,1
Captain Grub,DLF Phase 1,"American, Fast Food",3,1000.0,INR,3.8,447,3.753,India,Gurgaon,0,1
Pita Pit,DLF Phase 1,"Healthy Food, Salad",2,600.0,INR,3.5,56,3.42,India,Gurgaon,0,1
Rawleaf,DLF Phase 1,"Healthy Food, Salad",2,700.0,INR,3.6,38,3.447,India,Gurgaon,0,1
Sushi Haus,DLF Phase 1,"Japanese, Sushi",3,1300.0,INR,3.8,124,3.665,India,Gurgaon,0,1
Angrezee Choupal,DLF Phase 2,"North Indian, Chinese, Italian",2,500.0,INR,3.8,299,3.733,India,Gurgaon,0,1
A 1 - Snacks and food corner,DLF Phase 3,"North Indian, Chinese, Fast Food",1,350.0,INR,2.5,16,3.129,India,Gurgaon,0,1
Anandum,DLF Phase 3,South Indian,1,400.0,INR,3.2,13,3.304,India,Gurgaon,0,0
Apni Rasoi,DLF Phase 3,"North Indian, Chinese",1,400.0,INR,3.0,160,3.079,India,Gurgaon,0,1
Banke Bihari Bhojanalay,DLF Phase 3,"Mithai, Street Food, North Indian",1,200.0,INR,2.6,36,3.025,India,Gurgaon,0,0
Biryani 365,DLF Phase 3,Mughlai,2,700.0,INR,3.2,17,3.298,India,Gurgaon,0,1
Bro's Kitchenette,DLF Phase 3,"Fast Food, Street Food, Beverages",1,350.0,INR,3.3,11,3.325,India,Gurgaon,0,0
Cafe Coffee Day,DLF Phase 3,Cafe,1,450.0,INR,3.1,9,3.295,India,Gurgaon,0,0
Cafe Coffee Day,DLF Phase 3,Cafe,1,450.0,INR,3.2,26,3.286,India,Gurgaon,0,0
Cafe Du Rendezvous,DLF Phase 3,"Cafe, Street Food",1,400.0,INR,3.2,21,3.292,India,Gurgaon,0,1
Cake 24x7,DLF Phase 3,Bakery,2,600.0,INR,3.3,25,3.32,India,Gurgaon,0,1
Cake On Wheels,DLF Phase 3,"Bakery, Desserts, Fast Food",1,200.0,INR,2.8,18,3.19,India,Gurgaon,0,1
Cake Point,DLF Phase 3,"Bakery, Desserts",2,600.0,INR,2.9,7,3.278,India,Gurgaon,0,1
Cake Point,DLF Phase 3,"Bakery, Desserts",2,600.0,INR,3.0,35,3.195,India,Gurgaon,0,1
Cakes Degree,DLF Phase 3,Bakery,1,300.0,INR,3.4,18,3.349,India,Gurgaon,0,1
Chateau Garlic,DLF Phase 3,"North Indian, Chinese",2,700.0,INR,3.0,14,3.258,India,Gurgaon,0,0
Chennai Express,DLF Phase 3,"South Indian, North Indian",1,300.0,INR,3.2,15,3.301,India,Gurgaon,0,0
Crust N Cakes,DLF Phase 3,Bakery,2,550.0,INR,3.4,18,3.349,India,Gurgaon,0,1
Dabba Meat,DLF Phase 3,North Indian,2,550.0,INR,3.4,29,3.356,India,Gurgaon,0,1
Deepak Rasoi,DLF Phase 3,"North Indian, Chinese",1,450.0,INR,2.7,22,3.138,India,Gurgaon,0,0
Foodaucity - Bum Bum Bholey Ke Chole Bhature,DLF Phase 3,Street Food,1,300.0,INR,3.3,14,3.324,India,Gurgaon,0,0
Foodies Nation,DLF Phase 3,"Chinese, North Indian",1,300.0,INR,3.4,19,3.35,India,Gurgaon,0,0
Goli Vada Pav No. 1,DLF Phase 3,Street Food,1,150.0,INR,3.1,83,3.187,India,Gurgaon,0,1
Grandma's Kitchen,DLF Phase 3,"North Indian, South Indian",1,400.0,INR,2.5,20,3.093,India,Gurgaon,0,1
Gurgaon Hights,DLF Phase 3,North Indian,1,400.0,INR,2.5,19,3.102,India,Gurgaon,0,1
Idliss,DLF Phase 3,"South Indian, North Indian, Chinese",1,400.0,INR,3.4,359,3.392,India,Gurgaon,0,1
Indian Home Food,DLF Phase 3,"North Indian, Chinese",2,600.0,INR,2.6,51,2.962,India,Gurgaon,0,1
Jetha Lal Ka Dhabha,DLF Phase 3,"North Indian, Chinese",1,400.0,INR,3.1,53,3.212,India,Gurgaon,0,1
Kusum Rolls,DLF Phase 3,"Fast Food, Chinese",1,350.0,INR,3.1,71,3.195,India,Gurgaon,0,1
Megha Vaishno Dhaba,DLF Phase 3,North Indian,1,300.0,INR,3.1,33,3.239,India,Gurgaon,0,0
Nikhil Food Point,DLF Phase 3,"Chinese, North Indian",1,200.0,INR,2.7,19,3.157,India,Gurgaon,0,0
Plan B,DLF Phase 3,"North Indian, Chinese, Continental",3,1000.0,INR,3.4,132,3.381,India,Gurgaon,1,0
Punjabi Zaika,DLF Phase 3,"North Indian, Mughlai, Chinese",2,500.0,INR,3.2,74,3.253,India,Gurgaon,0,1
Rasoi,DLF Phase 3,"North Indian, Chinese",2,500.0,INR,3.0,6,3.295,India,Gurgaon,0,0
Roll's Royce,DLF Phase 3,"Fast Food, North Indian",1,200.0,INR,3.2,42,3.271,India,Gurgaon,0,1
Shree Bikaner Misthan Bhandar,DLF Phase 3,"Street Food, Mithai",1,100.0,INR,3.1,29,3.246,India,Gurgaon,0,1
Smokey Pan,DLF Phase 3,"North Indian, Greek, Mughlai",1,300.0,INR,3.2,14,3.302,India,Gurgaon,0,0
Surprise O Meal,DLF Phase 3,"Continental, North Indian, Chinese",2,550.0,INR,3.4,35,3.359,India,Gurgaon,0,1
Tandoor on The Way,DLF Phase 3,Fast Food,1,300.0,INR,3.2,45,3.269,India,Gurgaon,0,1
Tawa N Tandoor,DLF Phase 3,"North Indian, Mughlai, Chinese",2,600.0,INR,2.7,51,3.012,India,Gurgaon,0,1
The Paradise Biryani,DLF Phase 3,"Biryani, North Indian",2,700.0,INR,2.9,22,3.199,India,Gurgaon,0,1
The Royal,DLF Phase 3,"Fast Food, Beverages",2,550.0,INR,3.3,15,3.324,India,Gurgaon,0,0
Theka Desi Khaana,DLF Phase 3,"North Indian, Chinese",1,350.0,INR,3.0,12,3.267,India,Gurgaon,0,1
Tobasco Kitchen,DLF Phase 3,"Fast Food, Pizza",2,500.0,INR,3.2,38,3.274,India,Gurgaon,0,1
Tpot,DLF Phase 3,"Fast Food, Beverages",1,400.0,INR,3.2,15,3.301,India,Gurgaon,0,0
Uncle's Cafe,DLF Phase 3,"North Indian, Biryani, Fast Food, Chinese",1,350.0,INR,2.7,23,3.132,India,Gurgaon,0,0
Welcome Cafeteria,DLF Phase 3,"North Indian, Mughlai",2,600.0,INR,3.3,23,3.321,India,Gurgaon,0,1
Yo Yo China Town,DLF Phase 3,"Chinese, North Indian, South Indian",1,400.0,INR,2.8,31,3.128,India,Gurgaon,0,1
Caterspoint,DLF Phase 3,"Mexican, American, Healthy Food",2,500.0,INR,4.9,223,4.613,India,Gurgaon,0,1
Bake-a-boo,DLF Phase 3,Bakery,1,200.0,INR,3.7,55,3.524,India,Gurgaon,0,1
Burger Hut,DLF Phase 3,"Burger, Fast Food, Chinese",1,300.0,INR,3.6,319,3.564,India,Gurgaon,0,1
China Gatherings,DLF Phase 3,"Chinese, Thai",2,550.0,INR,3.5,46,3.412,India,Gurgaon,0,1
Crazy Bhukkhad,DLF Phase 3,"North Indian, Chinese",1,400.0,INR,3.9,54,3.626,India,Gurgaon,0,1
Deez Biryani & Kebabs,DLF Phase 3,"Biryani, North Indian, Mughlai",2,800.0,INR,3.7,371,3.656,India,Gurgaon,0,1
Fomads,DLF Phase 3,"North Indian, Chinese",1,300.0,INR,3.6,26,3.423,India,Gurgaon,0,0
Happy Beings,DLF Phase 3,"North Indian, Mughlai, Chinese",2,500.0,INR,3.5,66,3.427,India,Gurgaon,0,1
InstaDozza,DLF Phase 3,South Indian,1,250.0,INR,3.5,28,3.391,India,Gurgaon,0,1
Mom's Kitchen,DLF Phase 3,North Indian,1,300.0,INR,3.5,27,3.39,India,Gurgaon,0,1
The Baker's Bar  ... Bakery & Cafe,DLF Phase 3,"Italian, Lebanese, Fast Food, Bakery",1,400.0,INR,3.6,29,3.43,India,Gurgaon,0,0
Veg Ex,DLF Phase 3,North Indian,2,500.0,INR,3.8,45,3.553,India,Gurgaon,0,1
Volt - By Plan B,DLF Phase 3,"Mediterranean, Mughlai, Thai, North Indian, Chinese",3,1000.0,INR,3.5,19,3.377,India,Gurgaon,1,0
ZASTY,DLF Phase 3,"Continental, North Indian, Asian",2,500.0,INR,3.5,52,3.417,India,Gurgaon,0,1
Aahar,DLF Phase 3,"North Indian, South Indian, Chinese",1,400.0,INR,2.0,60,2.605,India,Gurgaon,0,1
Chicken Bytes,DLF Phase 3,"North Indian, Mughlai, Chinese",2,500.0,INR,2.1,34,2.833,India,Gurgaon,0,1
Flying Cakes,DLF Phase 3,Bakery,1,350.0,INR,2.2,136,2.504,India,Gurgaon,0,1
Punjabi Tadka,DLF Phase 3,North Indian,2,500.0,INR,2.2,43,2.808,India,Gurgaon,0,0
Coldpress Company,DLF Phase 3,"Healthy Food, Juices, Salad, Italian, Continental",2,500.0,INR,4.0,34,3.602,India,Gurgaon,0,1
Crudo Juicery,DLF Phase 3,"Beverages, Salad, Beverages",1,400.0,INR,4.3,33,3.716,India,Gurgaon,0,1
First Eat,DLF Phase 3,"Healthy Food, North Indian, Continental",1,300.0,INR,4.0,162,3.842,India,Gurgaon,0,0
Zoe,DLF Phase 3,"Juices, Beverages, Healthy Food",2,700.0,INR,4.3,217,4.118,India,Gurgaon,0,1
Dabba Meat,DLF Phase 4,North Indian,2,550.0,INR,3.1,195,3.147,India,Gurgaon,0,1
Kashmiri Kitchen,DLF Phase 4,Kashmiri,3,1000.0,INR,3.4,210,3.387,India,Gurgaon,1,1
Rumi's Kitchen,DLF Phase 4,"Biryani, Lucknowi, North Indian",2,500.0,INR,3.4,165,3.384,India,Gurgaon,0,1
Baking Bad,DLF Phase 4,"Italian, Pizza",3,1000.0,INR,3.7,98,3.575,India,Gurgaon,0,1
Bamboo Boat,DLF Phase 4,"Japanese, Tibetan, Vietnamese, Korean",2,700.0,INR,3.8,115,3.658,India,Gurgaon,0,1
Big Jack's,DLF Phase 4,"Continental, Burger, American",2,800.0,INR,3.5,129,3.453,India,Gurgaon,0,1
Kebab Gali,DLF Phase 4,"North Indian, Mughlai, Biryani",2,600.0,INR,3.9,164,3.767,India,Gurgaon,0,1
Lucknow Mail,DLF Phase 4,"Awadhi, North Indian, Mughlai",2,800.0,INR,3.8,86,3.627,India,Gurgaon,0,1
Monster's Cafe,DLF Phase 4,"Continental, North Indian, Chinese",3,1200.0,INR,3.5,269,3.473,India,Gurgaon,0,1
Monty's Chicken Wings,DLF Phase 4,Fast Food,2,600.0,INR,3.9,124,3.736,India,Gurgaon,0,1
My Country Platter,DLF Phase 4,"Asian, Chinese, North Indian",2,600.0,INR,3.8,61,3.589,India,Gurgaon,0,1
SARA World Cuisine,DLF Phase 4,"Italian, Fast Food",2,500.0,INR,3.9,90,3.697,India,Gurgaon,0,1
Wah! Amritsar,DLF Phase 4,"North Indian, Mughlai",2,750.0,INR,3.6,213,3.549,India,Gurgaon,0,1
World In A Box,DLF Phase 4,"Healthy Food, European, Continental, Salad",2,750.0,INR,3.6,461,3.574,India,Gurgaon,0,1
Bun Intended,DLF Phase 4,"Burger, American, Fast Food",2,850.0,INR,4.2,93,3.896,India,Gurgaon,0,1
Cafe Gatherings,DLF Phase 4,"Cafe, Continental",2,750.0,INR,4.4,161,4.147,India,Gurgaon,0,1
Cafe Soul Garden,DLF Phase 4,"Cafe, Continental, Italian, Pizza",3,1300.0,INR,4.1,255,3.974,India,Gurgaon,1,1
Food O Gram,DLF Phase 4,"North Indian, Mughlai",2,600.0,INR,4.0,88,3.757,India,Gurgaon,0,1
Happy Hakka,DLF Phase 4,"Chinese, Asian, Thai",2,650.0,INR,4.1,134,3.891,India,Gurgaon,0,1
Kaiser,DLF Phase 4,"North Indian, Mughlai",2,650.0,INR,4.1,152,3.91,India,Gurgaon,0,1
Pizza Central,DLF Phase 4,"Fast Food, Italian, Pizza",2,600.0,INR,4.1,151,3.909,India,Gurgaon,0,1
Tasty Fare,DLF Phase 5,"American, Fast Food",2,600.0,INR,3.4,42,3.362,India,Gurgaon,0,1
Burger Point,DLF Phase 5,"Burger, Fast Food",1,300.0,INR,3.6,39,3.449,India,Gurgaon,0,1
Drifters Cafe,DLF Phase 5,"Chinese, Thai, Asian",1,400.0,INR,3.9,40,3.584,India,Gurgaon,0,1
Oh! Fudge,DLF Phase 5,"Bakery, Desserts",1,300.0,INR,3.8,93,3.636,India,Gurgaon,0,1
Anjlika,"DLF South Point Mall, Golf Course Road","Bakery, Desserts, Fast Food",1,400.0,INR,3.1,7,3.302,India,Gurgaon,0,0
IZU,"DLF South Point Mall, Golf Course Road","Japanese, Sushi",3,1100.0,INR,3.4,129,3.381,India,Gurgaon,1,1
Sugar & Spice - Le Marche,"DLF South Point Mall, Golf Course Road","Bakery, Fast Food",2,800.0,INR,2.9,107,3.037,India,Gurgaon,0,0
Bizibean,"DLF South Point Mall, Golf Course Road",Cafe,2,550.0,INR,3.6,59,3.476,India,Gurgaon,0,0
ChandChini,"DLF South Point Mall, Golf Course Road","North Indian, Mithai, Chinese, Street Food",2,800.0,INR,3.8,40,3.539,India,Gurgaon,1,0
Coffee & Chai Co.,"DLF South Point Mall, Golf Course Road","Italian, Mexican, Cafe",3,1100.0,INR,3.6,296,3.561,India,Gurgaon,1,1
Greek Food & Beyond,"DLF South Point Mall, Golf Course Road","Greek, Mediterranean",3,1200.0,INR,3.6,27,3.425,India,Gurgaon,1,0
Mediumwelldone,"DLF South Point Mall, Golf Course Road","American, European, North Indian",3,1800.0,INR,3.5,259,3.473,India,Gurgaon,1,1
Sonya Bakery Cafe,"DLF South Point Mall, Golf Course Road","Bakery, Desserts, Beverages",1,350.0,INR,3.5,34,3.399,India,Gurgaon,0,0
Soul & Spice Co.,"DLF South Point Mall, Golf Course Road","North Indian, Street Food, Beverages",3,1000.0,INR,3.8,120,3.662,India,Gurgaon,1,1
7 Degrees Brauhaus,"DLF South Point Mall, Golf Course Road","Continental, North Indian, European, Finger Food",4,3200.0,INR,4.2,1193,4.165,India,Gurgaon,1,0
Cafe Amaretto,"DLF South Point Mall, Golf Course Road","Cafe, Italian, European, Bakery",3,1400.0,INR,4.1,147,3.905,India,Gurgaon,1,1
Sibang Bakery,"DLF South Point Mall, Golf Course Road","Bakery, Desserts, Beverages",2,500.0,INR,4.1,227,3.961,India,Gurgaon,0,1
The Hangout by 1861,"DLF South Point Mall, Golf Course Road","Continental, American, Italian",3,1600.0,INR,4.0,192,3.862,India,Gurgaon,1,1
The Mad Teapot/The Wishing Chair,"DLF South Point Mall, Golf Course Road","Cafe, Italian, Bakery",3,1000.0,INR,4.4,83,3.998,India,Gurgaon,1,0
Ninkasi Imperial Brews & Cookery,"DLF Star Mall, Sector 30","North Indian, Asian, European",4,3000.0,INR,4.2,77,3.858,India,Gurgaon,1,0
Zaffran,"DLF Star Mall, Sector 30","North Indian, Mughlai",3,1600.0,INR,4.1,229,3.962,India,Gurgaon,0,1
Spiritual Bar & Lounge-DoubleTree by Hilton,"DoubleTree by Hilton, Sector 56","Pizza, Italian",4,2000.0,INR,3.4,52,3.366,India,Gurgaon,1,0
The Food Store - DoubleTree by Hilton,"DoubleTree by Hilton, Sector 56","European, Italian",4,3000.0,INR,3.6,58,3.475,India,Gurgaon,1,0
Barista,"DT City Centre Mall, MG Road",Cafe,2,650.0,INR,3.3,25,3.32,India,Gurgaon,0,1
Burger King,"DT City Centre Mall, MG Road","Burger, Fast Food",2,500.0,INR,3.4,452,3.393,India,Gurgaon,0,1
Club Mojo,"DT City Centre Mall, MG Road","North Indian, Chinese",4,2000.0,INR,2.6,35,3.03,India,Gurgaon,1,0
KFC,"DT City Centre Mall, MG Road","American, Fast Food, Burger",2,500.0,INR,2.6,134,2.799,India,Gurgaon,0,1
Not Just Paranthas,"DT City Centre Mall, MG Road",North Indian,3,1100.0,INR,2.7,426,2.766,India,Gurgaon,1,1
Shree Rathnam,"DT City Centre Mall, MG Road","South Indian, North Indian, Chinese",2,800.0,INR,2.9,108,3.036,India,Gurgaon,0,1
Mogli's Coffee,"DT City Centre Mall, MG Road",Cafe,1,150.0,INR,3.8,35,3.524,India,Gurgaon,0,0
Pind Balluchi,"DT Mega Mall, DLF Phase 1","North Indian, Mughlai",2,800.0,INR,2.6,26,3.081,India,Gurgaon,0,1
Sip n Bite,"DT Mega Mall, DLF Phase 1","North Indian, Chinese, Continental",2,500.0,INR,3.2,38,3.274,India,Gurgaon,0,1
Abar Khabo,"DT Mega Mall, DLF Phase 1",Bengali,2,550.0,INR,3.6,86,3.501,India,Gurgaon,0,1
Moti Mahal Delux,"DT Mega Mall, DLF Phase 1",North Indian,3,1000.0,INR,3.6,29,3.43,India,Gurgaon,1,1
The Lost Mughal,"DT Mega Mall, DLF Phase 1","North Indian, Mughlai, Biryani",2,700.0,INR,3.8,43,3.548,India,Gurgaon,0,1
Fortune Deli - Fortune Select Excalibur,"Fortune Select Excalibur, Sohna Road",Bakery,3,1000.0,INR,3.6,42,3.454,India,Gurgaon,0,0
India on my Plate - Fortune Select Excalibur,"Fortune Select Excalibur, Sohna Road","North Indian, Mughlai",4,2000.0,INR,4.0,111,3.792,India,Gurgaon,1,0
Orchid - Fortune Select Global,"Fortune Select Global, MG Road","North Indian, Chinese, Continental",4,2500.0,INR,2.6,20,3.122,India,Gurgaon,1,0
Hungry Buffoons,"Global Foyer Mall, Golf Course Road","North Indian, Italian, Mexican",1,300.0,INR,2.7,24,3.126,India,Gurgaon,0,0
Karim's,"Global Foyer Mall, Golf Course Road","Mughlai, North Indian",3,1000.0,INR,2.8,261,2.885,India,Gurgaon,1,1
Manhattan Brewery & Bar Exchange,"Global Foyer Mall, Golf Course Road","Finger Food, American, Continental, North Indian, Italian",4,2000.0,INR,4.6,2093,4.57,India,Gurgaon,0,0
Di Miso,"Global Foyer Mall, Golf Course Road","Korean, Japanese, Chinese, Asian",3,1500.0,INR,3.6,38,3.447,India,Gurgaon,0,0
Kuuraku,"Global Foyer Mall, Golf Course Road",Japanese,3,1250.0,INR,3.9,106,3.718,India,Gurgaon,1,0
Vapour Bar Exchange,"Global Foyer Mall, Golf Course Road","Continental, Finger Food, Chinese, North Indian",3,1600.0,INR,3.8,31,3.51,India,Gurgaon,1,0
19 Flavours Biryani,"Global Foyer Mall, Golf Course Road","Mughlai, Hyderabadi",2,700.0,INR,4.1,84,3.813,India,Gurgaon,0,1
Bhai Ji Foods,Golf Course Road,"North Indian, Chinese",1,400.0,INR,3.3,165,3.307,India,Gurgaon,0,1
Captain Bill$ Deliverz,Golf Course Road,"North Indian, Chinese, Fast Food",3,1000.0,INR,2.7,185,2.834,India,Gurgaon,0,1
Curry n Phulka,Golf Course Road,"North Indian, Chinese",2,550.0,INR,2.8,48,3.071,India,Gurgaon,0,1
Jaguar,Golf Course Road,"Chinese, North Indian",2,800.0,INR,2.8,14,3.215,India,Gurgaon,1,0
Jalsa Lounge,Golf Course Road,"North Indian, Chinese",2,850.0,INR,3.2,37,3.275,India,Gurgaon,1,0
Lord of Grillz,Golf Course Road,"Chinese, North Indian, Italian, Continental",2,800.0,INR,3.2,30,3.282,India,Gurgaon,0,1
Midnight Cravings Beyond Control,Golf Course Road,"North Indian, Mughlai, Chinese",2,800.0,INR,3.3,336,3.304,India,Gurgaon,0,1
Outback,Golf Course Road,"Continental, North Indian",3,1000.0,INR,3.4,106,3.378,India,Gurgaon,1,1
The Cinnamon Kitchen,Golf Course Road,"North Indian, Chinese",2,600.0,INR,3.4,50,3.365,India,Gurgaon,0,0
Dudleys,Golf Course Road,"American, Continental, Burger",3,1000.0,INR,4.6,150,4.283,India,Gurgaon,0,1
56 Ristorante Italiano,Golf Course Road,Italian,4,2200.0,INR,3.7,416,3.66,India,Gurgaon,1,1
All Time Cafe,Golf Course Road,"North Indian, Chinese, Thai",2,500.0,INR,3.6,32,3.436,India,Gurgaon,0,0
Baba's,Golf Course Road,"North Indian, Mughlai",2,900.0,INR,3.6,110,3.516,India,Gurgaon,0,1
Chilli Indiana,Golf Course Road,Italian,2,500.0,INR,3.8,74,3.611,India,Gurgaon,0,0
Go Kylin,Golf Course Road,"Japanese, Chinese, Asian, Malaysian, Thai, Vietnamese",3,1500.0,INR,3.5,81,3.435,India,Gurgaon,0,1
Just for Chai,Golf Course Road,Cafe,1,450.0,INR,3.5,116,3.449,India,Gurgaon,0,0
Kabab Mistri,Golf Course Road,"North Indian, Mughlai, Biryani",2,550.0,INR,3.6,36,3.443,India,Gurgaon,0,1
Nashta,Golf Course Road,"Healthy Food, Continental",2,700.0,INR,3.7,224,3.633,India,Gurgaon,0,0
Nooba,Golf Course Road,Chinese,3,1500.0,INR,3.6,148,3.532,India,Gurgaon,0,0
Side Wok,Golf Course Road,"Burmese, Chinese, Japanese, Malaysian, Thai",4,2000.0,INR,3.9,280,3.814,India,Gurgaon,1,1
Takamaka,Golf Course Road,"North Indian, Continental, Italian",3,1700.0,INR,3.9,67,3.657,India,Gurgaon,1,0
The Ark,Golf Course Road,"Seafood, Mediterranean",4,2000.0,INR,3.7,45,3.506,India,Gurgaon,1,0
The Gathering Hut,Golf Course Road,"North Indian, Chinese",2,700.0,INR,3.5,27,3.39,India,Gurgaon,0,1
Wangchuk's Ladakhi Kitchen,Golf Course Road,"Tibetan, Nepalese",2,850.0,INR,3.6,241,3.554,India,Gurgaon,0,1
Daawat-e-Kashmir,Golf Course Road,"Kashmiri, Mughlai",3,1200.0,INR,4.2,146,3.978,India,Gurgaon,0,1
La Pino'z Pizza,Golf Course Road,"Pizza, Mexican, Chinese, Italian",3,1000.0,INR,4.0,259,3.892,India,Gurgaon,1,1
The Diet Kitchen,Golf Course Road,"Continental, Healthy Food",2,700.0,INR,4.0,20,3.522,India,Gurgaon,0,1
Om Sweets & Snacks,"Hong Kong Bazaar Mall, Sector 57, Gurgaon","North Indian, South Indian, Street Food, Mithai",2,500.0,INR,3.1,138,3.161,India,Gurgaon,0,1
Subway,"Hong Kong Bazaar Mall, Sector 57, Gurgaon","American, Fast Food, Salad, Healthy Food",2,500.0,INR,2.8,101,2.976,India,Gurgaon,0,1
Taste of Tamil Nadu,"Hong Kong Bazaar Mall, Sector 57, Gurgaon","South Indian, Chinese, North Indian",1,400.0,INR,3.1,94,3.18,India,Gurgaon,0,0
The Bridge - Hotel Clark Inn Gurgaon,"Hotel Clark Inn, Sector 15","North Indian, Chinese",3,1400.0,INR,2.8,7,3.266,India,Gurgaon,1,0
Gardenia - Hotel Grenville,"Hotel Grenville, MG Road","North Indian, Continental, Chinese",3,1500.0,INR,2.8,15,3.208,India,Gurgaon,1,0
Armory - Hotel Haut.Monde,"Hotel Haute.Monde, Sector 15",Finger Food,3,1000.0,INR,2.9,6,3.285,India,Gurgaon,1,0
Citron - Hotel Haut.Monde,"Hotel Haute.Monde, Sector 15","North Indian, Chinese, Continental",3,1300.0,INR,2.7,13,3.201,India,Gurgaon,1,0
Gabbar Meals,"Huda City Centre Metro Station, Sector 29, Gurgaon","North Indian, Mughlai",1,450.0,INR,3.4,260,3.389,India,Gurgaon,0,1
McDonald's,"Huda City Centre Metro Station, Sector 29, Gurgaon","Fast Food, Burger",2,500.0,INR,2.7,90,2.925,India,Gurgaon,0,1
Crust Bistro,"Huda City Centre Metro Station, Sector 29, Gurgaon","Italian, Pizza",2,800.0,INR,3.6,144,3.531,India,Gurgaon,0,1
Dunkin' Donuts,"Huda City Centre Metro Station, Sector 29, Gurgaon","Burger, Desserts, Fast Food",2,600.0,INR,3.6,243,3.554,India,Gurgaon,0,1
Kabab Roll Cafe,"Huda City Centre Metro Station, Sector 29, Gurgaon","North Indian, Mughlai",2,600.0,INR,3.8,121,3.663,India,Gurgaon,0,1
Starbucks,"Huda City Centre Metro Station, Sector 29, Gurgaon",Cafe,2,700.0,INR,3.8,183,3.699,India,Gurgaon,0,0
Eggers Madhouse,"Huda City Centre Metro Station, Sector 29, Gurgaon",Fast Food,2,500.0,INR,4.0,647,3.952,India,Gurgaon,0,1
Gallery Caf - Hyatt Place,Hyatt Place Gurgaon,Cafe,3,1500.0,INR,3.8,73,3.609,India,Gurgaon,1,0
Spice It - Hotel IBIS,"IBIS Hotel, Golf Course Road","Fast Food, North Indian, Chinese",3,1000.0,INR,2.7,96,2.916,India,Gurgaon,1,0
Nukkadwala,"JMD Megapolis Mall, Sohna Road","Fast Food, Street Food",1,300.0,INR,3.4,41,3.362,India,Gurgaon,0,1
Power Play Resto Bar,"JMD Regent Arcade Mall, MG Road","North Indian, American, Italian",3,1850.0,INR,2.8,91,2.988,India,Gurgaon,1,0
Daikichi,"JMD Regent Arcade Mall, MG Road",Japanese,3,1000.0,INR,3.6,70,3.488,India,Gurgaon,1,0
The Atrium - By Jukaso It Suites,"Jukaso It Suites, Sector 14","Asian, Bakery",3,1500.0,INR,2.8,21,3.174,India,Gurgaon,1,0
Delhi - Kingdom of Dreams,"Kingdom of Dreams, Sector 29",Street Food,2,500.0,INR,3.7,364,3.655,India,Gurgaon,0,0
Lucknow - Kingdom of Dreams,"Kingdom of Dreams, Sector 29",Lucknowi,3,1000.0,INR,3.7,179,3.619,India,Gurgaon,0,0
Longitude 7703' Bar - Le Meridien Gurgaon,"Le Meridien Gurgaon, MG Road",Finger Food,3,1600.0,INR,3.4,23,3.353,India,Gurgaon,1,0
I-Kandy - Le Meridien Gurgaon,"Le Meridien Gurgaon, MG Road",Finger Food,4,4500.0,INR,3.6,218,3.55,India,Gurgaon,1,0
Bella Cucina - Le Meridien Gurgaon,"Le Meridien Gurgaon, MG Road",Italian,4,4000.0,INR,4.1,38,3.663,India,Gurgaon,1,0
Bar Code - Leisure Inn,"Leisure Inn, Sector 14, Gurgaon",Finger Food,3,1900.0,INR,3.0,6,3.295,India,Gurgaon,1,0
Bites - Leisure Inn,"Leisure Inn, Sector 14, Gurgaon","North Indian, Continental, Asian",3,1400.0,INR,3.0,19,3.24,India,Gurgaon,1,0
Outback Bar and Grill - Leisure Inn,"Leisure Inn, Sector 14, Gurgaon","North Indian, Finger Food",3,1200.0,INR,3.0,10,3.276,India,Gurgaon,1,0
Citrus Cafe - Lemon Tree Premier,"Lemon Tree Premier, Sector 29","North Indian, Continental, Chinese",4,2000.0,INR,3.2,137,3.235,India,Gurgaon,1,0
Ammu's South Indian Restaurant,MG Road,South Indian,1,300.0,INR,2.8,45,3.079,India,Gurgaon,0,0
Barista,MG Road,Cafe,2,650.0,INR,3.3,22,3.321,India,Gurgaon,0,0
Bengali By Nature,MG Road,"Fast Food, Chinese, Bengali",1,400.0,INR,3.3,38,3.317,India,Gurgaon,0,1
Burger Planet,MG Road,"North Indian, Chinese, Fast Food",1,300.0,INR,3.2,21,3.292,India,Gurgaon,0,1
Cafe Coffee Day,MG Road,Cafe,1,450.0,INR,3.1,20,3.265,India,Gurgaon,0,0
Chini Bowl,MG Road,"Chinese, Thai, Japanese, Tibetan",2,800.0,INR,2.8,15,3.208,India,Gurgaon,0,0
E Yum,MG Road,"Continental, Italian, Mexican",2,750.0,INR,3.4,69,3.371,India,Gurgaon,0,1
Handi X-Press,MG Road,"North Indian, Chinese, Mughlai",2,550.0,INR,3.2,75,3.252,India,Gurgaon,0,1
Ion Club & Dining Lounge,MG Road,"Continental, North Indian, Mughlai, Chinese",3,1800.0,INR,2.6,115,2.821,India,Gurgaon,1,0
Komachi,MG Road,Japanese,3,1200.0,INR,3.2,39,3.273,India,Gurgaon,1,0
Mehfil-e-Handi,MG Road,"North Indian, Chinese, Mughlai",1,400.0,INR,2.8,36,3.109,India,Gurgaon,0,0
Mezbaan's,MG Road,"North Indian, Mughlai, Chinese",2,600.0,INR,2.7,61,2.984,India,Gurgaon,0,0
Mini Mahal Delux,MG Road,"North Indian, Chinese",3,1200.0,INR,2.8,23,3.163,India,Gurgaon,1,0
Pita Pan,MG Road,"Arabian, Lebanese",2,600.0,INR,3.1,82,3.187,India,Gurgaon,0,1
SBar Club & Lounge,MG Road,Finger Food,4,2200.0,INR,3.1,13,3.283,India,Gurgaon,1,0
China Club,MG Road,"Chinese, Asian",4,2000.0,INR,3.8,283,3.73,India,Gurgaon,0,0
Coriander Leaf,MG Road,"Mughlai, Pakistani, North Indian",3,1600.0,INR,3.8,665,3.767,India,Gurgaon,1,1
Doughlicious,MG Road,"Bakery, Desserts, Fast Food",2,550.0,INR,3.6,69,3.487,India,Gurgaon,0,1
FreshMenu,MG Road,"Italian, Chinese, Continental, Thai, Mediterranean, Lebanese",2,600.0,INR,3.7,198,3.626,India,Gurgaon,0,1
L'Angoor,MG Road,"American, Seafood, Italian, Japanese, Thai",4,2500.0,INR,3.5,57,3.421,India,Gurgaon,1,0
The Cakelicious Factory,MG Road,"Bakery, Desserts, Fast Food",1,200.0,INR,3.6,43,3.455,India,Gurgaon,0,1
Green's,MG Road,"Chinese, North Indian, South Indian, Street Food",1,350.0,INR,2.3,31,2.936,India,Gurgaon,0,1
New Zaika,MG Road,"North Indian, Chinese",2,600.0,INR,2.4,35,2.947,India,Gurgaon,0,0
Love Is Cakes,MG Road,Bakery,2,600.0,INR,4.1,246,3.97,India,Gurgaon,0,1
Costa Coffee,"MGF Mega City Mall, MG Road",Cafe,2,600.0,INR,3.3,31,3.319,India,Gurgaon,0,0
Uforia,"MGF Mega City Mall, MG Road","Continental, Asian, North Indian, Italian",3,1500.0,INR,3.5,240,3.471,India,Gurgaon,1,0
Vapour Pub & Brewery,"MGF Mega City Mall, MG Road","Finger Food, Continental, North Indian, Italian, Chinese",3,1500.0,INR,3.7,1902,3.691,India,Gurgaon,0,0
Pirates of Grill,"MGF Mega City Mall, MG Road","North Indian, Continental, Mughlai, Asian",4,2000.0,INR,4.1,2806,4.087,India,Gurgaon,1,0
Barista Creme Lavazza,"MGF Metropolis Mall, MG Road",Cafe,2,650.0,INR,3.2,13,3.304,India,Gurgaon,0,0
Frozen Adda,"MGF Metropolis Mall, MG Road","Ice Cream, Desserts",1,350.0,INR,3.0,5,3.301,India,Gurgaon,0,0
McDonald's,"MGF Metropolis Mall, MG Road","Fast Food, Burger",2,500.0,INR,3.2,68,3.255,India,Gurgaon,0,0
Mr Idli Xpress,"MGF Metropolis Mall, MG Road","South Indian, Chinese",1,450.0,INR,2.6,120,2.815,India,Gurgaon,0,0
buno,"MGF Metropolis Mall, MG Road","Cafe, American, Desserts, Italian, Bakery",2,650.0,INR,3.7,18,3.428,India,Gurgaon,0,1
Starbucks,"MGF Metropolis Mall, MG Road",Cafe,2,700.0,INR,3.5,66,3.427,India,Gurgaon,0,0
Al Kabab,"MGF Metropolitan Mall, MG Road","North Indian, Mughlai",2,800.0,INR,2.7,67,2.97,India,Gurgaon,0,1
Bangkok 1,"MGF Metropolitan Mall, MG Road",Thai,2,550.0,INR,3.3,40,3.317,India,Gurgaon,0,0
Barista,"MGF Metropolitan Mall, MG Road",Cafe,2,650.0,INR,3.4,39,3.361,India,Gurgaon,0,1
Cafe Cravings,"MGF Metropolitan Mall, MG Road","Cafe, Italian",2,600.0,INR,3.4,19,3.35,India,Gurgaon,0,0
Hello Sichuan,"MGF Metropolitan Mall, MG Road",Chinese,2,750.0,INR,2.9,42,3.134,India,Gurgaon,0,0
McDonald's,"MGF Metropolitan Mall, MG Road","Fast Food, Burger",2,500.0,INR,3.4,234,3.388,India,Gurgaon,0,1
Rajasthali,"MGF Metropolitan Mall, MG Road","Gujarati, Rajasthani",2,750.0,INR,2.9,501,2.939,India,Gurgaon,1,0
Street Foods by Punjab Grill,"MGF Metropolitan Mall, MG Road","Street Food, North Indian",2,700.0,INR,2.6,61,2.929,India,Gurgaon,0,1
Subway,"MGF Metropolitan Mall, MG Road","American, Fast Food, Salad, Healthy Food",2,500.0,INR,3.3,81,3.312,India,Gurgaon,0,1
Tibb's Frankie,"MGF Metropolitan Mall, MG Road",Fast Food,1,350.0,INR,3.4,118,3.379,India,Gurgaon,0,0
Tunday Kababi Dastarkhwan-e-Awadh,"MGF Metropolitan Mall, MG Road","Mughlai, North Indian",2,700.0,INR,3.1,13,3.283,India,Gurgaon,0,0
Dunkin' Donuts,"MGF Metropolitan Mall, MG Road","Burger, Desserts, Fast Food",2,600.0,INR,3.7,26,3.457,India,Gurgaon,0,1
Haldiram's,"MGF Metropolitan Mall, MG Road","North Indian, South Indian, Chinese, Street Food, Fast Food, Mithai, Desserts",2,600.0,INR,3.6,185,3.543,India,Gurgaon,0,0
Keventers,"MGF Metropolitan Mall, MG Road",Beverages,1,400.0,INR,3.6,27,3.425,India,Gurgaon,0,0
Khaaja Chowk,"MGF Metropolitan Mall, MG Road","North Indian, Mughlai, South Indian, Rajasthani, Street Food",3,1000.0,INR,3.6,496,3.575,India,Gurgaon,1,1
Phantom,"MGF Metropolitan Mall, MG Road","North Indian, Continental, Chinese",3,1500.0,INR,3.5,55,3.419,India,Gurgaon,1,0
Sage,"MGF Metropolitan Mall, MG Road","Pizza, Italian",2,900.0,INR,3.5,205,3.467,India,Gurgaon,0,0
TGI Friday's,"MGF Metropolitan Mall, MG Road","American, Tex-Mex",4,2500.0,INR,3.7,730,3.676,India,Gurgaon,1,1
The Belgian Fries Company,"MGF Metropolitan Mall, MG Road","European, American, Street Food",1,400.0,INR,3.7,31,3.472,India,Gurgaon,0,1
The Grills King,"MGF Metropolitan Mall, MG Road","North Indian, Chinese, Continental",3,1400.0,INR,3.8,468,3.755,India,Gurgaon,1,0
Chicago Pizza,"MGF Metropolitan Mall, MG Road",Pizza,2,600.0,INR,2.3,29,2.952,India,Gurgaon,0,0
Suburbia - The Empire,"MGF Metropolitan Mall, MG Road","Continental, European, North Indian",3,1800.0,INR,2.1,90,2.54,India,Gurgaon,1,0
Viva Hyderabad,"MGF Metropolitan Mall, MG Road","Biryani, North Indian",2,600.0,INR,2.3,34,2.913,India,Gurgaon,0,1
Queens Caf,"MGF Metropolitan Mall, MG Road","Cafe, North Indian",2,900.0,INR,4.0,62,3.701,India,Gurgaon,1,0
Cafe Coffee Day,"Ninex City Mart Mall, Sohna Road",Cafe,1,450.0,INR,3.3,34,3.318,India,Gurgaon,0,0
FOA - The Flavours of Arabia,"Ninex City Mart Mall, Sohna Road","Lebanese, North Indian",3,1500.0,INR,3.4,165,3.384,India,Gurgaon,1,1
A1,Old Railway Road,Biryani,1,200.0,INR,3.0,4,3.306,India,Gurgaon,0,0
Apni Rasoi,Old Railway Road,North Indian,1,400.0,INR,2.9,4,3.299,India,Gurgaon,0,0
DBDN Deena Meat Vala,Old Railway Road,North Indian,2,500.0,INR,3.2,5,3.319,India,Gurgaon,0,0
Deep Chicken Corner,Old Railway Road,North Indian,2,500.0,INR,3.2,18,3.296,India,Gurgaon,0,0
Dilli Rasoi,Old Railway Road,"North Indian, Mughlai, Chinese",2,700.0,INR,3.2,31,3.281,India,Gurgaon,0,0
French Omelette,Old Railway Road,Fast Food,1,100.0,INR,3.2,7,3.315,India,Gurgaon,0,0
Green Chick Chop,Old Railway Road,"Raw Meats, North Indian, Fast Food",1,350.0,INR,2.9,5,3.292,India,Gurgaon,0,0
Hangout Cafe,Old Railway Road,"Fast Food, Chinese",1,200.0,INR,3.4,27,3.355,India,Gurgaon,0,1
Hari Om Rasoi,Old Railway Road,North Indian,1,400.0,INR,3.2,28,3.284,India,Gurgaon,0,0
Harish Phulwari,Old Railway Road,"North Indian, South Indian, Fast Food, Street Food, Mithai",2,600.0,INR,3.1,4,3.314,India,Gurgaon,0,0
Hotel Rajvanshi Restaurant,Old Railway Road,"North Indian, Chinese",2,600.0,INR,3.3,25,3.32,India,Gurgaon,0,0
Jagdish Vaishno Dhaba,Old Railway Road,North Indian,1,150.0,INR,3.1,12,3.286,India,Gurgaon,0,0
JVR Jayka,Old Railway Road,North Indian,1,200.0,INR,2.9,5,3.292,India,Gurgaon,0,0
Kaza,Old Railway Road,"North Indian, Mughlai, South Indian, Chinese",3,1000.0,INR,3.1,25,3.254,India,Gurgaon,1,0
Knight Delight Kafe,Old Railway Road,"Fast Food, Chinese",2,500.0,INR,2.6,12,3.189,India,Gurgaon,0,1
Ko Jitters,Old Railway Road,"Fast Food, Beverages",1,450.0,INR,3.0,6,3.295,India,Gurgaon,0,0
Laajawab Chaap Express,Old Railway Road,North Indian,1,250.0,INR,3.1,17,3.272,India,Gurgaon,0,0
Laddu Gopal,Old Railway Road,"North Indian, South Indian, Chinese",1,400.0,INR,3.0,13,3.262,India,Gurgaon,0,0
Mini's Royal Cafe,Old Railway Road,"North Indian, Chinese",2,500.0,INR,3.3,21,3.322,India,Gurgaon,0,0
Pakwan,Old Railway Road,"North Indian, Chinese",1,400.0,INR,3.4,60,3.368,India,Gurgaon,0,1
Patiala,Old Railway Road,"Mughlai, Chinese",2,600.0,INR,3.4,33,3.358,India,Gurgaon,0,0
Pind Balluchi,Old Railway Road,"North Indian, Mughlai",2,800.0,INR,2.7,11,3.217,India,Gurgaon,0,1
Pizza Man,Old Railway Road,"Pizza, Fast Food",1,400.0,INR,2.9,8,3.271,India,Gurgaon,0,0
Punjabi Dhani,Old Railway Road,North Indian,2,700.0,INR,3.2,25,3.287,India,Gurgaon,0,0
Raju Halwai,Old Railway Road,North Indian,1,450.0,INR,3.1,7,3.302,India,Gurgaon,0,0
Rupa Tikki Wala And Caterers,Old Railway Road,Street Food,1,150.0,INR,2.8,4,3.291,India,Gurgaon,0,0
Samrat The Cake Shoppe,Old Railway Road,"Bakery, Desserts, Fast Food",1,150.0,INR,3.0,11,3.271,India,Gurgaon,0,0
Samrat,Old Railway Road,"Bakery, Mithai, Fast Food",1,400.0,INR,2.9,10,3.259,India,Gurgaon,0,0
Sanjha Chula,Old Railway Road,North Indian,2,700.0,INR,3.0,6,3.295,India,Gurgaon,0,0
Silver Crown,Old Railway Road,"North Indian, Chinese, Street Food, Fast Food",2,500.0,INR,2.5,12,3.17,India,Gurgaon,0,1
Super Bakery,Old Railway Road,"Bakery, Fast Food, Chinese",1,250.0,INR,3.3,26,3.32,India,Gurgaon,0,0
The Chic,Old Railway Road,Fast Food,1,200.0,INR,3.0,15,3.254,India,Gurgaon,0,0
Unique Bus Wales,Old Railway Road,Chinese,1,200.0,INR,2.8,16,3.202,India,Gurgaon,0,0
Dilli 6 Express,Old Railway Road,"North Indian, Mughlai",2,550.0,INR,3.5,31,3.395,India,Gurgaon,0,0
Mangle Di Kulfi,Old Railway Road,"Ice Cream, Desserts",1,100.0,INR,3.6,18,3.402,India,Gurgaon,0,0
The Oven Artist,Old Railway Road,Bakery,2,800.0,INR,3.5,25,3.387,India,Gurgaon,0,0
Pizza Hut Delivery,"Omaxe Celebration Mall, Sohna Road, Gurgaon","Italian, Pizza, Fast Food",2,800.0,INR,2.2,93,2.595,India,Gurgaon,0,1
Hot Cherries,Omaxe Gurgaon Mall,Bakery,1,400.0,INR,3.6,84,3.5,India,Gurgaon,0,0
Domino's Pizza,Omaxe Gurgaon Mall,"Pizza, Fast Food",2,700.0,INR,2.4,112,2.687,India,Gurgaon,0,0
Coldpress Company,Omaxe Gurgaon Mall,"Healthy Food, Juices, Salad, Italian, Continental",2,500.0,INR,4.1,74,3.79,India,Gurgaon,0,1
Hahn's Kitchen,"One Horizon Center, Golf Course Road",Korean,3,1800.0,INR,3.2,12,3.305,India,Gurgaon,0,0
Shree Rathnam,"One Horizon Center, Golf Course Road","South Indian, North Indian",2,800.0,INR,3.4,36,3.36,India,Gurgaon,1,1
Caffe Tonino,"One Horizon Center, Golf Course Road","Italian, Pizza, Cafe",3,1400.0,INR,3.8,101,3.645,India,Gurgaon,0,1
Carl's Jr.,"One Horizon Center, Golf Course Road","Burger, American, Fast Food",2,650.0,INR,3.5,45,3.411,India,Gurgaon,0,1
Delhi Club House,"One Horizon Center, Golf Course Road","North Indian, Continental, Asian",3,1700.0,INR,3.9,81,3.683,India,Gurgaon,0,0
GoGourmet,"One Horizon Center, Golf Course Road","Healthy Food, Beverages",2,600.0,INR,3.7,33,3.478,India,Gurgaon,0,1
Shophouse by Kylin,"One Horizon Center, Golf Course Road","Japanese, Chinese, Thai",3,1500.0,INR,3.5,37,3.403,India,Gurgaon,1,0
Starbucks,"One Horizon Center, Golf Course Road",Cafe,2,700.0,INR,3.5,16,3.372,India,Gurgaon,0,0
Baskin Robbins,Palam Vihar,Ice Cream,1,300.0,INR,3.1,14,3.28,India,Gurgaon,0,0
Bikaner Sweets & Restaurant,Palam Vihar,"Street Food, North Indian, Mithai",1,350.0,INR,3.1,9,3.295,India,Gurgaon,0,0
Burger Bites & More,Palam Vihar,"Fast Food, Chinese",1,450.0,INR,2.9,19,3.212,India,Gurgaon,0,0
Caf Gramophone,Palam Vihar,"Cafe, Fast Food",2,700.0,INR,3.2,15,3.301,India,Gurgaon,0,0
Chawla Bakers,Palam Vihar,"Bakery, Street Food",1,200.0,INR,3.2,18,3.296,India,Gurgaon,0,0
Crust N Cakes,Palam Vihar,Bakery,2,550.0,INR,3.2,6,3.317,India,Gurgaon,0,1
Darjeeling Kanchanjanga Momos,Palam Vihar,"Chinese, Fast Food",1,200.0,INR,2.9,4,3.299,India,Gurgaon,0,0
Desserts 83,Palam Vihar,Desserts,1,200.0,INR,3.2,10,3.309,India,Gurgaon,0,0
Express Kitchen,Palam Vihar,"North Indian, Chinese",2,600.0,INR,2.9,4,3.299,India,Gurgaon,0,0
Giani's,Palam Vihar,"Ice Cream, Desserts",1,400.0,INR,3.1,24,3.256,India,Gurgaon,0,0
Hangover,Palam Vihar,"North Indian, Chinese",2,800.0,INR,2.7,11,3.217,India,Gurgaon,1,0
Sangam Sweets,Palam Vihar,"Street Food, Mithai, South Indian, North Indian, Chinese",1,250.0,INR,2.5,9,3.204,India,Gurgaon,0,1
Shree Bikaner Misthan Bhandar,Palam Vihar,"Mithai, Street Food, Chinese",1,300.0,INR,3.0,4,3.306,India,Gurgaon,0,0
Shree Shyam Rasoi,Palam Vihar,North Indian,1,350.0,INR,3.1,12,3.286,India,Gurgaon,0,0
Swad On Grill,Palam Vihar,"Continental, Chinese, North Indian, Mughlai",1,400.0,INR,3.1,17,3.272,India,Gurgaon,0,0
The Pepper's,Palam Vihar,"North Indian, Mughlai, Chinese",1,250.0,INR,3.0,5,3.301,India,Gurgaon,0,0
Cafe 55 - Park Inn,"Park Inn, Sector 15, Gurgaon","Continental, North Indian, Chinese",3,1500.0,INR,3.2,13,3.304,India,Gurgaon,1,0
New Town Lounge & Bar - Park Plaza,"Park Plaza, Sushant Lok","Continental, Finger Food",4,3000.0,INR,3.4,20,3.35,India,Gurgaon,1,0
New Town Pastry Shop - Park Plaza,"Park Plaza, Sushant Lok","Bakery, Desserts",3,1200.0,INR,3.2,26,3.286,India,Gurgaon,0,0
New Town Cafe - Park Plaza,"Park Plaza, Sushant Lok","Continental, American, North Indian, Chinese",4,2200.0,INR,3.7,176,3.618,India,Gurgaon,1,0
The Great Kabab Factory - Park Plaza,"Park Plaza, Sushant Lok","North Indian, Mughlai",4,3000.0,INR,3.7,340,3.653,India,Gurgaon,1,0
K2 Restaurant,"Plaza Mall, MG Road","Korean, Chinese",4,2000.0,INR,3.0,21,3.233,India,Gurgaon,1,0
Angels in my Kitchen,"Qutab Plaza, DLF Phase 1","Bakery, Desserts, Fast Food",1,350.0,INR,3.1,84,3.186,India,Gurgaon,0,1
Barista,"Qutab Plaza, DLF Phase 1",Cafe,2,650.0,INR,3.3,41,3.317,India,Gurgaon,0,0
Cafe Coffee Day,"Qutab Plaza, DLF Phase 1",Cafe,1,450.0,INR,2.8,18,3.19,India,Gurgaon,0,0
Cafe Naklee,"Qutab Plaza, DLF Phase 1",Cafe,1,400.0,INR,3.2,10,3.309,India,Gurgaon,0,0
Chacha's Take Away,"Qutab Plaza, DLF Phase 1","North Indian, Mughlai",2,700.0,INR,2.8,16,3.202,India,Gurgaon,0,1
Colonel's Kababz,"Qutab Plaza, DLF Phase 1","North Indian, Mughlai",2,900.0,INR,3.0,61,3.149,India,Gurgaon,1,1
Domino's Pizza,"Qutab Plaza, DLF Phase 1","Pizza, Fast Food",2,700.0,INR,2.8,70,3.021,India,Gurgaon,0,0
Green Chick Chop,"Qutab Plaza, DLF Phase 1","Raw Meats, North Indian, Fast Food",1,350.0,INR,2.8,16,3.202,India,Gurgaon,0,0
Naushi's Kitchenette,"Qutab Plaza, DLF Phase 1","Bakery, Beverages",2,500.0,INR,3.4,57,3.368,India,Gurgaon,0,0
Sapra Pastry Treat,"Qutab Plaza, DLF Phase 1","Bakery, Fast Food",1,250.0,INR,3.0,33,3.199,India,Gurgaon,0,1
Subway,"Qutab Plaza, DLF Phase 1","American, Fast Food, Salad, Healthy Food",2,500.0,INR,3.2,92,3.246,India,Gurgaon,0,1
Sunny Sweets,"Qutab Plaza, DLF Phase 1","Mithai, Street Food",1,200.0,INR,3.3,22,3.321,India,Gurgaon,0,0
The Healthy Rasoi,"Qutab Plaza, DLF Phase 1","Healthy Food, North Indian, Beverages",2,500.0,INR,3.7,25,3.454,India,Gurgaon,0,0
Burger King,"Raheja Mall, Sohna Road","Burger, Fast Food",2,500.0,INR,3.0,71,3.137,India,Gurgaon,0,1
Hong Kong Express,"Raheja Mall, Sohna Road","Chinese, Thai",2,700.0,INR,3.2,100,3.244,India,Gurgaon,0,1
Viva Hyderabad,"Raheja Mall, Sohna Road","Biryani, North Indian",2,600.0,INR,2.3,32,2.928,India,Gurgaon,0,1
Cafe Rouge - Ramada,"Ramada Gurgaon Central, Sector 44","North Eastern, Continental, South Indian, Fast Food",3,1500.0,INR,3.5,194,3.465,India,Gurgaon,1,0
Shamji Sweets,Sadar Bazar,Mithai,1,200.0,INR,3.2,15,3.301,India,Gurgaon,0,0
Sialkoti Vaishno Dhaba,Sadar Bazar,North Indian,1,250.0,INR,3.1,16,3.275,India,Gurgaon,0,0
Haldiram's,"Sahara Mall, MG Road","North Indian, South Indian, Chinese, Street Food, Fast Food, Mithai, Desserts",2,600.0,INR,3.6,315,3.563,India,Gurgaon,0,0
Club Prison,"Sahara Mall, MG Road",Finger Food,3,1800.0,INR,2.4,53,2.852,India,Gurgaon,0,0
Maa Bhagwati Tiffins,Sector 12,North Indian,1,200.0,INR,3.0,4,3.306,India,Gurgaon,0,0
Spices & Sauces,Sector 12,"North Indian, Continental",3,1500.0,INR,3.0,8,3.285,India,Gurgaon,1,0
Assam Tea Corner,Sector 14,"Chinese, Street Food",1,150.0,INR,2.8,6,3.274,India,Gurgaon,0,0
Bakingo,Sector 14,Bakery,1,400.0,INR,3.0,4,3.306,India,Gurgaon,0,0
Balaji Sweets & Snacks,Sector 14,"North Indian, South Indian, Chinese",1,400.0,INR,2.9,6,3.285,India,Gurgaon,0,0
Baxman Delivers,Sector 14,"North Indian, Chinese, Fast Food, Desserts",2,800.0,INR,2.9,4,3.299,India,Gurgaon,0,0
Burger Point,Sector 14,"Burger, Fast Food",1,300.0,INR,3.2,20,3.293,India,Gurgaon,0,0
Burger Xpress,Sector 14,Fast Food,1,300.0,INR,3.1,20,3.265,India,Gurgaon,0,0
Cafe Coffee Day,Sector 14,Cafe,1,450.0,INR,2.8,34,3.116,India,Gurgaon,0,0
Cake Factory,Sector 14,"Bakery, Desserts",1,300.0,INR,3.3,36,3.318,India,Gurgaon,0,1
Cake Maker,Sector 14,"Street Food, Bakery",1,200.0,INR,3.0,5,3.301,India,Gurgaon,0,0
Captain's Table,Sector 14,"Bakery, Desserts",1,200.0,INR,3.1,41,3.227,India,Gurgaon,0,0
Carpedium,Sector 14,"Bakery, Desserts",1,200.0,INR,3.1,7,3.302,India,Gurgaon,0,0
Chef Sack Kitchen,Sector 14,"Mexican, Lebanese, Italian, Continental, Thai",2,500.0,INR,3.1,7,3.302,India,Gurgaon,0,0
Chinar Junction,Sector 14,"North Indian, Chinese",2,600.0,INR,2.8,8,3.257,India,Gurgaon,0,0
Frontier,Sector 14,Bakery,1,200.0,INR,2.9,10,3.259,India,Gurgaon,0,0
Ganpati Rasoi,Sector 14,North Indian,1,200.0,INR,3.2,11,3.307,India,Gurgaon,0,0
Indian & Chinese Corner,Sector 14,"North Indian, Chinese",1,400.0,INR,3.1,21,3.262,India,Gurgaon,0,0
Juice Lounge,Sector 14,"Beverages, Fast Food",1,350.0,INR,3.4,25,3.354,India,Gurgaon,0,0
KB's Kulfi & Icecream,Sector 14,Ice Cream,1,200.0,INR,3.3,19,3.322,India,Gurgaon,0,1
KB's Kulfi & Icecream,Sector 14,Ice Cream,1,200.0,INR,3.3,43,3.316,India,Gurgaon,0,1
Keventers,Sector 14,Beverages,1,250.0,INR,2.6,18,3.137,India,Gurgaon,0,0
KFC,Sector 14,"American, Fast Food, Burger",2,500.0,INR,2.7,17,3.171,India,Gurgaon,0,1
Madras Cafe,Sector 14,"South Indian, North Indian, Chinese, Fast Food",1,300.0,INR,3.3,69,3.313,India,Gurgaon,0,0
Madurai Meenakshi Bhawan,Sector 14,"South Indian, North Indian",1,300.0,INR,3.4,25,3.354,India,Gurgaon,0,0
Masala Fusion,Sector 14,"North Indian, Chinese",2,600.0,INR,3.2,52,3.264,India,Gurgaon,0,1
Moti Mahal Delux Tandoori Trail,Sector 14,"North Indian, Continental",2,800.0,INR,2.9,16,3.226,India,Gurgaon,1,0
Mr. & Mrs. Idly,Sector 14,"South Indian, Chinese",1,400.0,INR,3.0,5,3.301,India,Gurgaon,0,0
Pind Bawarchi,Sector 14,"North Indian, Chinese",2,600.0,INR,3.1,8,3.299,India,Gurgaon,0,1
Republic of Chicken,Sector 14,"Raw Meats, Fast Food",1,400.0,INR,2.8,9,3.25,India,Gurgaon,0,0
Ridhi Sidhi,Sector 14,"North Indian, Chinese, South Indian",2,500.0,INR,3.0,30,3.207,India,Gurgaon,0,1
Romi Da Dhaba,Sector 14,North Indian,1,450.0,INR,3.2,34,3.278,India,Gurgaon,0,0
Shamji Sweets,Sector 14,"Mithai, South Indian, Chinese, Street Food, North Indian",2,600.0,INR,2.9,26,3.183,India,Gurgaon,0,0
Six Pack Kitchen,Sector 14,"Healthy Food, Continental",2,600.0,INR,3.2,13,3.304,India,Gurgaon,0,0
Taste of Dilli 6,Sector 14,"Chinese, North Indian",2,650.0,INR,2.7,9,3.234,India,Gurgaon,0,1
The Guls,Sector 14,North Indian,2,650.0,INR,3.0,21,3.233,India,Gurgaon,0,0
The League Restaurant,Sector 14,"North Indian, Chinese",2,900.0,INR,3.1,17,3.272,India,Gurgaon,1,0
The Plaza Solitaire,Sector 14,"North Indian, Mughlai, Chinese, South Indian",2,900.0,INR,3.3,32,3.319,India,Gurgaon,1,0
Uttarakhand Fast Food,Sector 14,North Indian,1,200.0,INR,2.9,6,3.285,India,Gurgaon,0,0
Viva Hyderabad,Sector 14,"Biryani, North Indian",2,600.0,INR,2.5,70,2.846,India,Gurgaon,0,1
Wahid Food Corner,Sector 14,North Indian,1,400.0,INR,2.8,6,3.274,India,Gurgaon,0,0
Zync - Rosewood Hotel,Sector 14,"North Indian, Chinese, Continental",3,1000.0,INR,3.0,5,3.301,India,Gurgaon,1,0
Konetto Pizza,Sector 14,Pizza,1,150.0,INR,3.5,32,3.397,India,Gurgaon,0,0
South Store,Sector 14,South Indian,1,200.0,INR,3.5,64,3.426,India,Gurgaon,0,0
Captain Bill$ Deliverz,Sector 14,"North Indian, Chinese, Fast Food",3,1000.0,INR,2.4,23,3.037,India,Gurgaon,0,1
China Hut,Sector 14,"Chinese, Fast Food",1,300.0,INR,2.4,18,3.084,India,Gurgaon,0,0
G Dot,Sector 14,"North Indian, South Indian, Chinese",1,400.0,INR,2.4,26,3.012,India,Gurgaon,0,1
Cake2you,Sector 15,"Bakery, Desserts",1,400.0,INR,3.0,4,3.306,India,Gurgaon,0,0
Delight Express,Sector 15,"Chinese, North Indian",1,400.0,INR,2.9,6,3.285,India,Gurgaon,0,0
Empress,Sector 15,"North Indian, Chinese",3,1000.0,INR,2.9,5,3.292,India,Gurgaon,1,0
Hotel DDR,Sector 15,"North Indian, Chinese, Mughlai",2,500.0,INR,2.8,10,3.242,India,Gurgaon,0,0
Khan Kabab Corner,Sector 15,"Mughlai, North Indian",2,500.0,INR,3.0,4,3.306,India,Gurgaon,0,0
Kwality Cakes and Bakes,Sector 15,"Bakery, Desserts, Fast Food",1,350.0,INR,3.2,12,3.305,India,Gurgaon,0,0
Nite Bites,Sector 15,"North Indian, Chinese, Continental",2,650.0,INR,2.9,4,3.299,India,Gurgaon,0,1
Oriental Kitchen Express,Sector 15,"Chinese, Thai",1,450.0,INR,3.3,14,3.324,India,Gurgaon,0,1
Royal Mart,Sector 15,"Bakery, Fast Food",1,300.0,INR,2.9,4,3.299,India,Gurgaon,0,0
Sikkim Fast Food,Sector 15,Chinese,1,350.0,INR,2.7,36,3.067,India,Gurgaon,0,0
ZASTY,Sector 15,"Continental, North Indian, Asian",2,500.0,INR,3.5,28,3.391,India,Gurgaon,0,0
Maachh Bhaat,Sector 17,Oriya,2,600.0,INR,3.4,256,3.389,India,Gurgaon,0,1
Domino's Pizza,Sector 21,"Pizza, Fast Food",2,700.0,INR,3.3,32,3.319,India,Gurgaon,0,0
GoGourmet,Sector 21,"Healthy Food, Beverages",2,600.0,INR,3.2,8,3.313,India,Gurgaon,0,0
Snack Shack,Sector 21,Chinese,1,400.0,INR,2.7,15,3.185,India,Gurgaon,0,1
Westross,Sector 21,"Italian, Mexican",1,400.0,INR,3.5,40,3.406,India,Gurgaon,0,1
Cake Desire,Sector 22,Bakery,1,400.0,INR,3.0,4,3.306,India,Gurgaon,0,0
Behrouz Biryani,Sector 23,Biryani,2,600.0,INR,3.4,17,3.348,India,Gurgaon,0,1
Biryani Art,Sector 23,"Hyderabadi, North Indian, Biryani",3,1100.0,INR,3.3,8,3.326,India,Gurgaon,1,1
Daawat-e! Amritsar,Sector 23,Mughlai,2,700.0,INR,2.9,27,3.18,India,Gurgaon,0,1
Faasos,Sector 23,"North Indian, Fast Food",2,600.0,INR,3.0,13,3.262,India,Gurgaon,0,1
Ovenstory Pizza,Sector 23,"Pizza, Fast Food",2,500.0,INR,3.3,15,3.324,India,Gurgaon,0,1
Pizza Hut Delivery,Sector 23,"Italian, Pizza, Fast Food",2,800.0,INR,2.7,53,3.006,India,Gurgaon,0,1
Game n Grillz,Sector 23,"North Indian, Chinese, Fast Food",2,850.0,INR,3.6,169,3.539,India,Gurgaon,1,0
Hamoni Red: Play Cafe,Sector 23,Cafe,2,900.0,INR,3.9,25,3.52,India,Gurgaon,0,0
Machan,Sector 29,"North Indian, Chinese",2,900.0,INR,3.3,88,3.311,India,Gurgaon,1,0
Mainland China,Sector 29,Chinese,3,1800.0,INR,3.3,563,3.303,India,Gurgaon,1,0
Pind Balluchi,Sector 29,"North Indian, Mughlai",2,800.0,INR,3.4,1022,3.397,India,Gurgaon,0,1
Sagar Ratna,Sector 29,"South Indian, North Indian, Chinese",2,600.0,INR,2.7,235,2.811,India,Gurgaon,0,0
Sasuraal,Sector 29,"North Indian, Mughlai",3,1400.0,INR,3.3,586,3.302,India,Gurgaon,1,1
feel ALIVE,Sector 29,"North Indian, American, Asian, Biryani",3,1200.0,INR,4.7,69,4.125,India,Gurgaon,1,0
Matchbox,Sector 29,"Continental, North Indian, Chinese",3,1500.0,INR,4.8,245,4.551,India,Gurgaon,1,0
Prankster,Sector 29,"Modern Indian, North Indian",3,1500.0,INR,4.8,1478,4.752,India,Gurgaon,1,0
21 Gun Salute,Sector 29,"North Indian, Mughlai, Asian, Continental",4,2000.0,INR,3.9,1365,3.88,India,Gurgaon,1,1
Backyard Underground,Sector 29,"Continental, Italian, North Indian, American",3,1400.0,INR,3.5,134,3.454,India,Gurgaon,1,0
Bikanervala,Sector 29,"Mithai, North Indian, South Indian, Fast Food, Street Food, Chinese",2,550.0,INR,3.8,966,3.777,India,Gurgaon,0,1
Chin Chin,Sector 29,Chinese,3,1500.0,INR,3.5,429,3.482,India,Gurgaon,1,1
Domino's Pizza,Sector 29,"Pizza, Fast Food",2,700.0,INR,3.6,146,3.531,India,Gurgaon,0,0
Eggjactly,Sector 29,"American, Fast Food",2,500.0,INR,3.7,241,3.637,India,Gurgaon,0,0
Gola Sizzlers,Sector 29,"Chinese, North Indian, Mughlai, Continental",3,1500.0,INR,3.5,853,3.491,India,Gurgaon,1,0
Hunter Valley,Sector 29,"Mexican, Italian, North Indian, Chinese",3,1600.0,INR,3.6,254,3.556,India,Gurgaon,1,0
Jungle Jamboree,Sector 29,"Continental, Chinese, Thai, Mughlai, North Indian",3,1500.0,INR,3.8,1317,3.783,India,Gurgaon,1,0
McDonald's,Sector 29,"Fast Food, Burger",2,500.0,INR,3.5,187,3.464,India,Gurgaon,0,1
My Bar Headquarters By Dockyard,Sector 29,"Continental, North Indian, Chinese, European, Asian",3,1500.0,INR,3.9,401,3.837,India,Gurgaon,1,0
Punjabi by Nature,Sector 29,North Indian,3,1500.0,INR,3.6,302,3.562,India,Gurgaon,1,1
Sandys Cocktails & Kitchen,Sector 29,"Asian, European",3,1800.0,INR,3.9,297,3.818,India,Gurgaon,1,1
Sense Of Spirits,Sector 29,"North Indian, Chinese, Continental, Thai",3,1200.0,INR,3.9,280,3.814,India,Gurgaon,1,0
Starbucks,Sector 29,Cafe,2,700.0,INR,3.7,269,3.642,India,Gurgaon,0,0
Swagath,Sector 29,"North Indian, Chinese, South Indian, Seafood, Chettinad",3,1500.0,INR,3.6,289,3.56,India,Gurgaon,1,0
The Old School Brew House,Sector 29,"Continental, Burger, Pizza, North Indian, European, Finger Food",4,2000.0,INR,3.9,96,3.705,India,Gurgaon,1,0
Barcelos,Sector 29,"Portuguese, African, Lebanese",3,1400.0,INR,4.0,322,3.91,India,Gurgaon,1,0
Boombox Brewstreet,Sector 29,"North Indian, Italian, Chinese, American",3,1600.0,INR,4.4,391,4.279,India,Gurgaon,1,0
BRONX Bar Exchange,Sector 29,"Chinese, Continental, North Indian, Mexican",4,2100.0,INR,4.1,569,4.038,India,Gurgaon,0,0
Djinggs,Sector 29,"Asian, Seafood",3,1500.0,INR,4.1,105,3.852,India,Gurgaon,0,0
Downtown - Diners & Living Beer Cafe,Sector 29,"North Indian, Chinese, Italian, Continental",3,1800.0,INR,4.4,3569,4.385,India,Gurgaon,0,0
Drifters Cafe,Sector 29,"Chinese, Thai, Asian",1,400.0,INR,4.1,208,3.951,India,Gurgaon,0,0
Gung The Palace,Sector 29,Korean,4,2500.0,INR,4.2,327,4.085,India,Gurgaon,1,1
Magadh and Awadh,Sector 29,"Bihari, Lucknowi, North Indian",3,1200.0,INR,4.0,226,3.879,India,Gurgaon,1,1
Mamagoto,Sector 29,"Asian, Thai, Chinese",3,1600.0,INR,4.1,875,4.058,India,Gurgaon,1,1
Molecule Air Bar,Sector 29,"Continental, North Indian, Italian, Chinese",3,1500.0,INR,4.2,1809,4.177,India,Gurgaon,1,0
Nagai,Sector 29,"Japanese, Sushi",4,3300.0,INR,4.3,56,3.843,India,Gurgaon,0,0
PitStop BrewPub,Sector 29,"Continental, Italian, North Indian, Mughlai",3,1250.0,INR,4.4,166,4.152,India,Gurgaon,1,0
The Classroom,Sector 29,"North Indian, Italian, Parsi, Asian, Kerala",3,1200.0,INR,4.4,146,4.127,India,Gurgaon,1,0
buno,Sector 30,"Healthy Food, Cafe, Desserts, Italian, Bakery",2,650.0,INR,3.8,99,3.643,India,Gurgaon,0,1
Bottles and Barrels,Sector 30,"North Indian, Asian, Italian",3,1850.0,INR,4.0,242,3.885,India,Gurgaon,1,0
A One Rasoi,Sector 31,North Indian,2,500.0,INR,3.1,11,3.289,India,Gurgaon,0,0
Angeethi,Sector 31,"North Indian, Chinese, Mughlai",1,450.0,INR,2.7,73,2.956,India,Gurgaon,0,0
Burger Point,Sector 31,"Burger, Fast Food",1,300.0,INR,2.7,7,3.253,India,Gurgaon,0,0
Cafe Coffee Day,Sector 31,Cafe,1,450.0,INR,3.1,23,3.258,India,Gurgaon,0,0
Cake Castle,Sector 31,"Bakery, Fast Food",1,250.0,INR,3.2,23,3.29,India,Gurgaon,0,1
CHA,Sector 31,"Beverages, Fast Food",1,200.0,INR,3.2,7,3.315,India,Gurgaon,0,0
Chai Point,Sector 31,"Tea, Fast Food",1,200.0,INR,2.9,10,3.259,India,Gurgaon,0,1
Fees - The Cloud Kitchen,Sector 31,"North Indian, Mughlai",2,850.0,INR,2.9,5,3.292,India,Gurgaon,0,0
Food Ka Mood,Sector 31,"North Indian, Chinese",2,500.0,INR,3.1,34,3.237,India,Gurgaon,0,1
Frozen Factory,Sector 31,"Desserts, Beverages",1,200.0,INR,3.1,7,3.302,India,Gurgaon,0,0
Goli Vada Pav No. 1,Sector 31,Street Food,1,150.0,INR,3.1,5,3.31,India,Gurgaon,0,1
Green Chick Chop,Sector 31,"Raw Meats, North Indian, Fast Food",1,350.0,INR,3.1,14,3.28,India,Gurgaon,0,0
Harichatni.com,Sector 31,"North Indian, Street Food",2,500.0,INR,2.9,7,3.278,India,Gurgaon,0,0
Kk Chaap Express,Sector 31,"Fast Food, North Indian",1,250.0,INR,3.3,8,3.326,India,Gurgaon,0,0
Latenight.in,Sector 31,"North Indian, Biryani, Chinese",2,600.0,INR,3.0,8,3.285,India,Gurgaon,0,1
Mitran Da Junction,Sector 31,North Indian,2,500.0,INR,2.7,7,3.253,India,Gurgaon,0,0
Mogambo Kitchen,Sector 31,"North Indian, Fast Food",1,350.0,INR,3.1,9,3.295,India,Gurgaon,0,0
Mother Ringlet,Sector 31,"North Indian, Chinese",1,450.0,INR,2.5,52,2.907,India,Gurgaon,0,0
Sna-X Point,Sector 31,"Fast Food, Chinese",1,300.0,INR,3.2,39,3.273,India,Gurgaon,0,0
Wow! Momo,Sector 31,"Chinese, Tibetan",1,400.0,INR,2.9,9,3.265,India,Gurgaon,0,0
Yashna,Sector 31,"North Indian, Mughlai",2,500.0,INR,2.8,73,3.016,India,Gurgaon,0,1
Twigly,Sector 31,"Asian, Continental, Fast Food",2,500.0,INR,4.5,76,4.036,India,Gurgaon,0,1
Bakers Oven,Sector 31,"Bakery, Desserts",2,600.0,INR,3.6,183,3.542,India,Gurgaon,0,1
Dilli 6 On Wheels,Sector 31,"North Indian, Chinese",1,250.0,INR,3.8,142,3.678,India,Gurgaon,0,1
La Pino'z Pizza,Sector 31,"Pizza, Italian",2,650.0,INR,3.5,22,3.382,India,Gurgaon,1,1
LeanBodyMeals,Sector 31,"Healthy Food, Salad, Italian, Continental",2,600.0,INR,3.9,144,3.753,India,Gurgaon,0,1
Om Sweets & Snacks,Sector 31,"North Indian, South Indian, Street Food, Mithai",2,500.0,INR,3.5,486,3.484,India,Gurgaon,0,1
Tasty Tweets,Sector 31,Bakery,1,400.0,INR,3.9,104,3.715,India,Gurgaon,0,1
The Kathi Rolls,Sector 31,Fast Food,1,400.0,INR,3.5,136,3.454,India,Gurgaon,0,1
Flying Cakes,Sector 31,Bakery,1,350.0,INR,2.4,13,3.139,India,Gurgaon,0,1
Bikkgane Biryani,Sector 31,"Biryani, North Indian, Hyderabadi",2,800.0,INR,4.0,530,3.942,India,Gurgaon,1,1
Cafeast,Sector 39,"North Indian, Chinese",2,500.0,INR,3.0,6,3.295,India,Gurgaon,0,0
Yomo-Your Only Momo Outlet,Sector 39,Fast Food,1,150.0,INR,3.0,5,3.301,India,Gurgaon,0,0
Midnight Sutra,Sector 43,"North Indian, Fast Food",2,600.0,INR,3.0,174,3.074,India,Gurgaon,0,1
Paddy's - The Grub Grill,Sector 43,"North Indian, Chinese, Fast Food",2,600.0,INR,3.2,11,3.307,India,Gurgaon,0,1
Sugar Rush By Saiba,Sector 43,"Bakery, Desserts",1,400.0,INR,4.1,176,3.93,India,Gurgaon,0,0
Bamboo House,Sector 45,"Chinese, Thai",2,550.0,INR,3.4,64,3.37,India,Gurgaon,0,1
Burger Unlimited Kitchen,Sector 45,"North Indian, Chinese, Fast Food",2,600.0,INR,3.2,41,3.272,India,Gurgaon,0,1
Cafeteria Point,Sector 45,Cafe,2,500.0,INR,3.2,24,3.288,India,Gurgaon,0,1
Choudhary Gohana Famous Jalebi,Sector 45,"Mithai, Street Food",1,200.0,INR,3.2,10,3.309,India,Gurgaon,0,0
Curry N' Tandoor,Sector 45,"Mughlai, North Indian",2,500.0,INR,3.2,18,3.296,India,Gurgaon,0,0
Dawat-e-Ishq,Sector 45,"North Indian, Chinese",2,600.0,INR,3.3,59,3.314,India,Gurgaon,0,1
Delish Bake N Choc,Sector 45,"Bakery, Fast Food",1,250.0,INR,2.9,28,3.176,India,Gurgaon,0,0
Flavours,Sector 45,"North Indian, Chinese, Mughlai",2,600.0,INR,3.3,74,3.312,India,Gurgaon,0,0
Om Sweets & Snacks,Sector 45,"North Indian, South Indian, Street Food, Mithai",2,500.0,INR,2.8,14,3.215,India,Gurgaon,0,1
Om Sweets,Sector 45,"Mithai, North Indian, South Indian, Chinese",1,300.0,INR,3.2,50,3.265,India,Gurgaon,0,1
Raj Restaurant,Sector 45,"North Indian, Mughlai",2,700.0,INR,3.1,11,3.289,India,Gurgaon,0,0
Tasha's Artisan Foods,Sector 45,"Bakery, Desserts",1,200.0,INR,3.2,10,3.309,India,Gurgaon,0,0
Urban Kitchen,Sector 45,"North Indian, Chinese, Mughlai",2,500.0,INR,3.2,88,3.247,India,Gurgaon,0,1
Nite Bites,Sector 45,"North Indian, Chinese, Continental",2,650.0,INR,3.7,427,3.661,India,Gurgaon,0,1
Raj Restaurant,Sector 45,"Chinese, North Indian, Mughlai",2,700.0,INR,2.4,92,2.728,India,Gurgaon,0,1
Burger Hut,Sector 5,"Burger, Fast Food, Chinese",1,300.0,INR,2.8,16,3.202,India,Gurgaon,0,0
Dancing Turkeys,Sector 50,Continental,2,800.0,INR,3.3,17,3.323,India,Gurgaon,0,0
Zizo,Sector 54,"Lebanese, Mediterranean, Middle Eastern, Arabian",3,1600.0,INR,3.9,233,3.799,India,Gurgaon,1,1
Grill King Kabab & Curries,Sector 54,"North Indian, Chinese",2,500.0,INR,2.4,20,3.065,India,Gurgaon,0,1
Aarush - A Mediterranean Kitchen,Sector 56,Mediterranean,2,600.0,INR,3.2,6,3.317,India,Gurgaon,0,0
Blossoms 4 U,Sector 56,"Bakery, Desserts",1,300.0,INR,3.0,6,3.295,India,Gurgaon,0,1
Breakfast@60,Sector 56,"Chinese, North Indian, South Indian, Healthy Food",1,120.0,INR,3.1,6,3.306,India,Gurgaon,0,0
Bunny Burgers,Sector 56,"Fast Food, Burger",1,400.0,INR,3.3,15,3.324,India,Gurgaon,0,1
Curry Haus,Sector 56,North Indian,2,600.0,INR,3.1,4,3.314,India,Gurgaon,0,1
Droolfi,Sector 56,Desserts,1,100.0,INR,3.0,4,3.306,India,Gurgaon,0,0
Earthen Spices,Sector 56,"North Indian, Mughlai, Chinese",2,600.0,INR,2.7,20,3.15,India,Gurgaon,0,0
FatPlates,Sector 56,North Indian,2,600.0,INR,3.0,18,3.243,India,Gurgaon,0,0
Food4U!,Sector 56,"North Indian, Chinese, Street Food",2,600.0,INR,3.2,18,3.296,India,Gurgaon,0,1
Ghar Ki Handi,Sector 56,North Indian,1,300.0,INR,3.0,6,3.295,India,Gurgaon,0,0
Giani,Sector 56,"Ice Cream, Desserts",1,300.0,INR,3.2,7,3.315,India,Gurgaon,0,0
Great Desserts Company,Sector 56,"Bakery, Desserts",1,300.0,INR,3.3,14,3.324,India,Gurgaon,0,0
Green Chick Chop,Sector 56,"Raw Meats, Fast Food",1,350.0,INR,2.9,4,3.299,India,Gurgaon,0,0
Mughlai Treat,Sector 56,"North Indian, Mughlai",2,500.0,INR,3.2,48,3.267,India,Gurgaon,0,0
Munch,Sector 56,"North Indian, South Indian, Fast Food",2,700.0,INR,3.1,9,3.295,India,Gurgaon,0,1
New Spice World,Sector 56,"Chinese, Fast Food",2,600.0,INR,2.9,5,3.292,India,Gurgaon,0,0
Pure Bliss,Sector 56,"North Indian, Chinese",2,500.0,INR,3.0,33,3.199,India,Gurgaon,0,0
Puskar Raj Momos & Chinese Corner,Sector 56,Chinese,1,200.0,INR,3.0,4,3.306,India,Gurgaon,0,0
Sai-Yo!,Sector 56,"North Indian, Chinese",2,650.0,INR,3.1,37,3.233,India,Gurgaon,0,1
Shanghai Cafe,Sector 56,Chinese,2,600.0,INR,2.6,17,3.145,India,Gurgaon,0,1
The Blaze,Sector 56,"North Indian, Chinese",2,750.0,INR,2.9,8,3.271,India,Gurgaon,1,0
Ullu Delivers,Sector 56,"North Indian, Chinese",2,500.0,INR,2.8,5,3.282,India,Gurgaon,0,1
Yomo-Your Only Momo Outlet,Sector 56,Fast Food,1,150.0,INR,3.0,6,3.295,India,Gurgaon,0,0
Dimsum Democracy,Sector 56,Chinese,2,500.0,INR,3.6,47,3.461,India,Gurgaon,0,0
Midnight Hunger,Sector 56,"Continental, North Indian",1,400.0,INR,3.8,46,3.556,India,Gurgaon,0,0
The Punjab Kitchen,Sector 56,North Indian,1,350.0,INR,3.9,37,3.573,India,Gurgaon,0,1
Too Maach,Sector 56,"Bengali, North Indian",2,800.0,INR,3.5,46,3.412,India,Gurgaon,0,1
Chawla's_,Sector 56,"North Indian, Mughlai, Chinese",2,800.0,INR,2.2,66,2.687,India,Gurgaon,0,0
Chy - Na Express,Sector 56,Chinese,1,400.0,INR,2.2,46,2.789,India,Gurgaon,0,1
Kwality,Sector 56,"Chinese, Mughlai, North Indian",2,650.0,INR,2.4,52,2.856,India,Gurgaon,0,0
Brother's Snacks and Shakes,Sector 57,Fast Food,1,300.0,INR,3.2,12,3.305,India,Gurgaon,0,1
Ginger Garlic,Sector 57,Chinese,2,600.0,INR,2.8,106,2.97,India,Gurgaon,0,1
Arabicaa 9,Sector 7,Lebanese,2,500.0,INR,3.3,22,3.321,India,Gurgaon,0,0
Burger Xpress,Sector 7,Fast Food,1,300.0,INR,3.4,94,3.376,India,Gurgaon,0,0
Dilli Light,Sector 7,"North Indian, Chinese",2,600.0,INR,2.6,16,3.154,India,Gurgaon,0,1
KB's Kulfi & Icecream,Sector 7,Ice Cream,1,200.0,INR,2.8,11,3.235,India,Gurgaon,0,1
MyLoveBiryani.Com,Sector 7,"North Indian, Biryani",1,350.0,INR,3.2,16,3.299,India,Gurgaon,0,0
Tandoori Adda,Sector 7,"North Indian, Mughlai, Chinese",1,450.0,INR,3.2,32,3.28,India,Gurgaon,0,1
Tiffins 4 U,Sector 7,North Indian,1,200.0,INR,3.1,27,3.25,India,Gurgaon,0,0
Cafe Cup of Life,Sector 7,"Cafe, Fast Food, Chinese",2,550.0,INR,3.7,45,3.506,India,Gurgaon,0,1
DCK- Dana Choga's Kitchen,Sector 7,"North Indian, Mughlai",2,800.0,INR,3.5,148,3.457,India,Gurgaon,0,1
Kishu Di Hatti Sweets,Sector 7,Mithai,1,150.0,INR,3.6,20,3.408,India,Gurgaon,0,0
KC Bakers,Sector 8,Bakery,1,350.0,INR,3.2,13,3.304,India,Gurgaon,0,1
Sham Sweets,Sector 8,"Mithai, Street Food",1,200.0,INR,2.8,7,3.266,India,Gurgaon,0,0
Gopala,"Shopping Mall, DLF Phase 1","Mithai, Street Food",1,250.0,INR,3.4,37,3.36,India,Gurgaon,0,0
Halki Aanch,"Shopping Mall, DLF Phase 1","North Indian, Chinese",2,700.0,INR,3.3,64,3.313,India,Gurgaon,0,1
New Sukh Sagar,"Shopping Mall, DLF Phase 1",Street Food,1,100.0,INR,3.2,16,3.299,India,Gurgaon,0,0
Sweets Corner,"Shopping Mall, DLF Phase 1","Mithai, North Indian, Chinese, Street Food",1,450.0,INR,2.7,28,3.104,India,Gurgaon,0,0
Minus5degree,"Shopping Mall, DLF Phase 1","Desserts, Ice Cream",1,200.0,INR,3.6,28,3.427,India,Gurgaon,0,0
Qureshi's Kabab Corner,"Shopping Mall, DLF Phase 1","North Indian, Mughlai",2,650.0,INR,4.0,398,3.925,India,Gurgaon,0,0
Burger Singh,Sohna Road,"Burger, Fast Food",2,500.0,INR,3.4,190,3.386,India,Gurgaon,0,1
Captain Bill$ Deliverz,Sohna Road,"North Indian, Chinese, Fast Food",3,1000.0,INR,2.5,65,2.861,India,Gurgaon,0,1
Chaayos,Sohna Road,"Cafe, Tea",1,400.0,INR,3.3,39,3.317,India,Gurgaon,0,1
Chai Point,Sohna Road,"Tea, Fast Food",1,200.0,INR,3.4,20,3.35,India,Gurgaon,0,1
Cyber Adda 24,Sohna Road,"North Indian, Chinese, Fast Food",2,500.0,INR,3.3,17,3.323,India,Gurgaon,0,0
Desi Thaat,Sohna Road,"North Indian, Chinese",1,400.0,INR,3.2,21,3.292,India,Gurgaon,0,1
Doughlicious,Sohna Road,"Bakery, Desserts, Fast Food",2,550.0,INR,3.3,175,3.307,India,Gurgaon,0,1
Dunkin' Donuts,Sohna Road,"Burger, Desserts, Fast Food",2,600.0,INR,3.4,138,3.382,India,Gurgaon,0,1
Gulshan Dhaba,Sohna Road,North Indian,1,150.0,INR,3.4,20,3.35,India,Gurgaon,0,0
Karari Kurry,Sohna Road,"North Indian, Chinese, Fast Food",2,600.0,INR,3.4,51,3.366,India,Gurgaon,0,1
Moti Mahal Delux,Sohna Road,"North Indian, Mughlai",3,1000.0,INR,3.2,32,3.28,India,Gurgaon,1,1
Needs Gourmet,Sohna Road,"North Indian, Chinese, Italian",2,750.0,INR,3.1,57,3.208,India,Gurgaon,1,0
Rao's Meeting Point,Sohna Road,"South Indian, North Indian, Chinese",1,300.0,INR,3.4,54,3.367,India,Gurgaon,0,0
Sadabahar Hotel,Sohna Road,North Indian,1,400.0,INR,2.9,41,3.137,India,Gurgaon,0,0
Sagar Ratna,Sohna Road,"South Indian, North Indian, Chinese",2,600.0,INR,2.5,188,2.675,India,Gurgaon,0,1
Shri Ram Restaurant,Sohna Road,"North Indian, Street Food, Mithai",1,400.0,INR,3.1,68,3.198,India,Gurgaon,0,0
Shri Ram Restaurant,Sohna Road,"North Indian, Mithai, Street Food",1,400.0,INR,2.6,30,3.057,India,Gurgaon,0,0
Subway,Sohna Road,"American, Fast Food, Salad, Healthy Food",2,500.0,INR,2.9,58,3.099,India,Gurgaon,0,1
Subway,Sohna Road,"American, Fast Food, Salad, Healthy Food",2,500.0,INR,2.9,101,3.043,India,Gurgaon,0,1
Sugarcraft Patisserie,Sohna Road,Bakery,2,800.0,INR,3.3,16,3.323,India,Gurgaon,0,0
Tea Halt,Sohna Road,Cafe,2,500.0,INR,2.8,22,3.169,India,Gurgaon,0,1
The Golden Dragon,Sohna Road,"Chinese, Seafood, Japanese",3,1500.0,INR,2.6,83,2.875,India,Gurgaon,1,1
The Spice Room,Sohna Road,"North Indian, Chinese",3,1350.0,INR,3.4,155,3.383,India,Gurgaon,1,1
The Tongue Twister,Sohna Road,"Chinese, North Indian, Mughlai",2,600.0,INR,3.4,40,3.361,India,Gurgaon,0,0
56 Fresca,Sohna Road,Italian,2,750.0,INR,3.7,30,3.469,India,Gurgaon,1,1
BreakfastBay,Sohna Road,"Healthy Food, Continental, North Indian, Salad",1,200.0,INR,3.5,30,3.394,India,Gurgaon,0,1
Cafe Maple Street,Sohna Road,"Cafe, Bakery, Desserts",2,500.0,INR,3.5,84,3.437,India,Gurgaon,0,1
Fat Lulu's,Sohna Road,"Pizza, Italian",3,1250.0,INR,3.7,21,3.44,India,Gurgaon,0,1
Fat Monk,Sohna Road,"Chinese, Asian",1,400.0,INR,3.9,22,3.505,India,Gurgaon,0,1
First Eat,Sohna Road,"Healthy Food, North Indian",1,300.0,INR,3.6,57,3.474,India,Gurgaon,0,0
Flying Tuk Tuk,Sohna Road,Asian,3,1100.0,INR,3.9,28,3.535,India,Gurgaon,1,0
FreshMenu,Sohna Road,"Italian, Chinese, Continental, Thai, Mediterranean, Lebanese",2,600.0,INR,3.9,101,3.711,India,Gurgaon,0,1
Little Skillet,Sohna Road,"North Indian, Chinese, Fast Food",2,500.0,INR,3.5,26,3.389,India,Gurgaon,0,0
PKay,Sohna Road,"North Indian, Continental",3,1600.0,INR,3.7,28,3.463,India,Gurgaon,1,0
Shama Chicken Corner,Sohna Road,Biryani,2,500.0,INR,3.6,35,3.442,India,Gurgaon,0,0
Starbucks,Sohna Road,Cafe,2,700.0,INR,3.7,51,3.517,India,Gurgaon,0,0
Tandoori Nation,Sohna Road,"North Indian, Mughlai, Chinese",2,950.0,INR,3.5,39,3.405,India,Gurgaon,0,1
Truffle Tangles,Sohna Road,"Bakery, Desserts, North Indian, Bengali, South Indian",1,300.0,INR,3.5,37,3.403,India,Gurgaon,0,0
Domino's Pizza,Sohna Road,"Pizza, Fast Food",2,700.0,INR,2.3,70,2.729,India,Gurgaon,0,0
KB's Icecream & Kulfis,Sohna Road,Ice Cream,1,200.0,INR,2.3,26,2.978,India,Gurgaon,0,1
Wah Ji Wah,Sohna Road,North Indian,1,450.0,INR,2.4,42,2.906,India,Gurgaon,0,0
The Brewhouse,Sohna Road,Continental,4,2500.0,INR,4.1,56,3.737,India,Gurgaon,1,0
Cake Point,South City 2,"Bakery, Desserts",2,600.0,INR,2.8,7,3.266,India,Gurgaon,0,1
Shyam Sweets,South City 2,"Street Food, Mithai",1,100.0,INR,2.8,9,3.25,India,Gurgaon,0,0
Uma Foodies' Hut,South City 2,"North Indian, Chinese, Mughlai",2,700.0,INR,3.1,33,3.239,India,Gurgaon,0,0
Bikanervala,"Suncity Business Tower, Golf Course Road","North Indian, South Indian, Fast Food, Street Food, Chinese, Beverages, Desserts, Mithai",2,600.0,INR,3.4,178,3.385,India,Gurgaon,0,1
Indian Grill Room,"Suncity Business Tower, Golf Course Road","North Indian, Mughlai",3,1800.0,INR,4.5,1262,4.455,India,Gurgaon,1,1
Oriental Fusion,"Supermart 1, DLF Phase 4","Chinese, Thai, Malaysian, Indonesian",2,650.0,INR,3.3,199,3.306,India,Gurgaon,1,1
Purani Dilli's Al Karam Kebab House,"Supermart 1, DLF Phase 4","North Indian, Mughlai, Biryani",2,950.0,INR,3.4,483,3.393,India,Gurgaon,0,1
Rollmaal,"Supermart 1, DLF Phase 4","Fast Food, North Indian, Chinese",2,500.0,INR,3.4,346,3.391,India,Gurgaon,0,1
Speedy Chow,"Supermart 1, DLF Phase 4","Chinese, Thai",2,850.0,INR,3.2,241,3.222,India,Gurgaon,1,1
Arabian Nites,"Supermart 1, DLF Phase 4",Lebanese,1,450.0,INR,3.8,158,3.687,India,Gurgaon,0,1
Giani's,"Supermart 1, DLF Phase 4","Ice Cream, Desserts",1,400.0,INR,3.7,92,3.57,India,Gurgaon,0,1
Giani,"Supermart 1, DLF Phase 4","Ice Cream, Desserts",1,400.0,INR,3.6,115,3.518,India,Gurgaon,0,1
Juste Miam,"Supermart 1, DLF Phase 4","Bakery, Desserts, Fast Food",1,300.0,INR,3.9,94,3.702,India,Gurgaon,0,1
Patiala Shahi,"Supermart 1, DLF Phase 4","North Indian, Mughlai",2,800.0,INR,3.5,118,3.45,India,Gurgaon,0,1
The Kathis,"Supermart 1, DLF Phase 4","North Indian, Street Food",1,300.0,INR,3.8,48,3.561,India,Gurgaon,0,1
Wai Yu Mun Ching,"Supermart 1, DLF Phase 4","Chinese, Thai",2,800.0,INR,3.6,321,3.564,India,Gurgaon,1,1
Bernardo's,"Supermart 1, DLF Phase 4",Goan,4,2000.0,INR,4.0,429,3.93,India,Gurgaon,1,1
Biryani Art,"Supermart 1, DLF Phase 4","Hyderabadi, North Indian, Biryani",3,1100.0,INR,4.1,344,4.002,India,Gurgaon,1,1
Nosh,"Supermart 1, DLF Phase 4","North Indian, Mughlai",2,700.0,INR,4.1,103,3.849,India,Gurgaon,0,1
Tandoor Express,"Supermart 1, DLF Phase 4",North Indian,2,500.0,INR,4.2,67,3.828,India,Gurgaon,0,1
Tandoori KnockOuts,"Supermart 1, DLF Phase 4","Fast Food, North Indian",2,500.0,INR,4.2,112,3.932,India,Gurgaon,0,1
Udaipuri,"Supermart 1, DLF Phase 4","North Indian, Rajasthani, Asian",2,700.0,INR,4.0,157,3.838,India,Gurgaon,0,1
Begonia,Sushant Lok,Bakery,2,500.0,INR,3.0,8,3.285,India,Gurgaon,0,0
Cakes & Muffins,Sushant Lok,Bakery,1,400.0,INR,3.3,21,3.322,India,Gurgaon,0,0
Halki Aanch,Sushant Lok,"North Indian, Chinese",2,700.0,INR,2.7,39,3.054,India,Gurgaon,0,1
Hungry Gopal,Sushant Lok,"Bengali, Fast Food",1,450.0,INR,3.2,27,3.285,India,Gurgaon,0,0
Kuzo,Sushant Lok,"North Indian, Fast Food",1,300.0,INR,3.2,10,3.309,India,Gurgaon,0,0
Lovecrumbs Bakery,Sushant Lok,Bakery,3,1000.0,INR,3.4,16,3.347,India,Gurgaon,0,0
Organic Express,Sushant Lok,"Healthy Food, North Indian, Italian, Salad",2,700.0,INR,3.4,20,3.35,India,Gurgaon,0,1
Pizza Hut,Sushant Lok,"Italian, Pizza, Fast Food",3,1000.0,INR,2.8,80,3.004,India,Gurgaon,0,1
Roti Te Boti,Sushant Lok,North Indian,2,600.0,INR,2.8,42,3.088,India,Gurgaon,0,1
Behrouz Biryani,Sushant Lok,Biryani,2,600.0,INR,3.7,49,3.513,India,Gurgaon,0,1
Caf Burger BC,Sushant Lok,Fast Food,1,300.0,INR,3.7,65,3.539,India,Gurgaon,0,1
Dilli Darbar,Sushant Lok,"North Indian, Mughlai, Chinese",2,550.0,INR,3.7,52,3.519,India,Gurgaon,0,1
Fu.D,Sushant Lok,"Cafe, Fast Food",1,250.0,INR,3.7,58,3.529,India,Gurgaon,0,1
Jarfull,Sushant Lok,"South Indian, Desserts, Beverages",1,200.0,INR,3.7,25,3.454,India,Gurgaon,0,1
Mochamania,Sushant Lok,Bakery,1,300.0,INR,3.7,50,3.515,India,Gurgaon,0,0
Mukhtalif Biryanis,Sushant Lok,"Mughlai, Biryani",2,600.0,INR,3.7,125,3.594,India,Gurgaon,0,1
Mummy's Kitchen,Sushant Lok,North Indian,1,150.0,INR,3.5,26,3.389,India,Gurgaon,0,0
Ovenstory Pizza,Sushant Lok,"Pizza, Fast Food",2,500.0,INR,3.7,23,3.447,India,Gurgaon,0,1
The Godinho's,Sushant Lok,"Goan, American, Portuguese",2,600.0,INR,3.8,23,3.479,India,Gurgaon,0,0
Chin Chow,Sushant Lok,Chinese,2,550.0,INR,2.4,38,2.929,India,Gurgaon,0,0
Cafe Sante,Sushant Lok,Cafe,3,1100.0,INR,4.3,62,3.867,India,Gurgaon,0,0
Mughal Dine-Esty,Sushant Lok,"North Indian, Mughlai",3,1500.0,INR,4.0,32,3.592,India,Gurgaon,1,1
Nuterro,Sushant Lok,"Healthy Food, Continental, Juices, Beverages, Italian, Salad, Lebanese",2,600.0,INR,4.0,101,3.778,India,Gurgaon,0,1
Sandburg Shakes,Sushant Lok,"Cafe, Pizza, Burger",2,750.0,INR,4.0,34,3.602,India,Gurgaon,0,1
The Millionaire Express,Sushant Lok,Continental,1,400.0,INR,4.0,53,3.675,India,Gurgaon,0,1
Ammu's South Indian Restaurant,"Sushant Shopping Arcade, Sushant Lok, Gurgaon",South Indian,1,250.0,INR,3.1,10,3.292,India,Gurgaon,0,0
Elma's Delivers,"Sushant Shopping Arcade, Sushant Lok, Gurgaon",Bakery,2,500.0,INR,3.1,5,3.31,India,Gurgaon,0,0
Faasos,"Sushant Shopping Arcade, Sushant Lok, Gurgaon","North Indian, Fast Food",2,600.0,INR,3.2,12,3.305,India,Gurgaon,0,1
Foodrath,"Sushant Shopping Arcade, Sushant Lok, Gurgaon","North Indian, Chinese",1,400.0,INR,3.0,4,3.306,India,Gurgaon,0,0
Hyderabad House,"Sushant Shopping Arcade, Sushant Lok, Gurgaon",Biryani,2,500.0,INR,2.7,7,3.253,India,Gurgaon,0,1
Kake Da Hotel,"Sushant Shopping Arcade, Sushant Lok, Gurgaon",North Indian,2,700.0,INR,3.1,35,3.236,India,Gurgaon,0,1
Mitraao,"Sushant Shopping Arcade, Sushant Lok, Gurgaon",North Indian,2,650.0,INR,3.4,117,3.379,India,Gurgaon,0,1
PomoDoro Bistro,"Sushant Shopping Arcade, Sushant Lok, Gurgaon","Italian, Fast Food",2,700.0,INR,3.4,67,3.37,India,Gurgaon,0,1
Shri Shyam Ji Ke Mashhoor Chhole Bhature,"Sushant Shopping Arcade, Sushant Lok, Gurgaon",Street Food,1,200.0,INR,3.3,26,3.32,India,Gurgaon,0,0
Spice Aangan Express,"Sushant Shopping Arcade, Sushant Lok, Gurgaon",Fast Food,1,400.0,INR,3.0,33,3.199,India,Gurgaon,0,0
Subway,"Sushant Shopping Arcade, Sushant Lok, Gurgaon","American, Fast Food, Salad, Healthy Food",2,500.0,INR,3.3,59,3.314,India,Gurgaon,0,0
Swaad Ka Khazana,"Sushant Shopping Arcade, Sushant Lok, Gurgaon","North Indian, Mughlai, Chinese",2,600.0,INR,2.6,11,3.199,India,Gurgaon,0,0
The Toddy Shop,"Sushant Shopping Arcade, Sushant Lok, Gurgaon","South Indian, Kerala",3,1200.0,INR,3.4,21,3.351,India,Gurgaon,0,1
Truffles,"Sushant Shopping Arcade, Sushant Lok, Gurgaon",Bakery,1,300.0,INR,3.2,15,3.301,India,Gurgaon,0,1
Cafe Bonkerz,"Sushant Shopping Arcade, Sushant Lok, Gurgaon","American, Fast Food",2,850.0,INR,3.6,41,3.452,India,Gurgaon,0,1
Wrapchick,"Sushant Shopping Arcade, Sushant Lok, Gurgaon","North Indian, Mughlai",2,650.0,INR,3.9,67,3.657,India,Gurgaon,0,1
WoW - Vada Pav & More,"Sushant Shopping Arcade, Sushant Lok, Gurgaon","Street Food, Fast Food",1,300.0,INR,2.2,41,2.821,India,Gurgaon,0,1
Me Kong Bowl,"Sushant Shopping Arcade, Sushant Lok, Gurgaon",Asian,2,700.0,INR,4.0,27,3.565,India,Gurgaon,0,1
Palmyra - The Bristol Hotel,"The Bristol Hotel, DLF Phase 1","Continental, North Indian",4,2500.0,INR,3.3,57,3.314,India,Gurgaon,1,0
Shanghai Bar & Lounge - The Bristol Hotel,"The Bristol Hotel, DLF Phase 1",Finger Food,4,2400.0,INR,3.0,17,3.247,India,Gurgaon,1,0
Zaffran - The Bristol Hotel,"The Bristol Hotel, DLF Phase 1","Mughlai, Lucknowi, Awadhi",4,2000.0,INR,3.2,52,3.264,India,Gurgaon,1,0
Zaffran - The Claremont,"The Claremont, MG Road","Mughlai, Lucknowi, Awadhi",4,2500.0,INR,3.0,4,3.306,India,Gurgaon,1,0
Clove - The Galgotias,"The Galgotias, Sector 23","Chinese, North Indian, Continental, Mexican",3,1500.0,INR,2.7,19,3.157,India,Gurgaon,1,0
Green Leaf,"The Habitare Hotel, Sector 14","North Indian, South Indian",2,800.0,INR,3.0,6,3.295,India,Gurgaon,1,0
Tokyo,"The Habitare Hotel, Sector 14",Japanese,3,1600.0,INR,3.0,10,3.276,India,Gurgaon,1,0
Cigar Lounge - The Oberoi,"The Oberoi, Udyog Vihar",Finger Food,4,3000.0,INR,3.2,17,3.298,India,Gurgaon,0,0
Melange - The Pllazio Hotel,"The Pllazio Hotel, Sector 29","North Indian, Continental, Chinese",4,2500.0,INR,3.6,94,3.506,India,Gurgaon,1,0
Qureshi's Kabab Corner,"The Sapphire Mall, Sohna Road","North Indian, Mughlai",2,650.0,INR,3.3,96,3.311,India,Gurgaon,0,0
EEST - The Westin Gurgaon,"The Westin Gurgaon, Sector 29","Japanese, Chinese, Thai",4,3000.0,INR,3.9,272,3.812,India,Gurgaon,1,0
Prego - The Westin Gurgaon,"The Westin Gurgaon, Sector 29",Italian,4,3000.0,INR,3.8,390,3.747,India,Gurgaon,1,0
Seasonal Tastes - The Westin Gurgaon,"The Westin Gurgaon, Sector 29","North Indian, Asian",4,3000.0,INR,3.9,394,3.836,India,Gurgaon,1,0
Xiao Chi - The Westin Sohna Resort & Spa,"The Westin Sohna Resort & Spa, Sohna Road",Chinese,4,3000.0,INR,3.4,22,3.352,India,Gurgaon,1,0
The Living Room - The Westin Sohna Resort & Spa,"The Westin Sohna Resort & Spa, Sohna Road",Continental,4,3000.0,INR,3.7,45,3.506,India,Gurgaon,0,0
The Bar - Trident Gurgaon,"Trident, Udyog Vihar",Finger Food,4,2000.0,INR,3.3,36,3.318,India,Gurgaon,0,0
Konomi - Trident Gurgaon,"Trident, Udyog Vihar",Japanese,4,3000.0,INR,3.5,27,3.39,India,Gurgaon,0,0
L'Opera,"Two Horizon Center, Golf Course Road","Bakery, Desserts, Fast Food",1,400.0,INR,3.7,16,3.42,India,Gurgaon,0,1
Town Hall,"Two Horizon Center, Golf Course Road","Japanese, Thai, Italian, Asian",4,2500.0,INR,3.5,13,3.366,India,Gurgaon,1,0
Whisky Samba,"Two Horizon Center, Golf Course Road","Italian, Burger, Charcoal Grill",4,2500.0,INR,3.8,127,3.667,India,Gurgaon,1,0
Chokola,Udyog Vihar,"Bakery, Desserts, Bakery",2,700.0,INR,3.1,6,3.306,India,Gurgaon,0,0
Citrus Cafe - Lemon Tree Hotel,Udyog Vihar,Cafe,4,2000.0,INR,2.7,27,3.11,India,Gurgaon,0,0
Green Hut,Udyog Vihar,"North Indian, Chinese, Fast Food",2,600.0,INR,2.8,23,3.163,India,Gurgaon,0,0
My Plate,Udyog Vihar,North Indian,1,200.0,INR,3.1,6,3.306,India,Gurgaon,0,0
PiccoLicko,Udyog Vihar,Desserts,1,200.0,INR,3.3,12,3.325,India,Gurgaon,0,1
Pind Balluchi,Udyog Vihar,"North Indian, Mughlai",3,1000.0,INR,2.7,7,3.253,India,Gurgaon,0,1
Raj Xpresso,Udyog Vihar,"North Indian, Chinese",2,650.0,INR,2.9,13,3.242,India,Gurgaon,0,0
Riders Hub,Udyog Vihar,"Chinese, Continental, North Indian",2,800.0,INR,3.1,11,3.289,India,Gurgaon,1,0
Shivani Catering Services,Udyog Vihar,"North Indian, Chinese",2,500.0,INR,3.1,17,3.272,India,Gurgaon,0,0
The Diet Kitchen,Udyog Vihar,"Continental, Healthy Food",2,700.0,INR,3.3,7,3.327,India,Gurgaon,0,1
The Gr8 Taste of India,Udyog Vihar,"North Indian, Fast Food",1,400.0,INR,3.0,10,3.276,India,Gurgaon,0,1
World Art Cafe,Udyog Vihar,Cafe,2,500.0,INR,3.3,10,3.326,India,Gurgaon,0,0
XLNC Bakers,Udyog Vihar,Bakery,1,150.0,INR,2.9,4,3.299,India,Gurgaon,0,0
Tea Halt,"Unitech Cyber Park, Sector 39, Gurgaon",Cafe,1,400.0,INR,3.1,82,3.187,India,Gurgaon,0,1
Dunkin' Donuts,"Unitech Cyber Park, Sector 39, Gurgaon","Burger, Desserts, Fast Food",2,600.0,INR,3.5,302,3.476,India,Gurgaon,0,1
Indian Bistro Company,"Unitech Cyber Park, Sector 39, Gurgaon",North Indian,2,750.0,INR,3.7,276,3.643,India,Gurgaon,0,0
Anaaj,"Unitech Infospace, Sector 21, Gurgaon","North Indian, Fast Food",2,500.0,INR,2.9,7,3.278,India,Gurgaon,0,0
Au Bon Pain,"Unitech Infospace, Sector 21, Gurgaon","Cafe, Bakery",2,600.0,INR,2.8,8,3.257,India,Gurgaon,0,0
Cafe Coffee Day,"Unitech Infospace, Sector 21, Gurgaon",Cafe,1,450.0,INR,3.1,10,3.292,India,Gurgaon,0,0
Cafe Friends,"Unitech Infospace, Sector 21, Gurgaon","Cafe, Fast Food, Street Food",2,600.0,INR,3.2,31,3.281,India,Gurgaon,0,0
Chinese Bistro,"Unitech Infospace, Sector 21, Gurgaon",Chinese,2,600.0,INR,2.9,5,3.292,India,Gurgaon,0,0
Dunkin' Donuts,"Unitech Infospace, Sector 21, Gurgaon","Burger, Desserts, Fast Food",2,600.0,INR,3.4,87,3.375,India,Gurgaon,0,0
Madras Coffee House,"Unitech Infospace, Sector 21, Gurgaon",South Indian,1,300.0,INR,3.0,4,3.306,India,Gurgaon,0,0
McDonald's,"Unitech Infospace, Sector 21, Gurgaon","Fast Food, Burger",2,500.0,INR,3.3,35,3.318,India,Gurgaon,0,0
Nukkadwala,"Unitech Infospace, Sector 21, Gurgaon","Fast Food, Street Food",1,300.0,INR,3.2,25,3.287,India,Gurgaon,0,0
Salad Chef,"Unitech Infospace, Sector 21, Gurgaon","Healthy Food, Fast Food, Salad",1,400.0,INR,3.2,44,3.27,India,Gurgaon,0,1
Subway,"Unitech Infospace, Sector 21, Gurgaon","American, Fast Food, Salad, Healthy Food",2,500.0,INR,3.3,27,3.32,India,Gurgaon,0,0
Tea Halt,"Unitech Infospace, Sector 21, Gurgaon",Cafe,1,400.0,INR,2.7,14,3.193,India,Gurgaon,0,1
The Kachori Co.,"Unitech Infospace, Sector 21, Gurgaon",Street Food,1,200.0,INR,2.5,11,3.181,India,Gurgaon,0,0
Urban Dhaba,"Unitech Infospace, Sector 21, Gurgaon",North Indian,2,700.0,INR,3.2,11,3.307,India,Gurgaon,0,1
A Piece of Paris,"Unitech Infospace, Sector 21, Gurgaon","Desserts, Bakery",2,600.0,INR,3.9,43,3.594,India,Gurgaon,0,1
Chaayos,"Unitech Infospace, Sector 21, Gurgaon","Cafe, Tea",1,400.0,INR,3.8,127,3.667,India,Gurgaon,0,1
Doughlicious,"Unitech Infospace, Sector 21, Gurgaon","Bakery, Desserts, Fast Food",2,550.0,INR,3.6,60,3.478,India,Gurgaon,0,0
Eggers Madhouse,"Unitech Infospace, Sector 21, Gurgaon",Fast Food,2,500.0,INR,3.7,51,3.517,India,Gurgaon,0,1
Live Wok,"Unitech Infospace, Sector 21, Gurgaon","Chinese, Asian, Thai",2,500.0,INR,3.6,45,3.458,India,Gurgaon,1,0
Orange Chopsticks,"Unitech Infospace, Sector 21, Gurgaon","Chinese, Thai, Asian",3,1300.0,INR,3.5,200,3.466,India,Gurgaon,1,1
Pizzoccheri,"Unitech Infospace, Sector 21, Gurgaon","Fast Food, Pizza",2,800.0,INR,3.6,76,3.493,India,Gurgaon,1,0
Chai Point,"Unitech Infospace, Sector 21, Gurgaon","Tea, Fast Food",1,200.0,INR,2.4,49,2.87,India,Gurgaon,0,1
Latitude - Vivanta By Taj,"Vivanta by Taj, Sector 44, Gurgaon","North Indian, Mediterranean, European, Asian, Chinese, Pizza",4,3500.0,INR,3.8,305,3.734,India,Gurgaon,1,0
Thai Pavilion - Vivanta By Taj,"Vivanta by Taj, Sector 44, Gurgaon","Thai, Asian",4,4000.0,INR,4.0,219,3.876,India,Gurgaon,1,0
3H Kitchen,"Vyapar Kendra, Palam Vihar","North Indian, Chinese",2,600.0,INR,2.9,15,3.231,India,Gurgaon,0,0
Manish Sweets & Bakers,"Vyapar Kendra, Palam Vihar","Mithai, Bakery, Street Food",1,200.0,INR,2.8,5,3.282,India,Gurgaon,0,0
Oasis Kitchen,"Vyapar Kendra, Palam Vihar","Chinese, North Indian",1,250.0,INR,2.9,6,3.285,India,Gurgaon,0,0
Ramchandra Chinese Food,"Vyapar Kendra, Palam Vihar","Chinese, Fast Food",1,250.0,INR,2.7,10,3.226,India,Gurgaon,0,1
Sona Chinese,"Vyapar Kendra, Palam Vihar",Chinese,1,400.0,INR,2.8,14,3.215,India,Gurgaon,0,0
The Pastry Hut,"Vyapar Kendra, Palam Vihar","Bakery, Desserts",1,150.0,INR,2.9,13,3.242,India,Gurgaon,0,1
Bhoomika,"Vyapar Kendra, Sushant Lok","Bakery, Desserts",1,250.0,INR,2.9,6,3.285,India,Gurgaon,0,0
FoodZilla,"Vyapar Kendra, Sushant Lok","Chinese, Assamese",2,700.0,INR,3.3,153,3.308,India,Gurgaon,0,1
Goli Vada Pav No. 1,"Vyapar Kendra, Sushant Lok",Street Food,1,150.0,INR,3.4,151,3.383,India,Gurgaon,0,1
Indo Chinese,"Vyapar Kendra, Sushant Lok","North Indian, Chinese",1,200.0,INR,3.2,12,3.305,India,Gurgaon,0,0
Kathi Junction,"Vyapar Kendra, Sushant Lok",Fast Food,1,400.0,INR,3.0,89,3.119,India,Gurgaon,0,1
Romi da Dhaba,"Vyapar Kendra, Sushant Lok",North Indian,2,550.0,INR,3.1,122,3.167,India,Gurgaon,0,1
Shamji Snacks,"Vyapar Kendra, Sushant Lok","Mithai, Street Food, South Indian, Chinese, North Indian",1,400.0,INR,2.7,83,2.937,India,Gurgaon,0,0
The Lunch Break,"Vyapar Kendra, Sushant Lok",North Indian,1,200.0,INR,2.9,7,3.278,India,Gurgaon,0,0
Veg O Non,"Vyapar Kendra, Sushant Lok",North Indian,2,650.0,INR,3.1,21,3.262,India,Gurgaon,0,0
Alwar Sweets,"Vyapar Kendra, Sushant Lok","Mithai, Street Food",1,200.0,INR,3.5,66,3.427,India,Gurgaon,0,0
Bakers Oven,"Vyapar Kendra, Sushant Lok","Bakery, Desserts",2,600.0,INR,3.6,69,3.487,India,Gurgaon,0,1
Burgzz Bee,"Vyapar Kendra, Sushant Lok","Burger, Fast Food",1,250.0,INR,3.6,60,3.478,India,Gurgaon,0,1
Chinese Corner,"Vyapar Kendra, Sushant Lok","Chinese, Thai",2,500.0,INR,3.6,369,3.568,India,Gurgaon,0,1
Iroha,"Vyapar Kendra, Sushant Lok","Bakery, Fast Food",1,400.0,INR,3.7,63,3.537,India,Gurgaon,0,0
Curry 'n' Phulka,"Vyapar Kendra, Sushant Lok","North Indian, Chinese",1,400.0,INR,2.4,83,2.75,India,Gurgaon,0,1
Wah Ji Wah,"Vyapar Kendra, Sushant Lok",North Indian,1,400.0,INR,2.2,142,2.494,India,Gurgaon,0,1
Woods Spice,"Woods Resort, Gurgaon","Continental, North Indian",3,1300.0,INR,3.2,36,3.276,India,Gurgaon,1,0
Mocha,"Anil Plaza, Christian Basti","Cafe, Italian",3,800.0,INR,4.6,394,4.459,India,Guwahati,0,0
Terra Mayaa Restaurant and Lounge,"Anil Plaza, Christian Basti","North Indian, Continental, Italian, Chinese",3,1400.0,INR,3.9,360,3.833,India,Guwahati,0,0
The Basement Caf,Chandmari,Cafe,2,600.0,INR,4.7,126,4.317,India,Guwahati,0,0
Strawberry Fields,Chandmari,Cafe,2,500.0,INR,4.1,290,3.99,India,Guwahati,0,0
Brooklyn Blues,Christian Basti,"Continental, European",3,1400.0,INR,4.2,110,3.935,India,Guwahati,0,0
Confucius,Christian Basti,"Chinese, Thai",3,750.0,INR,4.1,304,3.994,India,Guwahati,0,0
The Woking Mama,Christian Basti,"Chinese, Thai, Japanese, Asian",3,1300.0,INR,4.4,129,4.107,India,Guwahati,0,0
Underdoggs Sports Bar & Grill,Christian Basti,"North Indian, Continental",4,1650.0,INR,4.4,222,4.207,India,Guwahati,0,0
The Zouq : Resto-Cafe,Dispur,"Cafe, North Indian, Italian",2,500.0,INR,4.1,124,3.885,India,Guwahati,0,0
BrewBakes,Six Mile,"Cafe, Continental, Chinese",2,500.0,INR,4.0,28,3.585,India,Guwahati,0,0
Barbeque Nation,Ulubari,North Indian,4,1500.0,INR,4.9,774,4.806,India,Guwahati,0,0
Yo! China,Ulubari,Chinese,3,800.0,INR,3.6,327,3.567,India,Guwahati,0,0
4 Seasons,Uzan Bazaar,"Chinese, North Indian",1,300.0,INR,3.6,142,3.535,India,Guwahati,0,0
11th Avenue Cafe Bistro,Uzan Bazaar,"Cafe, American, Italian, Continental",2,400.0,INR,4.1,377,4.012,India,Guwahati,0,0
Caf Riverrun,Uzan Bazaar,"Continental, Juices, Cafe, Desserts, Salad, Italian",2,500.0,INR,4.2,99,3.915,India,Guwahati,0,0
Fat Belly,Uzan Bazaar,"Asian, Chinese, Tibetan",2,500.0,INR,4.1,25,3.601,India,Guwahati,0,0
The Corner Cafe,Uzan Bazaar,"Cafe, Continental",3,850.0,INR,4.1,179,3.937,India,Guwahati,0,0
Chung Fa,Zoo Tiniali,Chinese,2,600.0,INR,4.3,369,4.187,India,Guwahati,0,0
Shanghai Salsa,Zoo Tiniali,"Continental, Fast Food, Chinese, Charcoal Grill, Mexican",3,1000.0,INR,4.0,256,3.894,India,Guwahati,0,0
Three Guys,Zoo Tiniali,"Continental, North Indian, Chinese, Arabian, Thai",2,700.0,INR,4.3,233,4.133,India,Guwahati,0,0
Ziya,Zoo Tiniali,"Continental, Chinese",2,700.0,INR,4.3,96,3.975,India,Guwahati,0,0
Exotica,"12th Square Building, Banjara Hills","Mughlai, North Indian, Chinese",3,1500.0,INR,4.3,3374,4.286,India,Hyderabad,1,1
AB's - Absolute Barbecues,Banjara Hills,"European, Mediterranean, North Indian",3,1500.0,INR,4.9,200,4.59,India,Hyderabad,0,0
Chili's,Banjara Hills,"Mexican, American, Tex-Mex, Burger",3,1800.0,INR,4.7,1932,4.666,India,Hyderabad,1,1
The Fisherman's Wharf,Gachibowli,"Seafood, Continental, Goan, Asian, Andhra",3,1500.0,INR,3.8,144,3.685,India,Hyderabad,1,0
Chili's,Hitech City,"Mexican, American, Tex-Mex, Burger",3,1800.0,INR,4.6,2553,4.576,India,Hyderabad,0,1
Pine & Dine,Hitech City,"North Indian, South Indian, Chinese",2,700.0,INR,4.0,682,3.956,India,Hyderabad,1,1
Jonathan's Kitchen - Holiday Inn Express & Suites,Holiday Inn Express & Suites,"North Indian, Japanese, Italian",3,1900.0,INR,4.3,860,4.248,India,Hyderabad,1,0
AB's - Absolute Barbecues,Jubilee Hills,"European, Mediterranean, North Indian",3,1500.0,INR,4.9,5434,4.886,India,Hyderabad,0,0
Con_u,Jubilee Hills,"Bakery, Desserts",2,600.0,INR,4.8,1023,4.733,India,Hyderabad,0,0
Dock Forty Five,Jubilee Hills,"Continental, Asian",3,1400.0,INR,4.2,79,3.871,India,Hyderabad,0,0
Mocha Bar,Jubilee Hills,"North Indian, Continental, Italian",3,1200.0,INR,4.2,221,4.044,India,Hyderabad,1,0
Olive Bistro,Jubilee Hills,"Mediterranean, Italian, European",4,2000.0,INR,4.4,2218,4.377,India,Hyderabad,1,1
Prost Brew Pub,Jubilee Hills,"Italian, Continental, Chinese",3,1200.0,INR,4.1,594,4.042,India,Hyderabad,1,0
United Kitchens of India,Jubilee Hills,"North Indian, Andhra, Chettinad, Bengali, Mughlai, Chinese",3,1100.0,INR,4.1,1431,4.075,India,Hyderabad,1,0
Heart Cup Coffee,Kondapur,"Cafe, Continental, North Indian, Chinese",3,1800.0,INR,4.2,1859,4.178,India,Hyderabad,0,1
Churrolto,Madhapur,"Desserts, Cafe, Mexican",2,500.0,INR,4.7,344,4.529,India,Hyderabad,0,0
The Grand Trunk Road,Madhapur,"North Indian, Chinese",3,1100.0,INR,3.9,616,3.859,India,Hyderabad,0,1
Sahibs Barbeque by Ohris,Ohri' Hitech City,"Hyderabadi, Awadhi",3,1400.0,INR,4.1,571,4.04,India,Hyderabad,1,0
KYRO,Bhawar Kuan,"North Indian, Chinese, Continental, Mediterranean, Asian",3,1300.0,INR,3.7,238,3.64,India,Indore,0,0
JAL - A Jungle Restaurant,Bhawar Kuan,"North Indian, Chinese",3,850.0,INR,4.1,100,3.851,India,Indore,0,0
Oye24,HIG-LIG,"North Indian, Chinese, South Indian",1,250.0,INR,4.1,152,3.915,India,Indore,0,0
Hobnob Gourmet Cafbar,"Infiniti Hotel, Vijay Nagar","Italian, Continental",4,1950.0,INR,4.1,37,3.67,India,Indore,0,0
Mangosteen Cafe,New Palasia,"Cafe, Fast Food, Italian, Mexican",2,700.0,INR,3.9,430,3.843,India,Indore,0,0
Mama Loca,New Palasia,"Greek, Lebanese",3,1000.0,INR,4.2,304,4.08,India,Indore,0,0
Vidorra,New Palasia,"North Indian, Chinese",3,1200.0,INR,4.0,404,3.929,India,Indore,0,0
Cafe Palette,Old Palasia,"Cafe, Lebanese, Italian",3,800.0,INR,3.8,214,3.715,India,Indore,0,0
Nafees Restaurant,Old Palasia,"North Indian, Mughlai",3,850.0,INR,4.0,496,3.941,India,Indore,0,0
The Creative Kitchen - Radisson Blu Hotel,"Radisson Blu Hotel, Vijay Nagar","North Indian, Continental, Mexican, Italian",4,2000.0,INR,3.8,209,3.714,India,Indore,0,0
Square - Sayaji Hotel,"Sayaji Hotel, Vijay Nagar","North Indian, Chinese, Italian",4,1500.0,INR,4.3,334,4.177,India,Indore,0,0
Freito,Vijay Nagar,"Mexican, Italian",2,650.0,INR,3.1,26,3.266,India,Indore,0,0
Cafe Terazza,Vijay Nagar,"Cafe, Italian, Mexican, Chinese",2,700.0,INR,3.9,502,3.85,India,Indore,0,0
Cafe Yolo,Vijay Nagar,"Cafe, Fast Food",2,650.0,INR,3.8,69,3.612,India,Indore,0,0
Just My Bakes,Vijay Nagar,"Cafe, Bakery",2,500.0,INR,3.9,69,3.67,India,Indore,0,0
10 Downing Street,Vijay Nagar,"North Indian, Chinese",4,1500.0,INR,4.0,413,3.93,India,Indore,0,0
Cakesmith's Alley,Vijay Nagar,"Bakery, Cafe, Fast Food",2,400.0,INR,4.3,87,3.954,India,Indore,0,0
The Yellow Chilli,Vijay Nagar,"North Indian, Mughlai, Seafood",3,1100.0,INR,4.1,181,3.938,India,Indore,0,0
Waffle House,Vijay Nagar,"Cafe, Fast Food",2,500.0,INR,4.3,171,4.086,India,Indore,0,0
Mocha,YN Road,"Cafe, Continental, Italian, Street Food",3,800.0,INR,4.0,341,3.917,India,Indore,0,0
Tapri Central,C Scheme,"Cafe, Fast Food, Street Food",2,750.0,INR,4.7,1469,4.656,India,Jaipur,0,1
Blackout,C Scheme,"North Indian, European, Continental, Finger Food",3,1650.0,INR,3.9,676,3.862,India,Jaipur,0,0
Mamu's Infusion,C Scheme,"Italian, Chinese, Mexican, Thai, North Indian",3,1400.0,INR,4.0,582,3.949,India,Jaipur,0,1
Nibs Cafe,C Scheme,"Cafe, Italian, Continental",2,750.0,INR,4.4,389,4.281,India,Jaipur,0,1
On The House,C Scheme,"Italian, Continental, Mexican, Cafe, Bakery",3,1300.0,INR,4.4,843,4.341,India,Jaipur,0,1
WTF,C Scheme,"Continental, Italian, North Indian, Lebanese, Thai",3,1000.0,INR,4.0,212,3.876,India,Jaipur,0,0
Chokhi Dhani,"Chokhi Dhani Village Resort, Tonk Road",Rajasthani,3,1600.0,INR,4.3,1478,4.269,India,Jaipur,0,0
Meraaki Kitchen,Civil Lines,"Modern Indian, Asian",3,1500.0,INR,3.9,67,3.666,India,Jaipur,0,0
Taruveda Bistro,Civil Lines,"Cafe, Italian, Japanese, Continental",3,1000.0,INR,4.2,633,4.138,India,Jaipur,0,1
The Forresta Kitchen & Bar,"Devraj Niwas, Bani Park","Continental, Mexican, Beverages, Desserts, North Indian, Chinese, Rajasthani",3,1800.0,INR,4.0,916,3.966,India,Jaipur,0,0
Monarch Restaurant - Holiday Inn Jaipur City Centre,"Holiday Inn Jaipur City Centre, Bais Godam","North Indian, Chinese, Continental, Rajasthani",4,2300.0,INR,4.5,420,4.378,India,Jaipur,0,0
Chao Chinese Bistro - Holiday Inn Jaipur City Centre,"Holiday Inn Jaipur City Centre, Bais Godam","Chinese, Asian",4,2500.0,INR,4.3,308,4.168,India,Jaipur,0,0
Zolocrust - Hotel Clarks Amer,"Hotel Clarks Amer, Malviya Nagar","Italian, Bakery, Continental",4,2000.0,INR,4.9,322,4.692,India,Jaipur,0,1
Mutual's,Lal Kothi,"Cafe, Mexican, Italian, North Indian, Fast Food",2,650.0,INR,4.2,198,4.029,India,Jaipur,0,1
O2- The Plant Cafe,Lal Kothi,Continental,2,700.0,INR,4.1,148,3.911,India,Jaipur,0,0
Cafe LazyMojo,Malviya Nagar,"Cafe, Mexican, Italian, Continental",2,800.0,INR,4.3,798,4.244,India,Jaipur,0,1
Replay,Tonk Road,"North Indian, Continental, Chinese, Italian, Mexican",3,1500.0,INR,4.3,1121,4.26,India,Jaipur,0,0
Sky Beach,Vaishali Nagar,"North Indian, Continental, Chinese, Mexican, Italian, Desserts",3,1000.0,INR,2.6,46,2.992,India,Jaipur,0,0
Decked Up By Garden Cafe,Vaishali Nagar,"Cafe, Fast Food, North Indian",3,1200.0,INR,3.9,310,3.824,India,Jaipur,0,1
Calzone- Dine & Rooftop Lounge,Vidhyadhar Nagar,"Continental, Mexican, North Indian, Chinese",2,800.0,INR,3.7,112,3.593,India,Jaipur,0,1
Hucka,Arya Nagar,"Chinese, Fast Food",2,550.0,INR,3.3,148,3.313,India,Kanpur,0,0
The Zaffran,Ashok Nagar,"North Indian, Continental, Asian",3,800.0,INR,3.3,51,3.326,India,Kanpur,0,0
Gyan Vaishnav,Ashok Nagar,North Indian,2,400.0,INR,3.9,97,3.714,India,Kanpur,0,0
Liquid,Ashok Nagar,"Finger Food, North Indian, Continental, Italian, Mediterranean",3,1000.0,INR,4.0,24,3.562,India,Kanpur,0,0
Royal Dine - Hotel Royal Cliff,Hotel Royal Cliff,"North Indian, Chinese",4,1500.0,INR,4.0,54,3.688,India,Kanpur,0,0
Urban Crave Express,IIT Kanpur,"Cafe, Italian",2,600.0,INR,3.5,43,3.42,India,Kanpur,0,0
Atmosphere Grill Cafe Sheesha,Mall Road,"Indian, Chinese, Continental",1,,INR,3.6,34,3.452,India,Kanpur,0,0
Mr Brown,Mall Road,"Bakery, Desserts, Fast Food",2,500.0,INR,3.9,97,3.714,India,Kanpur,0,0
Dunkin Donuts,Mall Road,"Desserts, Fast Food",2,500.0,INR,4.1,87,3.827,India,Kanpur,0,0
Little Chef,Mall Road,"North Indian, Fast Food",3,1000.0,INR,4.1,158,3.92,India,Kanpur,0,0
UrbanCrave,Parade,"Cafe, Continental, Desserts, Ice Cream, Italian, Beverages",1,,INR,3.9,127,3.745,India,Kanpur,0,0
Chin Mi,"Rave 3, Tilak Nagar",Chinese,4,1500.0,INR,3.9,86,3.699,India,Kanpur,0,0
Tadka,"Rave Moti, Kakadeo",North Indian,3,1000.0,INR,3.8,97,3.648,India,Kanpur,0,0
Dhuaan,"Status Club, Kanpur Cantonment","North Indian, Mexican, Italian",4,1500.0,INR,4.3,155,4.069,India,Kanpur,0,0
Upper Crust,Swaroop Nagar,"Bakery, Fast Food",2,350.0,INR,3.4,49,3.376,India,Kanpur,0,0
Anaicha's Food Joint,Swaroop Nagar,"Chinese, North Indian, Continental",3,850.0,INR,3.6,106,3.521,India,Kanpur,0,0
Aromas,Swaroop Nagar,Fast Food,2,350.0,INR,4.1,171,3.931,India,Kanpur,0,0
Waterside - The Landmark Hotel,"The Landmark Hotel, Mall Road","North Indian, Chinese",4,3000.0,INR,3.9,113,3.732,India,Kanpur,0,0
Verandah,Tilak Nagar,"Chinese, Italian, Fast Food",4,1500.0,INR,3.7,160,3.617,India,Kanpur,0,0
Barbeque Nation,"Z Square Mall, Mall Road","North Indian, Mughlai, Lebanese, Arabian, Mediterranean",3,1400.0,INR,4.0,41,3.644,India,Kanpur,0,0
Nawras Seafood Restaurant,Chittoor Road,Seafood,3,1000.0,INR,4.6,289,4.416,India,Kochi,0,0
Ifthar,Edappally,Kerala,1,350.0,INR,3.8,281,3.732,India,Kochi,0,0
Dhe Puttu,Edappally,Kerala,2,600.0,INR,4.4,662,4.326,India,Kochi,0,1
Kashi Art Cafe,Fort Kochi,"European, Cafe",2,600.0,INR,4.2,659,4.14,India,Kochi,0,0
Grand Hotel Restaurant,"Grand Hotel, MG Road","North Indian, Kerala, Chinese, Continental",3,1000.0,INR,4.2,394,4.105,India,Kochi,0,0
Barbeque Nation,Kacheripady,"European, North Indian, Mediterranean, American",3,1500.0,INR,4.5,213,4.282,India,Kochi,0,0
Chiyang,Kacheripady,"Chinese, Continental",2,800.0,INR,3.7,277,3.647,India,Kochi,0,0
Slice of Spice,Kacheripady,"Fast Food, Biryani",1,400.0,INR,4.0,246,3.891,India,Kochi,0,1
Mustake Multicuisine Restaurant,Kakkanad,"Chinese, Thai, North Indian, South Indian",3,1000.0,INR,3.7,145,3.611,India,Kochi,0,1
Palaaram,Kakkanad,"Kerala, Fast Food",2,550.0,INR,3.7,105,3.588,India,Kochi,0,0
Tonico Cafe,Kakkanad,Cafe,1,400.0,INR,4.0,406,3.929,India,Kochi,0,0
Cafe 17,Kaloor,"Cafe, Continental, Italian",2,700.0,INR,4.4,333,4.263,India,Kochi,0,1
ChaiCofi,Kaloor,"Cafe, Continental, Italian",2,800.0,INR,4.0,160,3.846,India,Kochi,0,0
Bloomsbury's Boutique Cafe and Artisan Bakery,"LuLu Mall, Edappally","Cafe, Bakery, Desserts",2,650.0,INR,4.2,482,4.12,India,Kochi,0,1
Paragon,"LuLu Mall, Edappally","Kerala, South Indian, Continental, North Indian, Seafood, Chinese",2,900.0,INR,4.3,722,4.239,India,Kochi,0,0
Aangan - Downtown Multicuisine Restaurant,Palarivattom,"Chinese, Seafood, North Indian, Biryani",2,650.0,INR,4.2,146,3.984,India,Kochi,0,0
Ali Baba & 41 Dishes,Panampilly Nagar,"Kerala, South Indian, Chinese, Biryani",1,400.0,INR,3.5,348,3.481,India,Kochi,0,0
Cocoa Tree,Panampilly Nagar,"Italian, Seafood, Mediterranean, Desserts, Cafe",3,1000.0,INR,4.3,658,4.233,India,Kochi,0,0
French Toast,Panampilly Nagar,"Continental, Cafe, Desserts, Bakery",2,700.0,INR,4.3,312,4.169,India,Kochi,0,0
Thakkaaram,Vyttila,"Kerala, South Indian",2,600.0,INR,3.6,361,3.57,India,Kochi,0,0
Asia Kitchen by Mainland China,"Acropolis Mall, Kasba ","Asian, Chinese",3,1400.0,INR,4.6,945,4.537,India,Kolkata,0,1
Hoppipola,"Acropolis Mall, Kasba ","Italian, Mexican, American, Mediterranean",3,1200.0,INR,4.2,1103,4.163,India,Kolkata,0,1
Spice Kraft,Ballygunge,"Continental, Middle Eastern, Asian",3,1200.0,INR,4.8,1424,4.751,India,Kolkata,0,0
Nawwarah,Ballygunge,"Chinese, Cafe, North Indian, Desserts",3,1000.0,INR,3.9,326,3.827,India,Kolkata,0,0
6 Ballygunge Place,Ballygunge,Bengali,3,1000.0,INR,4.4,1778,4.371,India,Kolkata,1,1
Mumbai Local,Ballygunge,"North Indian, Chinese, Street Food",3,1200.0,INR,4.2,704,4.144,India,Kolkata,1,0
Gabbar's Bar & Kitchen,Camac Street Area,"North Indian, Chinese, Mexican, Italian",3,1400.0,INR,4.4,1484,4.366,India,Kolkata,1,0
TGI Friday's,Elgin,"Tex-Mex, American",3,1800.0,INR,4.0,911,3.966,India,Kolkata,1,1
Santa's Fantasea,Golpark,"Seafood, Chinese",2,800.0,INR,4.2,2584,4.184,India,Kolkata,0,0
India Restaurant,Kidderpore,"Biryani, North Indian, Chinese, Mughlai",2,800.0,INR,4.6,1219,4.551,India,Kolkata,1,1
Flame & Grill,"Mani Square Mall, Kankurgachi","North Indian, Continental",3,1500.0,INR,3.9,1064,3.875,India,Kolkata,1,0
Barbeque Nation,Park Street Area,"North Indian, Chinese",3,1600.0,INR,4.9,1753,4.857,India,Kolkata,0,0
Mocambo,Park Street Area,"Continental, Italian, North Indian",3,1050.0,INR,3.5,4464,3.498,India,Kolkata,0,1
BarBQ,Park Street Area,"Chinese, North Indian",2,900.0,INR,4.2,5288,4.192,India,Kolkata,0,1
Peter Cat,Park Street Area,"Continental, North Indian",3,1000.0,INR,4.3,7574,4.294,India,Kolkata,0,1
The Irish House,"Quest Mall, Ballygunge","European, American",3,1900.0,INR,4.4,2224,4.377,India,Kolkata,0,0
Barbeque Nation,"Sector 5, Salt Lake","North Indian, Chinese",3,1600.0,INR,4.9,5966,4.887,India,Kolkata,0,0
Ocean Grill,"Sector 5, Salt Lake","Continental, Seafood, North Indian, Asian",3,1500.0,INR,3.6,1040,3.589,India,Kolkata,1,0
Sigree Global Grill,"Silver Spring Arcade, Science City Area",North Indian,3,1600.0,INR,4.1,1616,4.078,India,Kolkata,1,0
What's Up,Southern Avenue,"Cafe, Chinese, Continental",3,1000.0,INR,4.0,1126,3.972,India,Kolkata,1,0
Grandson of Tunday Kababi,Aminabad,"Mughlai, Lucknowi",1,300.0,INR,4.9,1057,4.83,India,Lucknow,0,0
Frozen Factory,Gomti Nagar,"Desserts, Ice Cream",1,200.0,INR,4.5,144,4.204,India,Lucknow,0,0
Mocha,Gomti Nagar,"Cafe, Italian, Continental",3,800.0,INR,4.6,567,4.499,India,Lucknow,0,0
Chemistry Caf,Gomti Nagar,"Cafe, Continental, Chinese",2,650.0,INR,3.5,147,3.462,India,Lucknow,0,0
Homeys Cafe,Gomti Nagar,"Cafe, Fast Food",2,450.0,INR,3.9,217,3.797,India,Lucknow,0,0
Percussion,Gomti Nagar,"Continental, North Indian, Asian",3,1000.0,INR,3.7,514,3.669,India,Lucknow,0,0
The Urban Terrace,Gomti Nagar,"North Indian, Continental",3,1100.0,INR,3.9,268,3.814,India,Lucknow,0,0
Free Spirit,Gomti Nagar,"Cafe, Italian",2,450.0,INR,4.3,106,3.996,India,Lucknow,0,0
Spice Caves,Gomti Nagar,"North Indian, Chinese, Mughlai",3,1200.0,INR,4.2,691,4.143,India,Lucknow,0,0
The Chocolate Heaven,Gomti Nagar,"Cafe, Italian, Desserts",2,400.0,INR,4.1,165,3.926,India,Lucknow,0,0
The Pebbles Bistro,Gomti Nagar,European,3,1000.0,INR,4.1,80,3.812,India,Lucknow,0,0
Underdoggs Sports Bar & Grill,Gomti Nagar,"Mediterranean, Italian, American",3,1300.0,INR,4.3,124,4.028,India,Lucknow,0,0
Vintage Machine,Gomti Nagar,"Italian, American, Lebanese",3,1000.0,INR,4.3,887,4.249,India,Lucknow,0,0
Bar Bar,Hazratganj,"Cafe, Chinese, Thai, North Indian, Continental",3,1000.0,INR,4.0,79,3.749,India,Lucknow,0,0
Dastarkhwan,Hazratganj,Mughlai,2,400.0,INR,4.4,818,4.34,India,Lucknow,0,0
The Cherry Tree Cafe,Hazratganj,"Cafe, Bakery",2,400.0,INR,4.1,288,3.989,India,Lucknow,0,0
Royal Sky,Lalbagh,"North Indian, Mughlai, Chinese, Continental",3,1100.0,INR,4.2,762,4.148,India,Lucknow,0,0
L 14 - Renaissance Lucknow Hotel,Renaissance Lucknow Hotel,"North Indian, Continental, South Indian, Chinese, Thai, Asian",4,2000.0,INR,4.2,149,3.987,India,Lucknow,0,0
Barbeque Nation,"Riverside Mall, Gomti Nagar",North Indian,4,1600.0,INR,4.7,1069,4.64,India,Lucknow,0,0
Colours by Royal Cafe - Royal Inn,"Royal Inn, Hazratganj","North Indian, Mughlai, Chinese",3,1000.0,INR,4.2,411,4.108,India,Lucknow,0,0
Cappuccino Blast,Sadar Bazaar,"Cafe, Fast Food",2,700.0,INR,4.0,587,3.949,India,Lucknow,0,0
Basant Restaurant,"A Hotel, Gurdev Nagar","North Indian, Chinese, Fast Food",2,800.0,INR,3.6,93,3.513,India,Ludhiana,0,0
Hawai Adda,Aggar Nagar,"North Indian, Chinese, Continental",3,1500.0,INR,3.5,17,3.39,India,Ludhiana,0,0
Indian Summer,BRS Nagar,"North Indian, Chinese",3,1400.0,INR,4.1,191,3.945,India,Ludhiana,0,0
Basant,Civil Lines,"North Indian, Chinese, South Indian, Fast Food",1,400.0,INR,3.9,109,3.728,India,Ludhiana,0,0
Bistro 226,Civil Lines,"Italian, Continental, North Indian, Cafe",3,1400.0,INR,4.2,217,4.041,India,Ludhiana,0,0
Mocha,Gurdev Nagar,Cafe,2,800.0,INR,3.7,153,3.614,India,Ludhiana,0,0
Pirates Of Grill,Gurdev Nagar,"North Indian, Mughlai",3,1300.0,INR,3.9,41,3.599,India,Ludhiana,0,0
Bistro Flamme Bois,Gurdev Nagar,"Italian, Continental, Mexican, Lebanese",3,1500.0,INR,4.1,178,3.936,India,Ludhiana,0,0
Kitchen At 95 - Hyatt Regency,"Hyatt Regency, Rajguru Nagar","Mediterranean, Chinese, Continental",4,2000.0,INR,4.3,87,3.954,India,Ludhiana,0,0
Domino's Pizza,"Main Market, Sarabha Nagar","Pizza, Fast Food",2,700.0,INR,3.6,86,3.509,India,Ludhiana,0,0
Nando's,"Main Market, Sarabha Nagar","Portuguese, African",3,1200.0,INR,3.8,156,3.691,India,Ludhiana,0,0
Belfrance Luxury Chocolates,"Main Market, Sarabha Nagar","Cafe, Continental, Italian, Bakery",3,1100.0,INR,4.4,138,4.121,India,Ludhiana,0,0
Hot Breads,"Main Market, Sarabha Nagar","Continental, Chinese, Italian, Bakery",2,800.0,INR,4.2,261,4.064,India,Ludhiana,0,0
The Yellow Chilli,"Main Market, Sarabha Nagar","Mughlai, North Indian, Chinese",3,1200.0,INR,4.4,325,4.26,India,Ludhiana,0,0
Spice Cube,PAU,"North Indian, Chinese, Continental",3,1000.0,INR,3.5,116,3.455,India,Ludhiana,0,0
Barbeque Nation,Rajguru Nagar,"North Indian, Chinese, Continental",3,1400.0,INR,3.9,80,3.689,India,Ludhiana,0,0
Nik Bakers,Sarabha Nagar,"Cafe, Bakery, Desserts",2,800.0,INR,4.2,210,4.037,India,Ludhiana,0,0
Aman Chicken,Shastri Nagar,"North Indian, Mughlai",2,800.0,INR,4.6,196,4.346,India,Ludhiana,0,0
District 6,"Silver Arc Mall, Gurdev Nagar","European, Chinese",3,1600.0,INR,3.8,53,3.583,India,Ludhiana,0,0
The BrewMaster - The Mix Fine Dine,"Westend Mall, Rajguru Nagar","North Indian, Continental",3,1500.0,INR,3.9,154,3.766,India,Ludhiana,0,0
#45,Attavar,Cafe,2,600.0,INR,3.6,209,3.552,India,Mangalore,0,0
Crave Desserts & Bakes,Balmatta,"Desserts, Bakery",1,200.0,INR,3.9,196,3.789,India,Mangalore,0,0
Diesel Cafe,Balmatta,"American, Italian",3,900.0,INR,3.8,196,3.709,India,Mangalore,0,0
Froth On Top,Balmatta,"Chinese, Mangalorean",2,700.0,INR,3.7,355,3.657,India,Mangalore,0,0
Hao Ming,Balmatta,Chinese,2,600.0,INR,3.5,280,3.478,India,Mangalore,0,0
Kobe Sizzlers,Balmatta,"Continental, American",3,1000.0,INR,3.7,104,3.587,India,Mangalore,0,0
Liquid Lounge,Balmatta,"Finger Food, Continental, North Indian",3,800.0,INR,3.8,290,3.734,India,Mangalore,0,0
Maharaja Restaurant,Balmatta,"South Indian, North Indian",2,700.0,INR,3.6,275,3.562,India,Mangalore,0,0
Giri Manja's,Bhavathi,Seafood,2,500.0,INR,4.2,281,4.072,India,Mangalore,0,0
Kabab Studio,"Goldfinch Hotel, Balmatta","North Indian, Mughlai",4,1500.0,INR,3.5,183,3.468,India,Mangalore,0,0
Brio Cafe and Grill,Hampankatta,"Cafe, Continental",2,500.0,INR,3.6,84,3.507,India,Mangalore,0,0
Gajalee Sea Food,Kadri,"Seafood, North Indian",3,750.0,INR,3.9,257,3.811,India,Mangalore,0,0
Smoke N Oven,Kadri,"Pizza, Italian",2,600.0,INR,3.5,127,3.458,India,Mangalore,0,0
Village Restaurant,Kadri,"Chinese, Continental, North Indian, Mughlai",3,1000.0,INR,3.7,260,3.644,India,Mangalore,0,0
Barbeque Nation,Kankanady,"North Indian, Chinese",4,1600.0,INR,3.7,193,3.628,India,Mangalore,0,0
Machali,Kodailbail,Seafood,3,800.0,INR,4.1,245,3.973,India,Mangalore,0,0
Punjab Da Pind,KS Rao Nagar,"North Indian, Mughlai, Chinese, Mangalorean",3,1000.0,INR,3.7,173,3.622,India,Mangalore,0,0
Sizzler's Ranch,Lalbagh,Continental,2,700.0,INR,3.8,328,3.741,India,Mangalore,0,0
Spindrift,Lalbagh,"North Indian, Italian, Finger Food",2,700.0,INR,3.9,156,3.767,India,Mangalore,0,0
Sagar Ratna,"The Ocean Pearl, Kodailbail","South Indian, North Indian, Chinese",2,500.0,INR,3.7,175,3.623,India,Mangalore,0,0
The Shooters Cafe,Sector 70,"Continental, North Indian",2,550.0,INR,4.3,99,3.982,India,Mohali,0,1
Joey's Pizza,Azad Nagar,Pizza,2,800.0,INR,4.0,5145,3.994,India,Mumbai,0,0
Cafe Hydro,Borivali East,Asian,3,1000.0,INR,4.0,156,3.843,India,Mumbai,0,0
The American Joint,Borivali West,"Healthy Food, American, Burger, Salad",2,850.0,INR,3.4,170,3.389,India,Mumbai,1,0
The Fusion Kitchen,Borivali West,"North Indian, Italian, Chinese, Mexican",3,1000.0,INR,4.7,2083,4.668,India,Mumbai,1,1
145 Kala Ghoda,Fort,"Fast Food, Beverages, Desserts",3,1500.0,INR,4.2,1606,4.174,India,Mumbai,0,0
Tea Villa Cafe,"Hill Road, Bandra West","Cafe, Italian, Desserts, Fast Food, Chinese, Tea",3,1000.0,INR,4.1,2040,4.082,India,Mumbai,1,1
Grandmama's Cafe,Juhu,"Continental, Italian",3,1100.0,INR,3.8,617,3.766,India,Mumbai,0,0
Mumbai Vibe,"Linking Road, Bandra West","Cafe, Continental, North Indian, Italian, Chinese, Bakery, Desserts, Finger Food",3,1000.0,INR,3.8,146,3.686,India,Mumbai,1,0
The Rolling Pin,Lower Parel,"Bakery, Desserts, Cafe",2,700.0,INR,3.9,2076,3.887,India,Mumbai,0,1
Farzi Cafe,Lower Parel,Modern Indian,3,1500.0,INR,4.3,1240,4.263,India,Mumbai,0,0
SpiceKlub,Lower Parel,North Indian,3,1500.0,INR,4.2,3370,4.188,India,Mumbai,0,1
Tea Villa Cafe,"Majiwada, Thane West","Cafe, Italian, Desserts, Fast Food, Chinese, Tea",3,1000.0,INR,3.9,317,3.825,India,Mumbai,1,0
Joey's Pizza,Malad West,Pizza,2,800.0,INR,4.5,2662,4.479,India,Mumbai,0,1
Stacks And Racks,Malad West,"American, Burger, Fast Food",2,500.0,INR,4.6,413,4.465,India,Mumbai,0,0
The English Department Bar & Diner,Malad West,"Italian, Continental, Mexican, Japanese, American, British",3,1500.0,INR,3.9,885,3.871,India,Mumbai,1,0
Mirchi And Mime,Powai,"North Indian, South Indian, Mughlai",3,1500.0,INR,4.9,3244,4.877,India,Mumbai,0,0
38 Degree East,Powai,"North Indian, Chinese, Thai",3,1000.0,INR,3.8,181,3.703,India,Mumbai,1,0
R' ADDA,"Ramee Guestline Hotel, Juhu","Street Food, Burger, Desserts, Italian, Pizza, North Indian, European, Finger Food",3,1200.0,INR,4.0,536,3.945,India,Mumbai,0,0
Tea Villa Cafe,"Versova, Andheri West","Cafe, Italian, Desserts, Fast Food, Chinese, Tea",3,1000.0,INR,4.1,1295,4.072,India,Mumbai,1,1
Tea Villa Cafe,Vile Parle East,"Cafe, Italian, Desserts, Fast Food, Chinese, Tea",3,1000.0,INR,3.6,1515,3.592,India,Mumbai,1,1
Hotel RRR Mysore,Chamrajpura,Andhra,1,290.0,INR,3.4,139,3.387,India,Mysore,0,0
Jalpaan Dining Saga,Chamrajpura,"North Indian, Chinese, Italian",3,900.0,INR,3.7,172,3.622,India,Mysore,0,0
The Old House,Chamrajpura,Italian,3,800.0,INR,3.9,264,3.813,India,Mysore,0,0
Vinayaka Mylari,Doora,South Indian,1,300.0,INR,4.2,392,4.104,India,Mysore,0,0
Empire Restaurant,Gokulam,"North Indian, Andhra, Mughlai",2,500.0,INR,3.7,393,3.661,India,Mysore,0,0
Green Leaf,Gokulam,"North Indian, Chinese, South Indian",2,400.0,INR,3.5,214,3.472,India,Mysore,0,0
Pakva Lounge,Gokulam,"Italian, North Indian, South Indian",2,650.0,INR,3.7,262,3.644,India,Mysore,0,0
Spring - Radisson Blu Plaza,Ittige Gudu,"Continental, North Indian, South Indian",4,1700.0,INR,3.8,162,3.694,India,Mysore,0,0
Big Chicken,Jayalakhsmipuram,"North Indian, Chinese",2,500.0,INR,3.5,160,3.465,India,Mysore,0,0
Barbeque Nation,Jayalakhsmipuram,"North Indian, European, Mediterranean",4,1600.0,INR,4.0,286,3.904,India,Mysore,0,0
Pizza Hut,Jayalakhsmipuram,"Pizza, Italian",2,700.0,INR,4.0,304,3.908,India,Mysore,0,0
Tandooriwala,Kuvempunagar,North Indian,2,700.0,INR,3.5,127,3.458,India,Mysore,0,0
Jungle The Restaurant,"Pai Hotels, Doora","North Indian, Continental, Chinese",3,1000.0,INR,3.7,132,3.604,India,Mysore,0,0
The Barge Restaurant,Vijay Nagar,"Continental, Chinese, North Indian",4,1500.0,INR,3.3,11,3.343,India,Mysore,0,0
By The Way,Vijay Nagar,"North Indian, Chinese, South Indian",2,650.0,INR,3.6,190,3.548,India,Mysore,0,0
Cafe Cornucopia,Vijay Nagar,"Cafe, Continental, European, Beverages",2,700.0,INR,3.6,140,3.535,India,Mysore,0,0
Mezzaluna,Vijay Nagar,"Continental, South Indian",2,650.0,INR,3.8,249,3.725,India,Mysore,0,0
Nanking,Vijay Nagar,"Chinese, Thai",2,550.0,INR,3.7,208,3.633,India,Mysore,0,0
Oyster Bay,Vijay Nagar,"North Indian, Asian, Continental",3,1000.0,INR,3.6,270,3.561,India,Mysore,0,0
Purple Haze,Vijay Nagar,Finger Food,3,1200.0,INR,3.7,183,3.625,India,Mysore,0,0
House of Caffeine,Bajaj Nagar,Fast Food,2,500.0,INR,3.3,27,3.334,India,Nagpur,0,0
Hide Out The Street Cafe,Bajaj Nagar,Cafe,1,250.0,INR,3.8,73,3.618,India,Nagpur,0,0
Tapri The Chai Books Cafe,Bajaj Nagar,"Continental, Fast Food, Tea",1,250.0,INR,3.9,26,3.539,India,Nagpur,0,0
Eat Street Express,Bajaj Nagar,"North Indian, Chinese",2,500.0,INR,4.0,103,3.788,India,Nagpur,0,1
Zaikart,Bajaj Nagar,"North Indian, Mughlai",2,550.0,INR,4.3,88,3.957,India,Nagpur,0,1
Cafe Zinea,Civil Lines,"Cafe, Chinese, Fast Food, Italian",2,400.0,INR,3.7,201,3.631,India,Nagpur,0,1
Checker's,Civil Lines,"Fast Food, Chinese",2,550.0,INR,4.0,185,3.862,India,Nagpur,0,1
The B.A.W.A,Civil Lines,Cafe,2,600.0,INR,4.2,164,4.002,India,Nagpur,0,1
FSB,Dhantoli,"Continental, North Indian, Thai, Chinese",3,1100.0,INR,4.3,270,4.152,India,Nagpur,0,0
NESCAF Illusions,Dharampeth,Cafe,2,350.0,INR,3.9,140,3.756,India,Nagpur,0,0
Nineties,Dharampeth,"Cafe, Fast Food",1,250.0,INR,3.9,19,3.503,India,Nagpur,0,1
Mocha,Dharampeth,"Cafe, Continental",3,750.0,INR,4.0,284,3.903,India,Nagpur,0,1
The Zuree Urban Kitchen,Mohan Nagar,"North Indian, Italian, Continental",3,1200.0,INR,4.4,257,4.229,India,Nagpur,0,1
The Breakfast Story,Pratap Nagar,Cafe,2,600.0,INR,4.5,520,4.399,India,Nagpur,0,0
Ten Downing Street Restaurant & Bar,Ramdaspeth,"Chinese, Continental, North Indian",3,1000.0,INR,4.0,306,3.909,India,Nagpur,0,0
Ashoka Restaurant,Sadar,"North Indian, Chinese, Continental",3,1300.0,INR,4.2,275,4.07,India,Nagpur,0,1
Barbeque Nation,Sitabuldi,"North Indian, European, Mediterranean",4,1600.0,INR,4.9,226,4.62,India,Nagpur,0,0
KFC,Sitabuldi,"American, Fast Food",2,550.0,INR,2.2,147,2.492,India,Nagpur,0,1
Moksh The Restro Lounge,Sitabuldi,"Seafood, Chinese, Thai",3,1000.0,INR,4.0,100,3.784,India,Nagpur,0,0
Mainland China,Vivekanand Nagar,Chinese,3,1000.0,INR,3.8,45,3.564,India,Nagpur,0,0
Divtya Budhlya Wada Restaurant,Anand Wali Goan,Maharashtrian,2,400.0,INR,3.8,76,3.622,India,Nashik,0,0
Spice Route,Anand Wali Goan,"North Indian, Maharashtrian",4,1000.0,INR,3.6,91,3.512,India,Nashik,0,0
Veg Aroma,Anand Wali Goan,North Indian,3,600.0,INR,3.6,125,3.529,India,Nashik,0,0
Eastern Spice,"Bon Vivant, College Road",North Indian,3,800.0,INR,3.5,140,3.461,India,Nashik,0,0
The Bake Studio,"Bon Vivant, College Road","Cafe, Desserts",2,400.0,INR,3.6,86,3.509,India,Nashik,0,0
Barbeque Nation,"City Center, Parijat Nagar","North Indian, European, Mediterranean, Asian",4,1500.0,INR,3.8,117,3.666,India,Nashik,0,0
Chai Tapri,College Road,Cafe,1,150.0,INR,3.4,86,3.382,India,Nashik,0,0
Curry Leaves,College Road,"North Indian, Chinese, Fast Food",3,600.0,INR,3.4,162,3.389,India,Nashik,0,0
Enter The Dragon,College Road,Chinese,3,700.0,INR,3.4,177,3.389,India,Nashik,0,0
The Cafe Katta,College Road,Cafe,3,600.0,INR,3.3,15,3.34,India,Nashik,0,0
White X Sky Lounge,College Road,North Indian,3,800.0,INR,3.4,24,3.368,India,Nashik,0,0
12212,College Road,Fast Food,2,400.0,INR,3.5,80,3.443,India,Nashik,0,0
Al Arabian Express,College Road,Mughlai,3,500.0,INR,3.7,162,3.618,India,Nashik,0,0
RiverDine Restaurant & Bar,College Road,"North Indian, Chinese",3,500.0,INR,3.5,166,3.466,India,Nashik,0,0
Barbeque Ville,Parijat Nagar,North Indian,4,1100.0,INR,3.8,164,3.695,India,Nashik,0,0
Little Italy,Satpur,Italian,3,800.0,INR,3.0,25,3.235,India,Nashik,0,0
Soma at Sula,Satpur,North Indian,4,1000.0,INR,3.3,33,3.331,India,Nashik,0,0
Hotel Radhakrishna,Satpur,"Malwani, North Indian, Chinese, Seafood",2,400.0,INR,3.5,77,3.442,India,Nashik,0,0
Sadhana Restaurant,Satpur,Maharashtrian,1,100.0,INR,3.9,218,3.798,India,Nashik,0,0
House Of Flavours,"SSK Solitaire, Satpur","North Indian, Chinese, Continental",3,900.0,INR,3.4,71,3.38,India,Nashik,0,0
Burger.in,Adchini,Fast Food,1,350.0,INR,3.2,46,3.251,India,New Delhi,0,1
Days of the Raj,Adchini,"North Indian, Seafood, Continental",3,1500.0,INR,3.4,45,3.346,India,New Delhi,1,1
Dilli Ka Dhaba,Adchini,"South Indian, North Indian",2,500.0,INR,2.6,11,3.172,India,New Delhi,0,0
Govardhan,Adchini,"South Indian, North Indian, Chinese",2,500.0,INR,3.4,238,3.382,India,New Delhi,0,1
Mezbaan Grills,Adchini,Mughlai,1,400.0,INR,3.1,8,3.27,India,New Delhi,0,0
Say Cheese,Adchini,Fast Food,1,400.0,INR,2.7,64,2.962,India,New Delhi,0,1
Southy,Adchini,South Indian,1,450.0,INR,2.6,113,2.814,India,New Delhi,0,1
Monosoz,Adchini,Pizza,1,300.0,INR,3.7,66,3.526,India,New Delhi,0,1
Waves,Adchini,"North Indian, Chinese",3,1500.0,INR,3.5,141,3.447,India,New Delhi,1,1
Delhi Darbar,Adchini,"Chinese, North Indian",2,500.0,INR,2.2,77,2.632,India,New Delhi,0,0
Chateau,Adchini,"Mediterranean, Italian",3,1600.0,INR,4.0,40,3.61,India,New Delhi,1,0
Nariyal Cafe,Adchini,"Continental, Seafood, Goan, Andhra, Kerala, Thai",3,1200.0,INR,4.2,46,3.73,India,New Delhi,1,0
Rustom's Parsi Bhonu,Adchini,Parsi,3,1500.0,INR,4.2,665,4.137,India,New Delhi,1,1
BarShala,"Aditya Mega Mall, Karkardooma",Finger Food,2,600.0,INR,3.2,31,3.26,India,New Delhi,0,0
Chawla's_,"Aditya Mega Mall, Karkardooma","North Indian, Mughlai",2,800.0,INR,3.4,32,3.337,India,New Delhi,1,1
Domino's Pizza,"Aditya Mega Mall, Karkardooma","Pizza, Fast Food",2,700.0,INR,2.8,83,2.987,India,New Delhi,0,0
Sultanat,"Aditya Mega Mall, Karkardooma","North Indian, Chinese, Continental",3,1000.0,INR,3.7,288,3.64,India,New Delhi,1,1
Bella Italia,Aerocity,"Fast Food, Italian, Pizza",2,550.0,INR,3.2,33,3.259,India,New Delhi,0,0
Clever Fox Cafe,Aerocity,"North Indian, Continental, Chinese",2,900.0,INR,3.2,26,3.264,India,New Delhi,1,0
4 on 44 Restaurant & Bar,"Aggarwal City Mall, Pitampura","North Indian, Chinese",3,1000.0,INR,2.6,49,2.952,India,New Delhi,1,1
Rambhog,"Aggarwal City Mall, Pitampura","Street Food, Mithai",1,200.0,INR,3.3,13,3.298,India,New Delhi,0,0
Selfie Lounge Restro & Bar,"Aggarwal City Mall, Pitampura","North Indian, Chinese",3,1500.0,INR,3.2,64,3.243,India,New Delhi,1,1
BTW,"Aggarwal City Plaza, Rohini","Street Food, South Indian, Mithai",1,400.0,INR,3.4,167,3.376,India,New Delhi,0,0
Chilli Pepper,"Aggarwal City Plaza, Rohini","North Indian, Chinese",2,900.0,INR,3.3,99,3.299,India,New Delhi,1,1
Pizza Hut,"Aggarwal City Plaza, Rohini","Italian, Pizza, Fast Food",3,1000.0,INR,2.6,125,2.799,India,New Delhi,0,1
Puri Bakers,"Aggarwal City Plaza, Rohini","Bakery, Fast Food",1,300.0,INR,3.7,124,3.584,India,New Delhi,0,0
Jaiveer Naan & Chaap,"Aggarwal City Plaza, Rohini","North Indian, Fast Food",2,500.0,INR,2.2,79,2.625,India,New Delhi,0,1
Aggarwal's Sweets Paradise,Alaknanda,"Mithai, North Indian, South Indian, Street Food",1,400.0,INR,2.9,8,3.243,India,New Delhi,0,0
Bikaner Sweets,Alaknanda,"Mithai, Street Food",1,200.0,INR,3.3,20,3.298,India,New Delhi,0,0
Cafe Coffee Day,Alaknanda,Cafe,1,450.0,INR,3.2,23,3.267,India,New Delhi,0,0
Cakeophony By Sonali,Alaknanda,Bakery,1,400.0,INR,3.4,19,3.326,India,New Delhi,0,0
Chandra Sweets,Alaknanda,"Mithai, North Indian, South Indian, Street Food",1,400.0,INR,3.0,7,3.261,India,New Delhi,0,0
Chhotu Mashhoor Kathi Roll,Alaknanda,Fast Food,1,150.0,INR,2.7,11,3.19,India,New Delhi,0,0
Green Chick Chop,Alaknanda,"Raw Meats, North Indian, Fast Food",1,350.0,INR,3.2,35,3.257,India,New Delhi,0,0
Lazeez Restaurant,Alaknanda,"Chinese, North Indian, Italian, Mughlai",2,600.0,INR,3.0,11,3.244,India,New Delhi,0,1
Madhuvan Chinese Fast Food,Alaknanda,Chinese,1,300.0,INR,2.5,32,2.986,India,New Delhi,0,1
Mr Wong,Alaknanda,"Chinese, Thai",2,800.0,INR,3.2,10,3.281,India,New Delhi,0,1
Mughlai Shahi Rasoi,Alaknanda,"North Indian, Mughlai",2,600.0,INR,3.2,23,3.267,India,New Delhi,0,0
Mumbai Central Street Food,Alaknanda,"Street Food, Fast Food, Beverages",1,400.0,INR,3.1,7,3.273,India,New Delhi,0,0
Neha's Treat,Alaknanda,Chinese,1,450.0,INR,2.9,42,3.116,India,New Delhi,0,0
New Bakers Shoppee,Alaknanda,"Bakery, Fast Food",1,200.0,INR,3.2,21,3.269,India,New Delhi,0,0
Pant  Ice Cream Parlour,Alaknanda,"Desserts, Ice Cream",1,150.0,INR,3.3,16,3.298,India,New Delhi,0,0
PM 2 AM Food Bank,Alaknanda,North Indian,2,500.0,INR,2.5,37,2.958,India,New Delhi,0,1
Punjabi Chaap Corner,Alaknanda,North Indian,1,250.0,INR,2.9,4,3.268,India,New Delhi,0,0
Sartaj Food Corner,Alaknanda,"North Indian, South Indian, Chinese",2,500.0,INR,2.8,7,3.236,India,New Delhi,0,1
The Sugar Therapy,Alaknanda,"Bakery, Desserts",1,450.0,INR,3.4,22,3.329,India,New Delhi,0,0
Biryani Binge,Alaknanda,"North Indian, Biryani",2,600.0,INR,3.9,97,3.695,India,New Delhi,0,1
City of Joy,Alaknanda,Bengali,2,800.0,INR,3.9,452,3.84,India,New Delhi,0,0
Letz Roll,Alaknanda,"Ice Cream, Desserts",1,250.0,INR,3.6,14,3.364,India,New Delhi,0,0
Nukkad,Alaknanda,"Chinese, Mughlai, North Indian",2,650.0,INR,3.6,82,3.485,India,New Delhi,0,1
Shree Rathnam,Alaknanda,"South Indian, North Indian, Chinese",2,800.0,INR,2.4,31,2.954,India,New Delhi,0,1
Alaturka,"Ambience Mall, Vasant Kunj",Turkish,2,600.0,INR,2.5,100,2.766,India,New Delhi,0,1
Amici Gourmet Pizza,"Ambience Mall, Vasant Kunj","Pizza, Italian",2,800.0,INR,3.1,230,3.135,India,New Delhi,0,1
Burger King,"Ambience Mall, Vasant Kunj","Burger, Fast Food",2,500.0,INR,3.2,458,3.21,India,New Delhi,0,1
Kylin Express,"Ambience Mall, Vasant Kunj","Asian, Chinese",2,700.0,INR,2.6,176,2.754,India,New Delhi,0,0
Big Fat Sandwich,"Ambience Mall, Vasant Kunj",American,2,800.0,INR,3.5,232,3.464,India,New Delhi,1,1
Fashion Tv Cafe,"Ambience Mall, Vasant Kunj","Continental, Chinese, North Indian",4,2200.0,INR,3.6,27,3.403,India,New Delhi,1,0
Kylin Skybar,"Ambience Mall, Vasant Kunj","Chinese, Japanese, Thai, Malaysian, Vietnamese, Asian",4,2200.0,INR,3.6,210,3.542,India,New Delhi,1,0
Lemon Drops,"Ambience Mall, Vasant Kunj","North Indian, South Indian",2,500.0,INR,3.9,44,3.579,India,New Delhi,0,0
Punjabi By Nature Express,"Ambience Mall, Vasant Kunj","North Indian, Street Food, Mughlai",2,600.0,INR,3.5,206,3.46,India,New Delhi,0,0
Red Mango,"Ambience Mall, Vasant Kunj","Cafe, Desserts",2,700.0,INR,3.7,185,3.614,India,New Delhi,0,1
Starbucks,"Ambience Mall, Vasant Kunj",Cafe,2,700.0,INR,3.7,256,3.634,India,New Delhi,0,0
Peninsular Kitchen,"Ambience Mall, Vasant Kunj","Seafood, South Indian, Andhra, Hyderabadi, Goan",3,1500.0,INR,4.2,336,4.083,India,New Delhi,1,1
Mithapur,Anand Lok,"Chinese, Fast Food, North Indian, South Indian",1,450.0,INR,3.4,280,3.384,India,New Delhi,0,0
Diggin,Anand Lok,"Italian, Continental, Cafe",3,1400.0,INR,4.2,2131,4.179,India,New Delhi,1,1
Aggarwal Sweet India,Anand Vihar,"Fast Food, North Indian, Chinese, Desserts",1,200.0,INR,2.8,13,3.195,India,New Delhi,0,0
Banzara's,Anand Vihar,"Chinese, Fast Food",1,400.0,INR,3.1,38,3.212,India,New Delhi,0,0
Bobby Tikki Wala,Anand Vihar,Street Food,1,150.0,INR,2.8,69,3.009,India,New Delhi,0,0
Chennai Junction,Anand Vihar,South Indian,2,500.0,INR,3.3,11,3.298,India,New Delhi,0,0
Chicken Bite,Anand Vihar,Fast Food,1,200.0,INR,3.1,6,3.276,India,New Delhi,0,0
Chocolate Dreams,Anand Vihar,"Bakery, Desserts",1,400.0,INR,3.0,4,3.275,India,New Delhi,0,0
Dial n Dine,Anand Vihar,"North Indian, Chinese",2,650.0,INR,3.4,80,3.361,India,New Delhi,0,0
Fresh n Refresh,Anand Vihar,Fast Food,2,500.0,INR,3.4,24,3.331,India,New Delhi,0,0
Garden Hut,Anand Vihar,"Chinese, Fast Food",1,250.0,INR,3.1,13,3.257,India,New Delhi,0,0
Giani,Anand Vihar,"Ice Cream, Desserts",1,400.0,INR,3.3,12,3.298,India,New Delhi,0,1
Jugnu Gaming Zone and Cafe,Anand Vihar,"Cafe, North Indian, Fast Food",2,600.0,INR,2.9,4,3.268,India,New Delhi,0,0
Keventer's South Indian & Chinese Food,Anand Vihar,"Chinese, South Indian",1,200.0,INR,2.8,9,3.222,India,New Delhi,0,0
KTS,Anand Vihar,Fast Food,1,250.0,INR,3.3,18,3.298,India,New Delhi,0,0
Mandarin,Anand Vihar,Chinese,2,600.0,INR,2.8,14,3.189,India,New Delhi,0,0
Penguin Bakers & Shakers,Anand Vihar,Fast Food,1,400.0,INR,2.8,9,3.222,India,New Delhi,0,0
Rollmates,Anand Vihar,"Fast Food, North Indian, Chinese",1,200.0,INR,3.2,16,3.274,India,New Delhi,0,0
Tandoori Nights,Anand Vihar,"Mughlai, North Indian",2,650.0,INR,3.0,5,3.27,India,New Delhi,0,0
Burger Dominion,Anand Vihar,Fast Food,2,500.0,INR,3.6,251,3.55,India,New Delhi,0,1
Cafe Gainz,Anand Vihar,Healthy Food,1,350.0,INR,3.5,42,3.39,India,New Delhi,0,1
Chaskaa,Anand Vihar,"Chinese, North Indian, Italian",2,650.0,INR,3.5,220,3.462,India,New Delhi,0,1
Fabulous Cake Bites,Anand Vihar,"Bakery, Desserts, Fast Food, Pizza, Burger, Continental",1,400.0,INR,3.6,34,3.42,India,New Delhi,0,1
Hangout - A House Of Kathis,Anand Vihar,Street Food,1,250.0,INR,3.7,103,3.568,India,New Delhi,0,0
Malais By Anands,Anand Vihar,"North Indian, Chinese, South Indian, Fast Food",1,300.0,INR,3.7,46,3.49,India,New Delhi,0,0
Panchwati Rasoi,Anand Vihar,"North Indian, Chinese",1,250.0,INR,3.8,62,3.576,India,New Delhi,0,0
Sprinkles Cup & Cake,Anand Vihar,"Bakery, Desserts",1,300.0,INR,3.6,42,3.436,India,New Delhi,0,0
Target Ice Cream & Bakers,Anand Vihar,"Desserts, Bakery, Pizza, Burger, Continental",1,350.0,INR,3.6,58,3.46,India,New Delhi,0,1
The Sweeet Jar,Anand Vihar,"Cafe, Bakery",3,1000.0,INR,3.9,106,3.707,India,New Delhi,0,1
Juniper Bar - Andaz Delhi,"Andaz Delhi, Aerocity","North Indian, European",3,1500.0,INR,3.0,4,3.275,India,New Delhi,1,0
McDonald's,"Ansal Plaza Mall, Khel Gaon Marg","Fast Food, Burger",2,500.0,INR,3.4,48,3.348,India,New Delhi,0,1
Pizza Hut Delivery,"Ansal Plaza Mall, Khel Gaon Marg","Italian, Pizza, Fast Food",2,800.0,INR,3.2,51,3.248,India,New Delhi,0,1
The Arena,"Ansal Plaza Mall, Khel Gaon Marg","Continental, Asian, North Indian",3,1600.0,INR,3.4,19,3.326,India,New Delhi,1,0
Restaurant De Seoul,"Ansal Plaza Mall, Khel Gaon Marg","Japanese, Korean",4,2500.0,INR,3.6,59,3.461,India,New Delhi,1,0
Taksim,"Ansal Plaza Mall, Khel Gaon Marg",Continental,3,1500.0,INR,3.9,188,3.773,India,New Delhi,1,0
Jom Jom Malay,"Ansal Plaza Mall, Khel Gaon Marg","Malaysian, Indonesian",3,1800.0,INR,4.4,77,3.966,India,New Delhi,0,0
Kofuku,"Ansal Plaza Mall, Khel Gaon Marg","Japanese, Asian",3,1500.0,INR,4.0,46,3.634,India,New Delhi,0,1
The Sky High,"Ansal Plaza Mall, Khel Gaon Marg","Continental, North Indian, Mughlai, Italian",3,1400.0,INR,4.1,387,4.008,India,New Delhi,0,0
Haldiram's,"ARSS Mall, Paschim Vihar","North Indian, South Indian, Chinese, Mithai, Fast Food",2,500.0,INR,3.1,117,3.159,India,New Delhi,0,0
Jux Pux - The Dreamer's Cafe,Asaf Ali Road,"Beverages, Fast Food",1,350.0,INR,3.1,7,3.273,India,New Delhi,0,0
Pizzaon,Asaf Ali Road,"Pizza, Fast Food",2,500.0,INR,3.0,10,3.248,India,New Delhi,0,0
"34, Chowringhee Lane",Ashok Vihar Phase 1,Fast Food,1,350.0,INR,2.8,7,3.236,India,New Delhi,0,1
Aapni Dhani,Ashok Vihar Phase 1,"North Indian, Street Food",1,200.0,INR,2.8,23,3.141,India,New Delhi,0,0
Bengal Sweet Corner,Ashok Vihar Phase 1,"North Indian, South Indian, Chinese, Fast Food, Mithai",2,500.0,INR,2.8,102,2.964,India,New Delhi,0,0
Chicken Vicken,Ashok Vihar Phase 1,"North Indian, Chinese",2,600.0,INR,3.4,19,3.326,India,New Delhi,0,0
Cup-a-licious,Ashok Vihar Phase 1,Bakery,1,200.0,INR,3.2,15,3.275,India,New Delhi,0,0
Frontier,Ashok Vihar Phase 1,Bakery,1,200.0,INR,3.0,10,3.248,India,New Delhi,0,0
Metro Fast Food,Ashok Vihar Phase 1,"Chinese, Fast Food",1,400.0,INR,2.7,17,3.146,India,New Delhi,0,0
Nagpal's,Ashok Vihar Phase 1,Street Food,1,200.0,INR,3.4,135,3.372,India,New Delhi,0,1
Nile Restro & Bar,Ashok Vihar Phase 1,"North Indian, Chinese",3,1000.0,INR,2.7,35,3.051,India,New Delhi,1,0
Popular Chicken,Ashok Vihar Phase 1,"North Indian, Mughlai, Chinese",1,450.0,INR,3.0,5,3.27,India,New Delhi,0,0
Sardar A Pure Meat Shop,Ashok Vihar Phase 1,"Raw Meats, Fast Food, North Indian",1,150.0,INR,3.4,22,3.329,India,New Delhi,0,0
Shankar Fast Food,Ashok Vihar Phase 1,"Chinese, Fast Food",1,300.0,INR,3.2,74,3.239,India,New Delhi,0,0
Singh's Zaika,Ashok Vihar Phase 1,"North Indian, Chinese, Mughlai",2,500.0,INR,3.0,4,3.275,India,New Delhi,0,0
The Mirch Masala,Ashok Vihar Phase 1,"North Indian, Chinese",2,700.0,INR,3.0,7,3.261,India,New Delhi,0,0
The Mirch Masala,Ashok Vihar Phase 1,North Indian,2,650.0,INR,3.2,22,3.268,India,New Delhi,0,0
Uncle Cake Shop,Ashok Vihar Phase 1,"Bakery, Desserts, Fast Food",1,300.0,INR,3.1,9,3.267,India,New Delhi,0,0
Kays Bar-Be-Que,Ashok Vihar Phase 1,"North Indian, Mughlai",2,700.0,INR,3.5,191,3.458,India,New Delhi,0,1
Master Bakers,Ashok Vihar Phase 1,"Bakery, Desserts, Chinese, Fast Food",1,350.0,INR,3.7,199,3.619,India,New Delhi,0,1
The Master's Fast Food Centre,Ashok Vihar Phase 1,"Fast Food, Chinese, Bakery",1,400.0,INR,3.5,60,3.408,India,New Delhi,0,0
Chhabra Sweets,Ashok Vihar Phase 1,Mithai,1,100.0,INR,2.4,15,3.09,India,New Delhi,0,0
Kanwarji's,Ashok Vihar Phase 2,"Street Food, Chinese, North Indian, Mithai",1,300.0,INR,2.9,29,3.152,India,New Delhi,0,1
Pizza Hut,Ashok Vihar Phase 2,"Italian, Pizza, Fast Food",3,1000.0,INR,3.4,35,3.34,India,New Delhi,0,1
Sagar Ratna,Ashok Vihar Phase 2,"South Indian, North Indian, Chinese",2,600.0,INR,2.7,278,2.791,India,New Delhi,0,1
Smelling Salts,Ashok Vihar Phase 2,"North Indian, Chinese",3,1200.0,INR,3.3,53,3.299,India,New Delhi,1,0
Wah Ji Wah,Ashok Vihar Phase 2,"North Indian, Chinese",1,350.0,INR,2.6,142,2.782,India,New Delhi,0,1
Wheelyz,Ashok Vihar Phase 2,"North Indian, Chinese, Fast Food",2,550.0,INR,2.5,41,2.938,India,New Delhi,0,1
Bell Pepperz,Ashok Vihar Phase 2,"Chinese, Italian, North Indian",3,1300.0,INR,3.9,492,3.844,India,New Delhi,1,1
Bharat Sweets,Ashok Vihar Phase 2,"Mithai, Street Food",1,250.0,INR,3.5,28,3.37,India,New Delhi,0,0
Invitation,Ashok Vihar Phase 2,"North Indian, Chinese",3,1300.0,INR,3.6,457,3.57,India,New Delhi,1,0
Mystique Melange,Ashok Vihar Phase 2,"North Indian, Mughlai, Chinese, Continental",3,1800.0,INR,3.9,173,3.765,India,New Delhi,1,0
Pandit Ji Paranthe Wale,Ashok Vihar Phase 2,North Indian,1,200.0,INR,3.7,131,3.589,India,New Delhi,0,0
Raju Chat Palace,Ashok Vihar Phase 2,Street Food,1,200.0,INR,3.9,123,3.726,India,New Delhi,0,0
Seasonings - The Spice Mysteries,Ashok Vihar Phase 2,"North Indian, Mughlai, Chinese, Italian",3,1200.0,INR,3.9,274,3.807,India,New Delhi,1,1
SGF - Spice Grill Flame,Ashok Vihar Phase 2,"North Indian, Chinese",2,500.0,INR,3.5,87,3.426,India,New Delhi,0,1
Apni Rasoi,Ashok Vihar Phase 3,North Indian,1,300.0,INR,3.0,78,3.116,India,New Delhi,0,0
Bablu Kabab Shop,Ashok Vihar Phase 3,"North Indian, Mughlai",2,500.0,INR,3.1,10,3.264,India,New Delhi,0,0
Cake o' Cuisine,Ashok Vihar Phase 3,Bakery,1,300.0,INR,3.3,26,3.298,India,New Delhi,0,0
Domino's Pizza,Ashok Vihar Phase 3,"Pizza, Fast Food",2,700.0,INR,3.2,101,3.232,India,New Delhi,0,0
Hunger Flames,Ashok Vihar Phase 3,"Pizza, Fast Food, Chinese",2,500.0,INR,3.4,17,3.323,India,New Delhi,0,0
Puran Chand Ambala Wale Di Hatti,Ashok Vihar Phase 3,"North Indian, Mughlai",2,600.0,INR,3.3,34,3.298,India,New Delhi,0,0
The Cake Gallery,Ashok Vihar Phase 3,Bakery,2,500.0,INR,3.3,12,3.298,India,New Delhi,0,0
Bablu Chic Inn,Ashok Vihar Phase 3,"Mughlai, North Indian",2,750.0,INR,3.6,34,3.42,India,New Delhi,0,0
Masala Basket,Ashok Vihar Phase 3,"North Indian, South Indian, Street Food",1,400.0,INR,3.6,46,3.442,India,New Delhi,0,1
Udta Punjab,Ashok Vihar Phase 3,"North Indian, Mughlai",2,600.0,INR,3.5,31,3.375,India,New Delhi,0,0
Munch Nation,Ashok Vihar Phase 3,"Fast Food, Italian, Chinese",1,350.0,INR,4.0,96,3.759,India,New Delhi,0,1
Bengali Pastry Shop & Snack Bar,Barakhamba Road,"North Indian, South Indian, Chinese",2,550.0,INR,3.2,70,3.241,India,New Delhi,0,0
Bhimsain's Bengali Sweet House,Barakhamba Road,"North Indian, South Indian, Chinese, Street Food, Mithai",1,400.0,INR,3.4,560,3.392,India,New Delhi,0,1
Cafe Coffee Day,Barakhamba Road,Cafe,1,450.0,INR,2.9,4,3.268,India,New Delhi,0,0
Colonel's Kababz,Barakhamba Road,"North Indian, Fast Food",2,600.0,INR,3.4,38,3.342,India,New Delhi,0,1
Faasos,Barakhamba Road,"North Indian, Fast Food",2,600.0,INR,2.8,11,3.208,India,New Delhi,0,1
Karachi Bakery,Barakhamba Road,"Bakery, Mithai",1,200.0,INR,3.0,4,3.275,India,New Delhi,0,0
Nathu's Sweets,Barakhamba Road,"North Indian, South Indian, Street Food, Mithai",2,600.0,INR,3.3,421,3.3,India,New Delhi,0,1
Sachdeva Confectioners,Barakhamba Road,"North Indian, Chinese",2,550.0,INR,3.1,68,3.184,India,New Delhi,0,1
Bengali Sweet House,Barakhamba Road,"North Indian, Street Food, Chinese, South Indian, Mithai",1,400.0,INR,3.6,85,3.488,India,New Delhi,0,0
Bijoli Grill,Barakhamba Road,"Bengali, North Indian, Chinese",2,800.0,INR,3.7,343,3.649,India,New Delhi,1,0
Nathu's Pastry Shop,Barakhamba Road,"Bakery, Desserts, Fast Food",1,300.0,INR,3.8,120,3.652,India,New Delhi,0,0
Habibi Express,Barakhamba Road,"Lebanese, Arabian, Moroccan",2,750.0,INR,2.3,55,2.775,India,New Delhi,0,1
Cafe Coffee Day,"Basant Lok Market, Vasant Vihar",Cafe,1,450.0,INR,3.2,49,3.249,India,New Delhi,0,0
China Town,"Basant Lok Market, Vasant Vihar","Chinese, Fast Food",1,400.0,INR,2.9,7,3.249,India,New Delhi,0,0
Domino's Pizza,"Basant Lok Market, Vasant Vihar","Pizza, Fast Food",2,700.0,INR,3.3,90,3.299,India,New Delhi,0,0
High Street Kitchen & Bar,"Basant Lok Market, Vasant Vihar",North Indian,3,1200.0,INR,2.9,11,3.226,India,New Delhi,1,0
Pizza Hut,"Basant Lok Market, Vasant Vihar","Italian, Pizza, Fast Food",3,1000.0,INR,3.1,161,3.147,India,New Delhi,0,1
Sugar & Spice - Le Marche,"Basant Lok Market, Vasant Vihar","Bakery, Fast Food",2,800.0,INR,3.0,67,3.127,India,New Delhi,0,0
The Kathis,"Basant Lok Market, Vasant Vihar","Fast Food, North Indian",1,300.0,INR,2.8,23,3.141,India,New Delhi,0,1
The Kylin Experience,"Basant Lok Market, Vasant Vihar","Japanese, Chinese, Malaysian, Thai, Vietnamese",3,1700.0,INR,3.3,60,3.299,India,New Delhi,0,1
Arabian Nites,"Basant Lok Market, Vasant Vihar",Lebanese,1,450.0,INR,3.5,239,3.465,India,New Delhi,0,1
Asia Kitchen,"Basant Lok Market, Vasant Vihar","Chinese, Thai, North Indian",3,1300.0,INR,3.7,137,3.592,India,New Delhi,1,1
Dunkin' Donuts,"Basant Lok Market, Vasant Vihar","Burger, Desserts, Fast Food",2,600.0,INR,3.7,212,3.623,India,New Delhi,0,1
Krips Restaurant,"Basant Lok Market, Vasant Vihar","North Indian, Chinese",3,1000.0,INR,3.5,193,3.458,India,New Delhi,1,1
McDonald's,"Basant Lok Market, Vasant Vihar","Fast Food, Burger",2,500.0,INR,3.5,202,3.46,India,New Delhi,0,1
Yo! China,"Basant Lok Market, Vasant Vihar",Chinese,3,1300.0,INR,3.5,332,3.473,India,New Delhi,1,1
RPM,"Basant Lok Market, Vasant Vihar",Finger Food,3,1800.0,INR,2.4,92,2.716,India,New Delhi,1,0
By The Way - Bellagio,"Bellagio, Ashok Vihar Phase 2","Italian, Continental",3,1000.0,INR,2.9,120,3.017,India,New Delhi,1,1
Red - Bellagio,"Bellagio, Ashok Vihar Phase 2",Chinese,3,1500.0,INR,3.4,137,3.373,India,New Delhi,1,1
Soul Curry - Bellagio,"Bellagio, Ashok Vihar Phase 2","North Indian, Mughlai",3,1100.0,INR,3.6,158,3.527,India,New Delhi,1,1
Alpha 63,"Best Western Taurus Hotel, Mahipalpur","North Indian, Chinese, Continental",3,1500.0,INR,2.7,9,3.206,India,New Delhi,1,0
Bite-N-Sip,Bhikaji Cama Place,"North Indian, Street Food",1,300.0,INR,2.6,38,2.996,India,New Delhi,0,1
Lotus Garden,Bhikaji Cama Place,"Chinese, Japanese, Thai",4,2000.0,INR,3.2,59,3.245,India,New Delhi,1,0
Meethas Sweets,Bhikaji Cama Place,"Mithai, North Indian",1,200.0,INR,2.8,4,3.261,India,New Delhi,0,0
Nirula's,Bhikaji Cama Place,"Fast Food, North Indian, Desserts, Ice Cream",3,1100.0,INR,2.5,98,2.769,India,New Delhi,0,1
Punjabi Tadka,Bhikaji Cama Place,North Indian,1,250.0,INR,2.8,11,3.208,India,New Delhi,0,0
Snack Bar,Bhikaji Cama Place,"North Indian, Mughlai",1,250.0,INR,3.0,11,3.244,India,New Delhi,0,0
South Indian Food,Bhikaji Cama Place,South Indian,1,150.0,INR,3.1,14,3.254,India,New Delhi,0,0
Domino's Pizza,Bhikaji Cama Place,"Pizza, Fast Food",2,700.0,INR,2.4,71,2.771,India,New Delhi,0,0
Southy,Bhikaji Cama Place,South Indian,1,400.0,INR,2.4,33,2.941,India,New Delhi,0,1
Al Kuresh,Chanakyapuri,"Chinese, North Indian",2,850.0,INR,3.3,85,3.299,India,New Delhi,0,1
Angan Bakery & Cafe,Chanakyapuri,"Bakery, Italian, Fast Food, Chinese, Continental",2,600.0,INR,2.9,10,3.231,India,New Delhi,0,0
Bamboo Chopstix,Chanakyapuri,"Chinese, North Indian",2,700.0,INR,2.7,8,3.215,India,New Delhi,0,0
Bawarchis,Chanakyapuri,"Chinese, North Indian",2,700.0,INR,2.9,16,3.201,India,New Delhi,0,0
Bikanervala,Chanakyapuri,"North Indian, South Indian, Fast Food, Street Food, Chinese, Beverages, Desserts, Mithai",1,450.0,INR,3.4,113,3.369,India,New Delhi,0,0
Cafe Coffee Day,Chanakyapuri,Cafe,1,450.0,INR,3.0,4,3.275,India,New Delhi,0,0
Chanakya Bar-Be-Que,Chanakyapuri,"Chinese, North Indian",2,800.0,INR,3.2,17,3.273,India,New Delhi,1,0
Chattisgarh Bhawan,Chanakyapuri,"North Indian, South Indian",1,450.0,INR,2.7,33,3.06,India,New Delhi,0,0
Chimney,Chanakyapuri,Chinese,2,800.0,INR,2.9,66,3.071,India,New Delhi,1,0
China Town Sizzlers,Chanakyapuri,Chinese,2,800.0,INR,3.4,34,3.339,India,New Delhi,0,0
Chinese Bite,Chanakyapuri,"Chinese, North Indian, Seafood",2,700.0,INR,2.8,31,3.107,India,New Delhi,0,0
Chinese Garden,Chanakyapuri,Chinese,2,900.0,INR,3.2,17,3.273,India,New Delhi,1,0
Costa Coffee,Chanakyapuri,Cafe,2,600.0,INR,3.0,4,3.275,India,New Delhi,0,0
Food Point,Chanakyapuri,Fast Food,1,200.0,INR,2.8,5,3.252,India,New Delhi,0,0
Ikko,Chanakyapuri,"North Indian, Mughlai",3,1650.0,INR,2.9,10,3.231,India,New Delhi,1,0
Jammu And Kashmir House,Chanakyapuri,"Kashmiri, North Indian",2,500.0,INR,2.9,4,3.268,India,New Delhi,0,0
Laguna,Chanakyapuri,"Chinese, North Indian",2,900.0,INR,3.4,60,3.353,India,New Delhi,0,0
Momo Point,Chanakyapuri,"Chinese, North Indian",2,700.0,INR,3.2,14,3.276,India,New Delhi,0,0
New Zaika,Chanakyapuri,"Chinese, North Indian",2,700.0,INR,3.1,10,3.264,India,New Delhi,0,0
Organic Express,Chanakyapuri,"Cafe, Healthy Food, North Indian",2,700.0,INR,3.0,7,3.261,India,New Delhi,0,0
Tamil Nadu House Canteen,Chanakyapuri,"South Indian, Chettinad, North Indian, Chinese",2,600.0,INR,3.4,161,3.376,India,New Delhi,0,0
The Chocolate Avenue,Chanakyapuri,Bakery,1,300.0,INR,3.4,28,3.334,India,New Delhi,0,0
Chimney Sizzlers,Chanakyapuri,Chinese,2,800.0,INR,3.7,137,3.592,India,New Delhi,1,1
Gujarat Bhawan Restaurant,Chanakyapuri,"Gujarati, South Indian, North Indian",1,400.0,INR,3.7,203,3.62,India,New Delhi,0,0
Its Sinful,Chanakyapuri,"Bakery, Desserts",1,450.0,INR,3.5,20,3.355,India,New Delhi,0,0
Jakoi,Chanakyapuri,"Assamese, Chinese",2,600.0,INR,3.5,218,3.462,India,New Delhi,0,0
Moti Mahal Delux,Chanakyapuri,"North Indian, Mughlai",3,1600.0,INR,2.4,164,2.61,India,New Delhi,1,0
The Treat,Chanakyapuri,"North Indian, Mughlai, Chinese",2,500.0,INR,2.1,138,2.418,India,New Delhi,0,0
Break Fast Point,Chander Nagar,North Indian,1,200.0,INR,3.3,21,3.298,India,New Delhi,0,0
Breakfast Corner,Chander Nagar,North Indian,1,150.0,INR,3.1,6,3.276,India,New Delhi,0,0
Domino's Pizza,Chander Nagar,"Pizza, Fast Food",2,700.0,INR,3.0,10,3.248,India,New Delhi,0,0
Frontier,Chander Nagar,Bakery,1,200.0,INR,3.2,10,3.281,India,New Delhi,0,0
Prince Cafe,Chander Nagar,"South Indian, Chinese, Fast Food",1,300.0,INR,2.9,6,3.255,India,New Delhi,0,0
Spicy Eleven,Chander Nagar,"North Indian, South Indian, Chinese",2,500.0,INR,3.1,15,3.252,India,New Delhi,0,0
Vaishno Punjabi Dhaba,Chander Nagar,North Indian,1,400.0,INR,3.0,12,3.24,India,New Delhi,0,0
Adarsh Bhojnalaya,Chandni Chowk,North Indian,1,300.0,INR,3.4,29,3.335,India,New Delhi,0,0
Al Haj Bakery,Chandni Chowk,Bakery,1,150.0,INR,3.0,9,3.252,India,New Delhi,0,0
Anmol Chicken,Chandni Chowk,Mughlai,1,300.0,INR,3.1,4,3.283,India,New Delhi,0,0
Babu Ram Paranthe Wale,Chandni Chowk,North Indian,1,150.0,INR,3.2,225,3.218,India,New Delhi,0,0
Bhaijaan Kababs,Chandni Chowk,Mughlai,1,100.0,INR,3.2,8,3.284,India,New Delhi,0,0
Bhikharam's,Chandni Chowk,"Mithai, Fast Food",1,300.0,INR,3.0,5,3.27,India,New Delhi,0,0
Bikanervala,Chandni Chowk,"North Indian, South Indian, Fast Food, Street Food, Chinese, Desserts, Mithai",2,550.0,INR,2.8,42,3.07,India,New Delhi,0,0
Brijwasi Bhoj,Chandni Chowk,North Indian,1,200.0,INR,3.1,16,3.25,India,New Delhi,0,0
Brijwasi Restaurant,Chandni Chowk,"North Indian, Fast Food, Chinese, South Indian",1,400.0,INR,3.2,39,3.255,India,New Delhi,0,0
Comesum,Chandni Chowk,"North Indian, Street Food, Chinese, South Indian",1,350.0,INR,2.5,49,2.903,India,New Delhi,0,0
Inderpuri Restaurant,Chandni Chowk,North Indian,1,250.0,INR,3.0,20,3.212,India,New Delhi,0,0
Kamdhenu Family Corner,Chandni Chowk,"North Indian, South Indian",1,300.0,INR,2.8,4,3.261,India,New Delhi,0,0
Khalsa Hindu Hotel,Chandni Chowk,North Indian,1,450.0,INR,2.9,5,3.261,India,New Delhi,0,0
Mahalaxmi Mishthan Bhandar,Chandni Chowk,"Mithai, Street Food",1,100.0,INR,3.3,16,3.298,India,New Delhi,0,0
McDonald's,Chandni Chowk,"Fast Food, Burger",2,500.0,INR,3.0,57,3.139,India,New Delhi,0,0
McDonald's,Chandni Chowk,"Fast Food, Burger",2,500.0,INR,3.0,42,3.162,India,New Delhi,0,0
Natraj Cafe,Chandni Chowk,"North Indian, Fast Food, South Indian",1,300.0,INR,3.4,21,3.328,India,New Delhi,0,0
Padam Chaat Corner,Chandni Chowk,Street Food,1,100.0,INR,3.0,4,3.275,India,New Delhi,0,0
Pandit Ved Prakash Lemon Wale,Chandni Chowk,"Beverages, Street Food",1,50.0,INR,3.2,11,3.28,India,New Delhi,0,0
Pt. Babu Ram Devi Dayal Paranthe Wale,Chandni Chowk,North Indian,1,150.0,INR,3.0,53,3.144,India,New Delhi,0,0
Rabri Bhandar,Chandni Chowk,Mithai,1,150.0,INR,3.2,7,3.285,India,New Delhi,0,0
Ram Parshad Makhan Lal,Chandni Chowk,Mithai,1,100.0,INR,3.4,23,3.33,India,New Delhi,0,0
Rambhoj,Chandni Chowk,"North Indian, South Indian",1,150.0,INR,2.9,4,3.268,India,New Delhi,0,0
Rehmatullah's Hotel,Chandni Chowk,Mughlai,1,100.0,INR,3.0,5,3.27,India,New Delhi,0,0
Sharma Bhojnalay,Chandni Chowk,North Indian,1,100.0,INR,3.0,9,3.252,India,New Delhi,0,0
Shree Balaji Chaat Bhandar,Chandni Chowk,Street Food,1,100.0,INR,3.2,16,3.274,India,New Delhi,0,0
Shri Duli Chand Naresh Gupta,Chandni Chowk,Desserts,1,100.0,INR,3.4,18,3.325,India,New Delhi,0,0
Shri Hari Sharnam,Chandni Chowk,"North Indian, South Indian",1,400.0,INR,3.1,14,3.254,India,New Delhi,0,0
Sindhi Chicken,Chandni Chowk,North Indian,1,400.0,INR,2.9,7,3.249,India,New Delhi,0,0
Soni Bhojnalaya,Chandni Chowk,North Indian,1,300.0,INR,3.0,4,3.275,India,New Delhi,0,0
Super Restaurant,Chandni Chowk,North Indian,1,250.0,INR,2.9,5,3.261,India,New Delhi,0,0
Tiwari Ji Confectioner,Chandni Chowk,Street Food,1,100.0,INR,3.1,5,3.279,India,New Delhi,0,0
Wah Ji Wah,Chandni Chowk,"North Indian, Chinese",1,450.0,INR,2.8,59,3.028,India,New Delhi,0,0
Zaika Mughlai Foods,Chandni Chowk,"Mughlai, Biryani",2,550.0,INR,3.3,10,3.298,India,New Delhi,0,0
Al Yousuf,Chandni Chowk,Mughlai,1,200.0,INR,3.7,30,3.448,India,New Delhi,0,0
Amritsari Lassi Wala,Chandni Chowk,Beverages,1,100.0,INR,3.8,112,3.645,India,New Delhi,0,0
Annapurna Bhandar,Chandni Chowk,Mithai,1,100.0,INR,3.8,59,3.569,India,New Delhi,0,0
Bishan Swaroop Chaat Bhandar,Chandni Chowk,Street Food,1,150.0,INR,3.7,40,3.476,India,New Delhi,0,0
Gole Hatti,Chandni Chowk,North Indian,1,150.0,INR,3.8,116,3.649,India,New Delhi,0,0
Haldiram's,Chandni Chowk,"North Indian, South Indian, Chinese, Street Food, Fast Food, Mithai, Desserts",2,600.0,INR,3.9,444,3.839,India,New Delhi,0,0
Kanwarji's,Chandni Chowk,"Street Food, Chinese, North Indian, Mithai",1,300.0,INR,3.9,163,3.759,India,New Delhi,0,0
Kedarnath Prem Chand Halwai,Chandni Chowk,"Mithai, Street Food",1,100.0,INR,3.7,19,3.408,India,New Delhi,0,0
Keventers,Chandni Chowk,Beverages,1,400.0,INR,3.7,63,3.522,India,New Delhi,0,0
Khan Omelette Corner,Chandni Chowk,Fast Food,1,150.0,INR,3.6,43,3.437,India,New Delhi,0,0
Natraj Dahi Bhalle Wala,Chandni Chowk,Street Food,1,100.0,INR,3.9,1487,3.88,India,New Delhi,0,0
Old Famous Jalebi Wala,Chandni Chowk,"Mithai, Street Food",1,100.0,INR,3.9,752,3.862,India,New Delhi,0,0
Pt. Gaya Prasad Shiv Charan Paranthe Wale,Chandni Chowk,North Indian,1,150.0,INR,3.6,437,3.569,India,New Delhi,0,0
Pt.Kanhaiyalal & Durga Prasad Dixit Paranthe Wale,Chandni Chowk,North Indian,1,150.0,INR,3.6,297,3.556,India,New Delhi,0,0
Shiv Misthan Bhandar,Chandni Chowk,"Mithai, Street Food",1,100.0,INR,3.8,76,3.601,India,New Delhi,0,0
Special Jalebi Wala,Chandni Chowk,Mithai,1,100.0,INR,3.5,21,3.357,India,New Delhi,0,0
Tewari Bros Confectioners,Chandni Chowk,"Street Food, North Indian, South Indian, Mithai",1,200.0,INR,3.5,51,3.4,India,New Delhi,0,0
Chaina Ram Sindhi Confectioners,Chandni Chowk,"Mithai, Street Food",1,200.0,INR,4.2,382,4.096,India,New Delhi,0,0
Giani's di Hatti,Chandni Chowk,"Ice Cream, Mithai, North Indian, Street Food",1,150.0,INR,4.3,521,4.212,India,New Delhi,0,0
Jung Bahadur Kachori Wala,Chandni Chowk,Street Food,1,50.0,INR,4.1,405,4.012,India,New Delhi,0,1
Lakhori - Haveli Dharampura,Chandni Chowk,"Mughlai, Street Food",4,3000.0,INR,4.4,305,4.245,India,New Delhi,0,0
Milk n More,Chawri Bazar,"Desserts, Street Food",1,100.0,INR,3.1,6,3.276,India,New Delhi,0,0
Kuremal Mohan Lal Kulfi Wale,Chawri Bazar,Ice Cream,1,200.0,INR,4.5,545,4.399,India,New Delhi,0,0
Hira Chaat Corner,Chawri Bazar,Street Food,1,100.0,INR,3.6,18,3.377,India,New Delhi,0,0
Kuremal Mahavir Prasad Kulfi Wale,Chawri Bazar,Ice Cream,1,300.0,INR,3.9,36,3.55,India,New Delhi,0,0
Shakahari Restaurant,Chawri Bazar,North Indian,1,300.0,INR,3.6,185,3.536,India,New Delhi,0,0
Shri Gujrat Namkeen Bhandar,Chawri Bazar,"Street Food, Mithai",1,100.0,INR,3.6,27,3.403,India,New Delhi,0,0
Standard Sweets,Chawri Bazar,"Mithai, North Indian",1,200.0,INR,3.6,31,3.413,India,New Delhi,0,0
Sudarshan,Chawri Bazar,"Street Food, Beverages",1,150.0,INR,3.7,54,3.506,India,New Delhi,0,0
Ustad Moinuddin Kebab,Chawri Bazar,Fast Food,1,100.0,INR,3.7,21,3.416,India,New Delhi,0,0
Ashok Chaat Corner,Chawri Bazar,Street Food,1,100.0,INR,4.1,118,3.861,India,New Delhi,0,0
Jain Coffee House,Chawri Bazar,"Fast Food, Beverages",1,150.0,INR,4.1,169,3.917,India,New Delhi,0,0
Shyam Sweets,Chawri Bazar,"Mithai, Street Food",1,150.0,INR,4.1,200,3.939,India,New Delhi,0,0
Spicy Food Court,Chhatarpur,"North Indian, Mughlai, Chinese",2,500.0,INR,2.7,23,3.109,India,New Delhi,0,1
Aristocrat Sweet Shop,Chittaranjan Park,"Mithai, Bakery",1,300.0,INR,3.1,7,3.273,India,New Delhi,0,0
Balluchi's - The Royal Cuisine,Chittaranjan Park,"North Indian, Mughlai, Chinese",2,800.0,INR,3.0,4,3.275,India,New Delhi,1,0
Bunty Dhaba,Chittaranjan Park,"North Indian, Chinese",2,500.0,INR,3.2,26,3.264,India,New Delhi,0,0
Gopal's Restaurant & Caterer's,Chittaranjan Park,"North Indian, Fast Food",1,300.0,INR,2.7,22,3.115,India,New Delhi,0,0
Horn Please,Chittaranjan Park,"North Indian, Mughlai, Chinese",3,1000.0,INR,3.0,70,3.124,India,New Delhi,1,1
Khatey Raho,Chittaranjan Park,"North Indian, Mughlai, Fast Food, South Indian",1,250.0,INR,3.3,26,3.298,India,New Delhi,0,0
Kolkata Biryani House,Chittaranjan Park,"North Indian, Mughlai, Biryani",2,500.0,INR,3.4,404,3.389,India,New Delhi,0,1
Kolkata Hot Kathi Roll,Chittaranjan Park,Fast Food,1,150.0,INR,3.2,35,3.257,India,New Delhi,0,0
Madly Bangalee,Chittaranjan Park,"Mughlai, North Indian, Bengali, Continental",1,400.0,INR,2.7,135,2.861,India,New Delhi,0,0
Oh! China,Chittaranjan Park,"Chinese, Thai",2,600.0,INR,2.9,16,3.201,India,New Delhi,0,1
Punjabi Zaika,Chittaranjan Park,"Chinese, Mughlai, North Indian",2,500.0,INR,2.9,39,3.123,India,New Delhi,0,1
Rabi Snacks Corner,Chittaranjan Park,Fast Food,1,300.0,INR,3.4,18,3.325,India,New Delhi,0,0
Republic of Chicken,Chittaranjan Park,"Raw Meats, Fast Food",1,400.0,INR,2.7,29,3.078,India,New Delhi,0,0
Roll n Roast,Chittaranjan Park,"North Indian, Chinese",1,250.0,INR,3.3,27,3.298,India,New Delhi,0,0
Roller's High,Chittaranjan Park,"North Indian, Mughlai",2,500.0,INR,3.2,13,3.277,India,New Delhi,0,0
Royal Chick 'N',Chittaranjan Park,"Mughlai, North Indian, Chinese",1,300.0,INR,3.3,18,3.298,India,New Delhi,0,1
Royal Kolkata Biryani,Chittaranjan Park,"North Indian, Chinese, Biryani",2,500.0,INR,2.7,14,3.167,India,New Delhi,0,0
Sameer's Restaurant,Chittaranjan Park,"North Indian, Mughlai, Chinese",2,600.0,INR,2.5,59,2.866,India,New Delhi,0,1
Sanjha Chulha,Chittaranjan Park,"North Indian, Mughlai",2,550.0,INR,2.7,70,2.949,India,New Delhi,0,0
Shepherd's,Chittaranjan Park,Fast Food,1,250.0,INR,3.1,9,3.267,India,New Delhi,0,0
Soya King,Chittaranjan Park,North Indian,1,350.0,INR,2.6,71,2.888,India,New Delhi,0,1
Tasty Tonight,Chittaranjan Park,"North Indian, Mughlai, Chinese",3,1000.0,INR,3.1,5,3.279,India,New Delhi,0,0
The Mustard,Chittaranjan Park,Bengali,2,500.0,INR,2.9,7,3.249,India,New Delhi,0,1
Tibb's Frankie,Chittaranjan Park,Fast Food,1,250.0,INR,3.2,16,3.274,India,New Delhi,0,0
Wazwaan Restaurant,Chittaranjan Park,"North Indian, Kashmiri",3,1200.0,INR,3.2,14,3.276,India,New Delhi,1,0
Yummi Kolkataa,Chittaranjan Park,Mithai,1,150.0,INR,3.2,17,3.273,India,New Delhi,0,0
Annapurna Sweet House,Chittaranjan Park,"Mithai, Street Food",1,150.0,INR,3.7,55,3.508,India,New Delhi,0,0
Ashirbad,Chittaranjan Park,Fast Food,1,100.0,INR,3.6,46,3.442,India,New Delhi,0,0
Chocolatiers - The Chocolate Boutique,Chittaranjan Park,Desserts,1,100.0,INR,3.8,112,3.645,India,New Delhi,0,1
Dadu Cutlet Shop,Chittaranjan Park,Fast Food,1,100.0,INR,3.7,99,3.565,India,New Delhi,0,0
Dogs & Wiches,Chittaranjan Park,"Continental, American, Fast Food",2,600.0,INR,3.9,109,3.71,India,New Delhi,0,1
Maa Tara,Chittaranjan Park,"Bengali, North Indian",2,500.0,INR,3.6,458,3.57,India,New Delhi,0,1
My Spice Kitchen,Chittaranjan Park,"North Indian, Mughlai, Biryani, Bengali",2,650.0,INR,3.5,443,3.479,India,New Delhi,0,1
The Singing Tree,Chittaranjan Park,Beverages,1,100.0,INR,3.7,33,3.457,India,New Delhi,0,0
Chulha Punjabi Da,Chittaranjan Park,"North Indian, Chinese, Fast Food",2,600.0,INR,2.4,41,2.893,India,New Delhi,0,1
Viva Hyderabad,Chittaranjan Park,"Biryani, North Indian",2,600.0,INR,2.3,38,2.867,India,New Delhi,0,1
Metro Grill,"City Centre Mall, Rohini","North Indian, Mughlai, Chinese",3,1200.0,INR,3.4,134,3.372,India,New Delhi,1,0
Cafe Cruise,"City Square Mall, Rajouri Garden","Continental, North Indian, Chinese",3,1300.0,INR,2.8,153,2.923,India,New Delhi,1,1
Etal The Lounge Bar,"City Square Mall, Rajouri Garden","North Indian, Italian, Fast Food",4,2000.0,INR,3.2,455,3.21,India,New Delhi,1,0
"Game of Legends - Sports Bar, Grill, & Lounge","City Square Mall, Rajouri Garden","North Indian, Chinese, Continental, Italian",3,1450.0,INR,3.5,609,3.485,India,New Delhi,1,0
Al-raaya,Civil Lines,"Mughlai, North Indian",2,600.0,INR,3.1,6,3.276,India,New Delhi,0,1
Authentique Bites,Civil Lines,"Bakery, Desserts",1,300.0,INR,3.2,17,3.273,India,New Delhi,0,0
Embassy,Civil Lines,"Chinese, North Indian, Mughlai",3,1200.0,INR,3.0,126,3.084,India,New Delhi,1,1
Narang's Bake 'n' Cake,Civil Lines,"Bakery, Desserts, Fast Food",1,400.0,INR,3.0,4,3.275,India,New Delhi,0,0
New Darvesh,Civil Lines,"Chinese, South Indian",1,150.0,INR,3.0,14,3.232,India,New Delhi,0,0
1UP,Civil Lines,"Cafe, Italian, Continental",3,1200.0,INR,3.5,282,3.469,India,New Delhi,1,0
Gujarati Samaj Santushti,Civil Lines,Gujarati,1,300.0,INR,3.6,95,3.496,India,New Delhi,0,0
Boa Village,Civil Lines,"Chinese, Japanese, Korean, Asian",3,1500.0,INR,4.0,225,3.872,India,New Delhi,1,0
Anand Ji Restaurant,"Community Centre, New Friends Colony","Chinese, North Indian, Street Food",1,400.0,INR,3.1,28,3.227,India,New Delhi,0,0
Baskin Robbins,"Community Centre, New Friends Colony",Ice Cream,1,300.0,INR,3.3,38,3.299,India,New Delhi,0,1
Bhoj Restaurant,"Community Centre, New Friends Colony","North Indian, Mughlai",2,600.0,INR,2.8,54,3.039,India,New Delhi,0,0
Brijwasi Restaurant,"Community Centre, New Friends Colony","North Indian, Chinese",1,400.0,INR,2.8,32,3.103,India,New Delhi,0,0
Cafe Coffee Day - The Lounge,"Community Centre, New Friends Colony",Cafe,2,750.0,INR,3.2,42,3.253,India,New Delhi,0,0
Cafe Coffee Day,"Community Centre, New Friends Colony",Cafe,1,450.0,INR,2.9,10,3.231,India,New Delhi,0,0
Chaat Tadka,"Community Centre, New Friends Colony","North Indian, Street Food, Mithai",1,300.0,INR,2.8,27,3.123,India,New Delhi,0,0
Chawla's Unique Chicken Corner,"Community Centre, New Friends Colony","North Indian, Mughlai",2,600.0,INR,3.2,35,3.257,India,New Delhi,0,1
Dawat Khana,"Community Centre, New Friends Colony","North Indian, Mughlai, Chinese",3,1600.0,INR,2.5,82,2.802,India,New Delhi,1,1
Eat n Joy,"Community Centre, New Friends Colony","North Indian, Mughlai",2,500.0,INR,3.2,24,3.266,India,New Delhi,0,0
Khan Chicken Biryani,"Community Centre, New Friends Colony",North Indian,2,500.0,INR,2.9,14,3.21,India,New Delhi,0,0
Kolkata Roll,"Community Centre, New Friends Colony",Fast Food,1,200.0,INR,2.8,16,3.177,India,New Delhi,0,0
R. Ahmad Food,"Community Centre, New Friends Colony",North Indian,1,450.0,INR,3.0,11,3.244,India,New Delhi,0,0
Sab Ke Khatir,"Community Centre, New Friends Colony","North Indian, Mughlai",2,600.0,INR,3.1,14,3.254,India,New Delhi,0,0
Bon Bon Pastry Shop,"Community Centre, New Friends Colony","Bakery, Desserts, Fast Food",1,150.0,INR,3.5,91,3.428,India,New Delhi,0,0
Moksha,"Community Centre, New Friends Colony",North Indian,3,1400.0,INR,3.7,110,3.574,India,New Delhi,1,1
Pebble Street,"Community Centre, New Friends Colony","Italian, Tex-Mex, Continental, North Indian",4,2400.0,INR,3.9,886,3.868,India,New Delhi,1,1
Amber,Connaught Place,"North Indian, Chinese, Mughlai",3,1800.0,INR,2.6,152,2.773,India,New Delhi,1,1
Attitude Kitchen & Bar,Connaught Place,"North Indian, Continental, Italian",3,1300.0,INR,2.9,140,3.005,India,New Delhi,1,0
Cafe Coffee Day,Connaught Place,Cafe,1,450.0,INR,3.4,277,3.384,India,New Delhi,0,1
Castle 9,Connaught Place,"Finger Food, Continental, North Indian, Chinese",3,1350.0,INR,3.1,1099,3.109,India,New Delhi,1,0
Costa Coffee,Connaught Place,Cafe,2,600.0,INR,3.4,76,3.359,India,New Delhi,0,0
Delhi Darbar Dhaba,Connaught Place,"North Indian, Chinese",1,400.0,INR,3.2,89,3.235,India,New Delhi,0,1
Garam Dharam,Connaught Place,North Indian,3,1300.0,INR,3.4,1523,3.397,India,New Delhi,0,1
Gola Sizzlers,Connaught Place,"Chinese, North Indian, Mughlai, Continental",3,1600.0,INR,3.0,671,3.021,India,New Delhi,0,1
Indian Coffee House,Connaught Place,Fast Food,1,200.0,INR,3.3,1300,3.3,India,New Delhi,0,0
My Bar Lounge & Restaurant,Connaught Place,"North Indian, Chinese, Italian, Continental",3,1000.0,INR,2.7,2460,2.712,India,New Delhi,0,0
My Bar Square,Connaught Place,"North Indian, Chinese, Italian, Continental",3,1000.0,INR,2.5,1096,2.535,India,New Delhi,0,0
Sagar Ratna,Connaught Place,"South Indian, North Indian, Chinese",2,600.0,INR,3.4,499,3.391,India,New Delhi,0,1
The Immigrant Cafe,Connaught Place,"North Indian, Italian, Continental",3,1100.0,INR,3.2,563,3.208,India,New Delhi,1,0
MOB Brewpub,Connaught Place,"Continental, Italian, Asian, Indian",3,1500.0,INR,4.7,52,4.012,India,New Delhi,0,0
Naturals Ice Cream,Connaught Place,Ice Cream,1,150.0,INR,4.9,2620,4.87,India,New Delhi,0,1
Zabardast Indian Kitchen,Connaught Place,North Indian,3,1800.0,INR,4.7,242,4.46,India,New Delhi,1,1
Anand Restaurant,Connaught Place,North Indian,2,550.0,INR,3.6,485,3.572,India,New Delhi,0,0
Berco's,Connaught Place,"Chinese, Thai",3,1100.0,INR,3.9,2639,3.889,India,New Delhi,1,1
Blues,Connaught Place,"Continental, Mexican, American, Italian, North Indian",3,1100.0,INR,3.7,706,3.673,India,New Delhi,0,0
Burger King,Connaught Place,"Burger, Fast Food",2,500.0,INR,3.8,2093,3.788,India,New Delhi,0,1
Burger Singh,Connaught Place,"Burger, Juices, Finger Food",2,500.0,INR,3.6,548,3.575,India,New Delhi,0,1
Cafe Coffee Day The Square,Connaught Place,Cafe,2,700.0,INR,3.6,361,3.563,India,New Delhi,0,0
Cafe Dalal Street,Connaught Place,"North Indian, European",3,1500.0,INR,3.7,873,3.678,India,New Delhi,0,1
Cafe Hawkers,Connaught Place,"Chinese, Continental, North Indian",3,1200.0,INR,3.7,673,3.672,India,New Delhi,1,0
Cafe Public Connection,Connaught Place,"North Indian, Continental, Italian",3,1200.0,INR,3.7,834,3.677,India,New Delhi,1,0
Caf MRP,Connaught Place,"North Indian, Chinese, Italian, Mediterranean",2,800.0,INR,3.6,877,3.584,India,New Delhi,0,0
Caffe Tonino,Connaught Place,"Pizza, Italian, Cafe",3,1400.0,INR,3.9,1503,3.881,India,New Delhi,0,1
Cha Bar,Connaught Place,Cafe,2,500.0,INR,3.9,3206,3.891,India,New Delhi,0,0
Chaayos,Connaught Place,"Cafe, Tea",1,400.0,INR,3.9,487,3.844,India,New Delhi,0,1
Chew - Pan Asian Cafe,Connaught Place,"Asian, Japanese, Chinese, Thai",3,1700.0,INR,3.9,2003,3.885,India,New Delhi,1,1
China Garden,Connaught Place,Chinese,3,1800.0,INR,3.9,496,3.845,India,New Delhi,1,0
Desi Vibes,Connaught Place,"North Indian, Mughlai",3,1400.0,INR,3.9,841,3.866,India,New Delhi,1,1
Domino's Pizza,Connaught Place,"Pizza, Fast Food",2,700.0,INR,3.7,336,3.648,India,New Delhi,0,0
Dunkin' Donuts,Connaught Place,"Burger, Desserts, Fast Food",2,600.0,INR,3.8,271,3.722,India,New Delhi,0,1
Dunkin' Donuts,Connaught Place,"Burger, Desserts, Fast Food",2,600.0,INR,3.9,1607,3.882,India,New Delhi,0,0
Embassy,Connaught Place,"North Indian, Continental, European",4,2000.0,INR,3.5,706,3.487,India,New Delhi,1,1
FLYP@MTV,Connaught Place,"North Indian, Mexican, Italian, Continental",3,1200.0,INR,3.9,1379,3.879,India,New Delhi,1,0
GoGourmet,Connaught Place,"Healthy Food, Beverages",2,600.0,INR,3.7,55,3.508,India,New Delhi,0,1
Haldiram's,Connaught Place,"Street Food, North Indian, South Indian, Chinese, Mithai",2,550.0,INR,3.9,1151,3.875,India,New Delhi,0,0
Indian Grill Company,Connaught Place,"North Indian, Continental",3,1300.0,INR,3.7,626,3.67,India,New Delhi,1,1
Jain Chawal Wale,Connaught Place,North Indian,1,250.0,INR,3.8,301,3.728,India,New Delhi,0,1
Jungle Jamboree,Connaught Place,"North Indian, Continental, Chinese, Italian, Thai, Mughlai",3,1200.0,INR,3.8,1174,3.779,India,New Delhi,1,0
Kake Da Hotel,Connaught Place,North Indian,2,600.0,INR,3.5,2185,3.495,India,New Delhi,0,0
Kebab Xpress,Connaught Place,"North Indian, Mughlai",2,600.0,INR,3.5,321,3.473,India,New Delhi,0,1
KFC,Connaught Place,"American, Fast Food",2,500.0,INR,3.7,427,3.658,India,New Delhi,0,1
Khan Chacha,Connaught Place,"Mughlai, North Indian",2,650.0,INR,3.7,1189,3.684,India,New Delhi,0,1
Kinbuck 2,Connaught Place,"North Indian, Italian, Mexican, Chettinad, Chinese, Lebanese",3,1600.0,INR,3.9,1286,3.877,India,New Delhi,0,0
La Americana,Connaught Place,"Fast Food, Burger",1,450.0,INR,3.7,41,3.479,India,New Delhi,0,1
Lady Baga,Connaught Place,"Goan, Seafood",3,1200.0,INR,3.7,277,3.638,India,New Delhi,1,1
Life Caffe,Connaught Place,"Cafe, North Indian, Italian, Japanese, Fast Food",3,1500.0,INR,3.6,391,3.566,India,New Delhi,1,0
Lord of the Drinks,Connaught Place,"European, Chinese, North Indian, Italian",4,2200.0,INR,3.9,2589,3.889,India,New Delhi,0,0
McDonald's,Connaught Place,"Fast Food, Burger",2,500.0,INR,3.8,388,3.743,India,New Delhi,0,0
McDonald's,Connaught Place,"Fast Food, Burger",2,500.0,INR,3.7,108,3.573,India,New Delhi,0,0
Moets Arabica,Connaught Place,"Arabian, Mexican",1,400.0,INR,3.5,95,3.43,India,New Delhi,0,0
Mother India,Connaught Place,"Bengali, South Indian, North Indian, Mughlai",3,1400.0,INR,3.9,66,3.64,India,New Delhi,1,0
Mughlai Junction,Connaught Place,"North Indian, Mughlai",2,650.0,INR,3.9,310,3.816,India,New Delhi,0,1
My Bar Headquarters,Connaught Place,"North Indian, Mughlai, Chinese",3,1000.0,INR,3.7,3010,3.693,India,New Delhi,0,0
Nando's,Connaught Place,"Portuguese, African",3,1200.0,INR,3.7,1891,3.69,India,New Delhi,0,1
Nizam's Kathi Kabab,Connaught Place,"North Indian, Fast Food",2,900.0,INR,3.8,1761,3.786,India,New Delhi,0,0
Oh My God,Connaught Place,"North Indian, Italian, Chinese, Mexican",3,1400.0,INR,3.8,367,3.74,India,New Delhi,1,0
Open House Cafe,Connaught Place,"North Indian, Chinese, Mughlai, Italian",3,1700.0,INR,3.8,1158,3.779,India,New Delhi,0,0
Parikrama - The Revolving Restaurant,Connaught Place,"North Indian, Chinese, Mughlai",4,2400.0,INR,3.8,2689,3.791,India,New Delhi,0,0
Pind Balluchi,Connaught Place,"North Indian, Mughlai",3,1000.0,INR,3.6,1434,3.59,India,New Delhi,0,1
Pizza Hut,Connaught Place,"Italian, Pizza, Fast Food",3,1000.0,INR,3.5,541,3.483,India,New Delhi,0,1
Playboy Cafe,Connaught Place,"North Indian, Chinese, Continental",3,1100.0,INR,3.7,140,3.594,India,New Delhi,1,0
Privee',Connaught Place,"Chinese, Italian, Continental, North Indian",4,5000.0,INR,3.6,61,3.464,India,New Delhi,0,0
Punjabi By Nature,Connaught Place,"North Indian, Mughlai",3,1100.0,INR,3.7,1256,3.685,India,New Delhi,1,1
Quote - The Eclectic Bar and Lounge,Connaught Place,"Finger Food, European, North Indian",3,1700.0,INR,3.5,422,3.479,India,New Delhi,1,0
Rajdhani Thali Restaurant,Connaught Place,"Gujarati, Rajasthani",2,950.0,INR,3.6,1134,3.587,India,New Delhi,0,1
Route 04,Connaught Place,"Continental, American, Tex-Mex, North Indian",3,1350.0,INR,3.5,1863,3.495,India,New Delhi,1,1
Sbarro,Connaught Place,"Pizza, Italian",2,600.0,INR,3.5,1311,3.493,India,New Delhi,0,1
Shake Square,Connaught Place,"Beverages, Fast Food",1,400.0,INR,3.7,1333,3.685,India,New Delhi,0,0
South Indian Snacks,Connaught Place,South Indian,1,300.0,INR,3.6,50,3.449,India,New Delhi,0,0
SSKY Bar & Lounge,Connaught Place,"Mughlai, North Indian, Chinese",4,2800.0,INR,3.5,92,3.429,India,New Delhi,1,0
Starbucks,Connaught Place,Cafe,2,700.0,INR,3.8,552,3.758,India,New Delhi,0,0
Subway,Connaught Place,"American, Fast Food, Salad, Healthy Food",2,500.0,INR,3.5,276,3.469,India,New Delhi,0,1
Tamasha,Connaught Place,"Finger Food, North Indian, Continental, Italian",3,1600.0,INR,3.7,1801,3.689,India,New Delhi,1,0
Taste of China,Connaught Place,"Chinese, Thai",3,1200.0,INR,3.5,327,3.473,India,New Delhi,0,1
Teddy Boy,Connaught Place,"North Indian, Continental, Finger Food",3,1200.0,INR,3.9,1020,3.872,India,New Delhi,1,0
The Beer Cafe - BIGGIE,Connaught Place,"Finger Food, North Indian, Italian",3,1250.0,INR,3.8,645,3.764,India,New Delhi,1,0
The Flying Saucer Cafe,Connaught Place,"Italian, Mediterranean, Continental, North Indian",3,1500.0,INR,3.9,143,3.744,India,New Delhi,1,0
The Junkyard Cafe,Connaught Place,"North Indian, Mediterranean, Asian",3,1500.0,INR,3.9,1545,3.881,India,New Delhi,1,0
The Luggage Room Kitchen And Bar,Connaught Place,"North Indian, Continental, Fast Food",3,1400.0,INR,3.5,63,3.41,India,New Delhi,1,0
The Rolling Joint,Connaught Place,Fast Food,1,450.0,INR,3.9,783,3.864,India,New Delhi,0,1
The Vault Cafe,Connaught Place,"North Indian, Mediterranean, Asian, Continental",3,1600.0,INR,3.9,3413,3.891,India,New Delhi,1,0
Veda,Connaught Place,"North Indian, Mughlai",3,1600.0,INR,3.9,1087,3.873,India,New Delhi,1,1
Warehouse Cafe,Connaught Place,"American, Continental, Italian, North Indian, Asian",3,1500.0,INR,3.7,4914,3.696,India,New Delhi,0,0
Zaffran,Connaught Place,"North Indian, Mughlai",3,1800.0,INR,3.9,908,3.869,India,New Delhi,0,0
Zen,Connaught Place,"Chinese, Japanese, Italian, Seafood",3,1500.0,INR,3.5,1027,3.491,India,New Delhi,1,1
Zizo,Connaught Place,"Lebanese, Mediterranean, Middle Eastern, Arabian",3,1600.0,INR,3.9,1071,3.873,India,New Delhi,1,1
38 Barracks,Connaught Place,"North Indian, Italian, Asian, American",3,1600.0,INR,4.4,840,4.338,India,New Delhi,1,0
Ambrosia Bliss,Connaught Place,"North Indian, Chinese, Italian, Continental",3,1800.0,INR,4.0,2333,3.985,India,New Delhi,1,0
Ardor 2.1,Connaught Place,"North Indian, Chinese, Continental, Italian",4,2000.0,INR,4.1,1821,4.079,India,New Delhi,1,1
Barbeque Nation,Connaught Place,"North Indian, Chinese",3,1600.0,INR,4.1,3164,4.088,India,New Delhi,0,0
Bikkgane Biryani,Connaught Place,"Biryani, North Indian, Hyderabadi",2,800.0,INR,4.1,740,4.049,India,New Delhi,0,1
Biryani Blues,Connaught Place,"Biryani, Hyderabadi",3,1000.0,INR,4.0,510,3.937,India,New Delhi,0,1
Caffe 9,Connaught Place,"North Indian, Chinese, Italian, American, Middle Eastern",4,2000.0,INR,4.2,961,4.155,India,New Delhi,1,1
Excuse Me Boss,Connaught Place,"Continental, North Indian, Chinese, Mediterranean",3,1800.0,INR,4.1,799,4.053,India,New Delhi,1,0
Fa Yian,Connaught Place,Chinese,3,1200.0,INR,4.0,412,3.924,India,New Delhi,1,0
Farzi Cafe,Connaught Place,Modern Indian,4,2200.0,INR,4.4,1942,4.372,India,New Delhi,0,0
Fuji Japanese Restaurant,Connaught Place,Japanese,4,2000.0,INR,4.0,312,3.903,India,New Delhi,1,1
Healthy Routes,Connaught Place,"Healthy Food, Continental, Italian",2,800.0,INR,4.0,361,3.915,India,New Delhi,1,1
HotMess,Connaught Place,"North Indian, Mediterranean, Asian, Fast Food",3,1900.0,INR,4.3,1129,4.257,India,New Delhi,1,1
House of Commons,Connaught Place,"Continental, Mediterranean, Italian, North Indian",3,1400.0,INR,4.0,510,3.937,India,New Delhi,1,0
Johnny Rockets,Connaught Place,"Fast Food, American, Burger",3,1000.0,INR,4.0,608,3.947,India,New Delhi,1,0
Odeon Social,Connaught Place,"Continental, American, Asian, North Indian",3,1600.0,INR,4.1,1959,4.08,India,New Delhi,1,0
Pebble Street,Connaught Place,"Italian, Mexican, Continental, North Indian, Finger Food",3,1800.0,INR,4.0,817,3.959,India,New Delhi,1,1
Piali - The Curry Bistro,Connaught Place,"Asian, North Indian",3,1200.0,INR,4.1,400,4.011,India,New Delhi,1,1
Saravana Bhavan,Connaught Place,South Indian,2,500.0,INR,4.3,5172,4.29,India,New Delhi,0,1
Smoke On Water,Connaught Place,"Continental, Mexican, Burger, American, Pizza, Tex-Mex",3,1300.0,INR,4.1,467,4.022,India,New Delhi,1,0
Starbucks,Connaught Place,Cafe,2,700.0,INR,4.1,2417,4.084,India,New Delhi,0,0
The Darzi Bar & Kitchen,Connaught Place,"North Indian, European",3,1500.0,INR,4.1,90,3.813,India,New Delhi,1,0
The G.T. Road,Connaught Place,"North Indian, Afghani, Mughlai",3,1500.0,INR,4.3,104,3.974,India,New Delhi,1,0
The Town House Cafe,Connaught Place,"Continental, North Indian, Italian, Asian",4,2100.0,INR,4.0,2252,3.985,India,New Delhi,1,0
United Coffee House,Connaught Place,"North Indian, European, Asian, Mediterranean",4,2200.0,INR,4.1,1838,4.079,India,New Delhi,1,0
Unplugged Courtyard,Connaught Place,"North Indian, Continental",3,1600.0,INR,4.0,1758,3.981,India,New Delhi,0,0
Wenger's Deli,Connaught Place,"Bakery, Desserts, Fast Food",1,400.0,INR,4.3,1457,4.267,India,New Delhi,0,0
Wenger's,Connaught Place,"Bakery, Fast Food, Desserts",1,400.0,INR,4.3,3591,4.286,India,New Delhi,0,0
{Niche} - Cafe & Bar,Connaught Place,"North Indian, Chinese, Italian, Continental",3,1500.0,INR,4.1,492,4.026,India,New Delhi,1,0
Chicken Minar,"Crescent Square Mall, Rohini","North Indian, Chinese",2,550.0,INR,2.6,77,2.875,India,New Delhi,0,1
G Lounge,"Crescent Square Mall, Rohini","North Indian, Chinese",3,1900.0,INR,3.2,113,3.23,India,New Delhi,1,0
Gyms Kook,"Crescent Square Mall, Rohini","Continental, Italian",3,1000.0,INR,3.3,140,3.299,India,New Delhi,0,1
Burger Joint,"Crescent Square Mall, Rohini","Fast Food, Burger",1,300.0,INR,3.5,164,3.453,India,New Delhi,0,1
Eleven to Eleven,"Cross River Mall, Karkardooma","North Indian, Chinese",2,800.0,INR,3.1,106,3.163,India,New Delhi,0,1
Le Chef,"Cross River Mall, Karkardooma","North Indian, Chinese, South Indian, Fast Food",2,800.0,INR,3.3,134,3.299,India,New Delhi,1,1
McDonald's,"Cross River Mall, Karkardooma","Fast Food, Burger",2,500.0,INR,3.4,77,3.36,India,New Delhi,0,1
The Buffet Wagon,"Cross River Mall, Karkardooma",North Indian,2,950.0,INR,3.3,102,3.299,India,New Delhi,1,1
Haldiram's,"Cross River Mall, Karkardooma","North Indian, South Indian, Chinese, Street Food, Fast Food, Mithai, Desserts",2,600.0,INR,3.5,217,3.462,India,New Delhi,0,0
Connexions Bar - Crowne Plaza,"Crowne Plaza Hotel, Rohini",Finger Food,4,2500.0,INR,3.5,59,3.407,India,New Delhi,1,0
Deli - Crowne Plaza,"Crowne Plaza Hotel, Rohini","Bakery, Desserts, Fast Food",3,1000.0,INR,3.7,60,3.517,India,New Delhi,1,0
Lobby Lounge - Crowne Plaza,"Crowne Plaza, Mayur Vihar Phase 1",Finger Food,4,2000.0,INR,3.2,12,3.279,India,New Delhi,1,0
Infinity - Crowne Plaza,"Crowne Plaza, Mayur Vihar Phase 1","Italian, North Indian, Continental",4,3000.0,INR,3.5,115,3.439,India,New Delhi,1,0
Fiery Grills,"D Mall, Netaji Subhash Place","North Indian, Chinese, Continental",3,1000.0,INR,3.3,165,3.299,India,New Delhi,1,0
McDonald's,"D Mall, Netaji Subhash Place","Fast Food, Burger",2,500.0,INR,3.4,41,3.344,India,New Delhi,0,1
Cafe Desire,"D Mall, Netaji Subhash Place","North Indian, Chinese, Finger Food",3,1000.0,INR,3.5,116,3.439,India,New Delhi,1,1
Haldiram's,"D Mall, Netaji Subhash Place","North Indian, South Indian, Chinese, Street Food, Fast Food, Mithai, Desserts",2,550.0,INR,3.7,262,3.635,India,New Delhi,0,0
Kake Di Hatti,"D Mall, Netaji Subhash Place",North Indian,1,400.0,INR,3.5,364,3.476,India,New Delhi,0,0
Akash Deep,Daryaganj,"North Indian, South Indian, Chinese, Fast Food",2,600.0,INR,2.8,28,3.119,India,New Delhi,0,0
Al Saad Foods,Daryaganj,"North Indian, Fast Food",1,400.0,INR,3.2,12,3.279,India,New Delhi,0,0
Cafe Coffee Day,Daryaganj,Cafe,1,450.0,INR,2.8,22,3.145,India,New Delhi,0,0
Chandrika,Daryaganj,North Indian,1,400.0,INR,2.9,6,3.255,India,New Delhi,0,0
Dawat-E-Chaman,Daryaganj,"North Indian, Mughlai",1,400.0,INR,3.4,45,3.346,India,New Delhi,0,0
Kallu Nihari,Daryaganj,Mughlai,1,150.0,INR,3.0,6,3.266,India,New Delhi,0,0
King Bikaneri,Daryaganj,"North Indian, Chinese, Fast Food, South Indian",1,400.0,INR,2.9,6,3.255,India,New Delhi,0,0
Manchanda Bakery,Daryaganj,"Bakery, Fast Food",1,200.0,INR,3.1,8,3.27,India,New Delhi,0,0
McDonald's,Daryaganj,"Fast Food, Burger",2,500.0,INR,2.8,23,3.141,India,New Delhi,0,1
Mehta Restaurant,Daryaganj,"Street Food, Mithai",1,150.0,INR,3.2,6,3.287,India,New Delhi,0,0
Shree Jee Rasoi,Daryaganj,"North Indian, Chinese",2,500.0,INR,3.0,33,3.179,India,New Delhi,0,1
Taj Snacks,Daryaganj,South Indian,1,200.0,INR,3.0,5,3.27,India,New Delhi,0,0
Zaika,Daryaganj,"North Indian, Chinese, Mughlai",2,600.0,INR,3.4,159,3.375,India,New Delhi,0,0
Bagli's Kitchen,Daryaganj,Parsi,2,500.0,INR,3.7,85,3.551,India,New Delhi,0,0
Bhaja Govindam,Daryaganj,"North Indian, South Indian",2,700.0,INR,3.8,189,3.695,India,New Delhi,1,0
Changezi Chicken,Daryaganj,"North Indian, Mughlai",2,500.0,INR,3.7,519,3.665,India,New Delhi,0,1
Dilli Gate,Daryaganj,"North Indian, Chinese, Mughlai",2,500.0,INR,3.5,26,3.367,India,New Delhi,0,0
Jahangeer Foods,Daryaganj,"North Indian, Mughlai",2,600.0,INR,3.8,124,3.656,India,New Delhi,0,0
Moti Mahal,Daryaganj,"North Indian, Chinese",3,1100.0,INR,3.6,711,3.58,India,New Delhi,1,0
Nandlal Ka Dhaba,Daryaganj,"North Indian, Mughlai",2,500.0,INR,3.6,109,3.505,India,New Delhi,0,0
Sugandh,Daryaganj,North Indian,1,400.0,INR,3.7,57,3.512,India,New Delhi,0,0
Suvidha Vegetarian,Daryaganj,North Indian,1,350.0,INR,3.6,88,3.49,India,New Delhi,0,0
Domino's Pizza,Daryaganj,"Pizza, Fast Food",2,700.0,INR,2.3,32,2.908,India,New Delhi,0,0
Delhi 6 - Royal Cuisine Of The Walled City,Daryaganj,Mughlai,2,500.0,INR,4.1,271,3.975,India,New Delhi,0,0
Food Hub,"DDA Market, Kalu Sarai, Hauz Khas","Bakery, Fast Food",1,150.0,INR,3.0,4,3.275,India,New Delhi,0,0
Aka Saka,Defence Colony,"Chinese, Japanese",3,1200.0,INR,3.3,176,3.299,India,New Delhi,1,0
Anil Mishtan Wala,Defence Colony,"Mithai, Street Food",1,100.0,INR,3.1,10,3.264,India,New Delhi,0,0
Barista,Defence Colony,Cafe,2,650.0,INR,3.3,73,3.299,India,New Delhi,0,1
Cafe 1 Fast Food,Defence Colony,"Fast Food, Street Food",1,200.0,INR,3.0,12,3.24,India,New Delhi,0,0
Cake Central - Premier Cake Design Studio,Defence Colony,"Bakery, Desserts",1,300.0,INR,3.4,13,3.319,India,New Delhi,0,0
Chawla's Tandoori Junction,Defence Colony,"North Indian, Chinese, Mughlai",2,600.0,INR,3.3,33,3.298,India,New Delhi,0,0
Chawnsan Chef,Defence Colony,"Mughlai, North Indian, Chinese",2,700.0,INR,3.4,104,3.367,India,New Delhi,0,1
Choco Kraft,Defence Colony,"Bakery, Desserts",1,300.0,INR,3.2,12,3.279,India,New Delhi,0,1
Colonel's Kababz,Defence Colony,"North Indian, Mughlai",2,900.0,INR,3.2,600,3.207,India,New Delhi,1,0
Confectionately Seerat's,Defence Colony,"Bakery, Desserts",2,600.0,INR,3.2,13,3.277,India,New Delhi,0,0
Country Curries,Defence Colony,"North Indian, Bengali",2,700.0,INR,2.7,8,3.215,India,New Delhi,0,1
Domino's Pizza,Defence Colony,"Pizza, Fast Food",2,700.0,INR,2.5,78,2.811,India,New Delhi,0,0
Duggal's Rasoi,Defence Colony,"North Indian, Mughlai",2,600.0,INR,3.4,35,3.34,India,New Delhi,0,0
Firefly India,Defence Colony,"Bakery, Desserts",2,500.0,INR,3.4,16,3.322,India,New Delhi,0,0
Fluffles - The Fluffy Waffle Co.,Defence Colony,Desserts,1,300.0,INR,2.5,7,3.199,India,New Delhi,0,1
Giani's,Defence Colony,"Ice Cream, Desserts",1,400.0,INR,2.8,26,3.127,India,New Delhi,0,1
Giani,Defence Colony,"Ice Cream, Desserts",1,400.0,INR,3.3,29,3.298,India,New Delhi,0,1
Green Chick Chop,Defence Colony,"Raw Meats, North Indian, Fast Food",1,350.0,INR,2.7,16,3.153,India,New Delhi,0,0
Gulshan Fish & Chicken Fry,Defence Colony,North Indian,1,450.0,INR,3.2,14,3.276,India,New Delhi,0,0
Kitchen22,Defence Colony,Fast Food,2,500.0,INR,3.1,9,3.267,India,New Delhi,0,0
La Chocoallure,Defence Colony,Desserts,1,250.0,INR,2.9,7,3.249,India,New Delhi,0,0
Little Dragon,Defence Colony,"Fast Food, Chinese",1,300.0,INR,2.9,102,3.031,India,New Delhi,0,0
Maddi Sweet Centre,Defence Colony,"Mithai, Street Food",1,150.0,INR,3.2,22,3.268,India,New Delhi,0,0
Man Vs Food The Kitchen,Defence Colony,"North Indian, Mughlai",2,600.0,INR,3.1,9,3.267,India,New Delhi,0,1
MB's,Defence Colony,"Continental, Chinese, North Indian",3,1600.0,INR,3.1,128,3.155,India,New Delhi,1,0
Moet's Sizzlers,Defence Colony,Continental,3,1600.0,INR,3.0,496,3.027,India,New Delhi,0,0
Oberoi's,Defence Colony,"North Indian, Mughlai",1,450.0,INR,3.2,8,3.284,India,New Delhi,0,0
Punjabee's Darbar,Defence Colony,"North Indian, Chinese",2,550.0,INR,3.3,19,3.298,India,New Delhi,0,1
Qureshi's Kabab Corner,Defence Colony,"North Indian, Mughlai",2,600.0,INR,3.4,35,3.34,India,New Delhi,0,0
Saleem's Restaurant,Defence Colony,"North Indian, Mughlai, Chinese",2,600.0,INR,3.2,53,3.247,India,New Delhi,0,1
Suri Saab Restaurant,Defence Colony,"North Indian, Chinese, Mughlai",2,600.0,INR,3.0,39,3.167,India,New Delhi,0,1
The Sweet Boutique,Defence Colony,Bakery,1,300.0,INR,3.3,25,3.298,India,New Delhi,0,0
Tibb's Frankie,Defence Colony,Fast Food,1,300.0,INR,3.2,28,3.262,India,New Delhi,0,0
Veg Ex,Defence Colony,North Indian,2,500.0,INR,3.4,44,3.345,India,New Delhi,0,1
Zaaika Junction,Defence Colony,"North Indian, Mughlai, Chinese",2,500.0,INR,2.6,56,2.929,India,New Delhi,0,1
28 Capri Italy,Defence Colony,Italian,3,1500.0,INR,3.9,245,3.798,India,New Delhi,1,1
4S Chinese Restaurant,Defence Colony,"Chinese, Thai",2,700.0,INR,3.5,215,3.462,India,New Delhi,0,0
Amici Cafe,Defence Colony,"Cafe, Italian",3,1200.0,INR,3.6,386,3.565,India,New Delhi,1,1
Angels in my Kitchen,Defence Colony,"Bakery, Desserts, Fast Food",1,350.0,INR,3.8,460,3.751,India,New Delhi,0,1
Arabian Delites,Defence Colony,"Lebanese, Arabian",2,600.0,INR,3.6,146,3.523,India,New Delhi,0,1
Baskin Robbins,Defence Colony,Ice Cream,1,300.0,INR,3.7,55,3.508,India,New Delhi,0,0
Cafe Brown Sugar,Defence Colony,"Cafe, Italian, Chinese",3,1000.0,INR,3.7,390,3.654,India,New Delhi,0,1
Chakhnaa Wala,Defence Colony,"Mughlai, Fast Food",1,400.0,INR,3.5,15,3.344,India,New Delhi,0,1
Cocoberry,Defence Colony,Desserts,1,300.0,INR,3.6,130,3.516,India,New Delhi,0,1
Concept,Defence Colony,"North Indian, Mughlai, Chinese",2,600.0,INR,3.9,301,3.814,India,New Delhi,0,0
Deez Biryani & Kebabs,Defence Colony,"Biryani, North Indian, Mughlai",2,800.0,INR,3.7,338,3.648,India,New Delhi,1,1
Def Col Social,Defence Colony,"Continental, American, Asian, North Indian",3,1600.0,INR,3.9,798,3.864,India,New Delhi,1,1
D_ner Grill,Defence Colony,"Fast Food, Turkish",2,900.0,INR,3.8,192,3.696,India,New Delhi,0,1
Hong Kong Express,Defence Colony,"Chinese, Thai",2,700.0,INR,3.8,196,3.698,India,New Delhi,0,1
Kent's Fast Food,Defence Colony,"Burger, Fast Food",2,500.0,INR,3.7,766,3.675,India,New Delhi,0,1
Koyla Kebab,Defence Colony,"North Indian, Mughlai",2,700.0,INR,3.6,42,3.436,India,New Delhi,0,1
Meraki Cafe & Bar,Defence Colony,"North Indian, Continental, Chinese, Italian",3,1400.0,INR,3.6,139,3.52,India,New Delhi,1,1
Milk Patisserie,Defence Colony,"Bakery, Desserts",1,300.0,INR,3.8,24,3.46,India,New Delhi,0,1
Moets Curry Leaf,Defence Colony,"North Indian, Mughlai, Kashmiri",3,1500.0,INR,3.5,208,3.461,India,New Delhi,1,1
Moets Oh! Bao,Defence Colony,"Chinese, Japanese, Thai",3,1200.0,INR,3.6,99,3.498,India,New Delhi,1,1
Moets Shack,Defence Colony,"Seafood, Continental, European",3,1800.0,INR,3.7,601,3.669,India,New Delhi,1,1
Moets Stone,Defence Colony,Italian,4,2000.0,INR,3.8,354,3.738,India,New Delhi,1,1
Moti Mahal Delux,Defence Colony,"North Indian, Mughlai, Chinese",3,1000.0,INR,3.8,130,3.66,India,New Delhi,1,1
Nizam's Kathi Kabab,Defence Colony,"North Indian, Fast Food",2,900.0,INR,3.8,303,3.729,India,New Delhi,0,1
NYC.PIE,Defence Colony,"Italian, Pizza",2,900.0,INR,3.8,306,3.729,India,New Delhi,1,1
Raro,Defence Colony,"Cafe, Bakery",2,800.0,INR,3.7,304,3.643,India,New Delhi,0,0
Sagar Ratna,Defence Colony,"North Indian, Chinese",2,600.0,INR,3.7,308,3.644,India,New Delhi,0,1
Subway,Defence Colony,"American, Fast Food, Salad, Healthy Food",2,500.0,INR,3.6,84,3.487,India,New Delhi,0,1
Swagath,Defence Colony,"North Indian, Chinese, South Indian, Seafood, Chettinad",3,1500.0,INR,3.9,749,3.862,India,New Delhi,1,0
The Jugaad Cafe Bar,Defence Colony,"North Indian, Chinese, Continental",3,1800.0,INR,3.8,238,3.713,India,New Delhi,1,0
Mehfil,Defence Colony,"North Indian, Mughlai",2,600.0,INR,2.4,35,2.928,India,New Delhi,0,0
Bonne Bouche,Defence Colony,"Italian, French",3,1750.0,INR,4.1,711,4.047,India,New Delhi,1,1
Cafe Yell,Defence Colony,"Cafe, Continental, Italian",3,1000.0,INR,4.4,50,3.849,India,New Delhi,1,0
Defence Bakery,Defence Colony,"Bakery, Fast Food",1,400.0,INR,4.1,561,4.034,India,New Delhi,0,1
Desi Vibes,Defence Colony,"North Indian, Mughlai",3,1500.0,INR,4.0,183,3.849,India,New Delhi,1,1
Ek Bar,Defence Colony,Modern Indian,3,1700.0,INR,4.1,242,3.963,India,New Delhi,1,1
Hwealthcafe,Defence Colony,"Cafe, Healthy Food, Continental",2,800.0,INR,4.1,223,3.953,India,New Delhi,1,1
Kathputli,Defence Colony,Rajasthani,2,900.0,INR,4.1,769,4.051,India,New Delhi,1,1
Kulfiano,Defence Colony,Ice Cream,1,200.0,INR,4.0,169,3.84,India,New Delhi,0,1
Number 31,Defence Colony,"Continental, Asian, Sushi",3,1600.0,INR,4.2,63,3.801,India,New Delhi,1,1
RoadRomeo,Defence Colony,"North Indian, Hyderabadi, Kashmiri, Chinese",3,1650.0,INR,4.0,460,3.931,India,New Delhi,1,1
Sagar Ratna,Defence Colony,"South Indian, North Indian, Chinese",2,600.0,INR,4.0,782,3.958,India,New Delhi,0,1
The Culinary Pitaara,Defence Colony,"North Indian, Chinese",2,900.0,INR,4.2,95,3.889,India,New Delhi,0,1
Whipped,Defence Colony,"Bakery, Desserts",2,550.0,INR,4.2,372,4.093,India,New Delhi,0,1
A Vaishno Bhojnalaya,Delhi University-GTB Nagar,North Indian,1,100.0,INR,3.1,29,3.225,India,New Delhi,0,0
Aim Delhi Cafe,Delhi University-GTB Nagar,Cafe,1,400.0,INR,3.4,69,3.357,India,New Delhi,0,0
Apni Rasoi,Delhi University-GTB Nagar,"North Indian, Chinese",1,400.0,INR,2.8,109,2.956,India,New Delhi,0,1
Blue Bull Cafe,Delhi University-GTB Nagar,"Cafe, North Indian, Chinese",2,800.0,INR,2.8,15,3.183,India,New Delhi,0,0
Cafe Bethak,Delhi University-GTB Nagar,"Cafe, Continental, Chinese",2,600.0,INR,3.4,76,3.359,India,New Delhi,0,0
Cafe Coffee Day,Delhi University-GTB Nagar,Cafe,1,450.0,INR,3.4,46,3.347,India,New Delhi,0,0
Cafe Coffee Day,Delhi University-GTB Nagar,Cafe,1,450.0,INR,3.2,87,3.236,India,New Delhi,0,0
Chakhlo Food Court,Delhi University-GTB Nagar,"North Indian, South Indian, Chinese, Street Food, Fast Food",1,300.0,INR,2.6,45,2.967,India,New Delhi,0,0
Domino's Pizza,Delhi University-GTB Nagar,"Pizza, Fast Food",2,700.0,INR,2.5,109,2.751,India,New Delhi,0,0
Frontier,Delhi University-GTB Nagar,"Bakery, Desserts",1,200.0,INR,3.0,8,3.256,India,New Delhi,0,0
Good Foods,Delhi University-GTB Nagar,"North Indian, Fast Food, Chinese",1,300.0,INR,3.3,35,3.298,India,New Delhi,0,0
Grain Bell Restaurant,Delhi University-GTB Nagar,"North Indian, Chinese",1,450.0,INR,2.8,81,2.99,India,New Delhi,0,1
Green Chick Chop,Delhi University-GTB Nagar,"Raw Meats, North Indian, Fast Food",1,350.0,INR,3.1,72,3.181,India,New Delhi,0,1
Grover's - The Baker Shop,Delhi University-GTB Nagar,"Bakery, Fast Food",1,100.0,INR,3.0,18,3.219,India,New Delhi,0,0
Hookups Cafe & Lounge,Delhi University-GTB Nagar,"Chinese, Continental, North Indian",2,850.0,INR,3.3,113,3.299,India,New Delhi,1,0
Jai Hind Dairy,Delhi University-GTB Nagar,Mithai,1,100.0,INR,2.8,5,3.252,India,New Delhi,0,0
Kaveri,Delhi University-GTB Nagar,North Indian,1,300.0,INR,3.3,51,3.299,India,New Delhi,0,0
Khushboo Vaishno Dhaba,Delhi University-GTB Nagar,North Indian,1,150.0,INR,2.9,5,3.261,India,New Delhi,0,0
Korea Restaurant,Delhi University-GTB Nagar,Korean,2,900.0,INR,3.0,82,3.113,India,New Delhi,1,0
Kukkad Nukkad,Delhi University-GTB Nagar,North Indian,2,600.0,INR,3.0,12,3.24,India,New Delhi,0,1
Metro Fast Food,Delhi University-GTB Nagar,"Chinese, Fast Food",1,350.0,INR,2.6,26,3.059,India,New Delhi,0,1
Mughlai Flavours,Delhi University-GTB Nagar,Mughlai,1,300.0,INR,3.2,17,3.273,India,New Delhi,0,1
Pitstop,Delhi University-GTB Nagar,"North Indian, Mughlai, Chinese",2,600.0,INR,3.3,85,3.299,India,New Delhi,0,1
Pizza Hut,Delhi University-GTB Nagar,"Italian, Pizza, Fast Food",3,1000.0,INR,3.4,143,3.373,India,New Delhi,0,1
Prince Snacks & Momo's Point,Delhi University-GTB Nagar,Chinese,1,300.0,INR,3.4,39,3.342,India,New Delhi,0,0
Qash Retro Bar,Delhi University-GTB Nagar,"Finger Food, North Indian, Italian",4,2000.0,INR,2.7,81,2.928,India,New Delhi,1,0
Red Chillies,Delhi University-GTB Nagar,Fast Food,1,250.0,INR,3.3,69,3.299,India,New Delhi,0,0
Samrat Bakers,Delhi University-GTB Nagar,"Bakery, Fast Food",1,200.0,INR,2.6,16,3.128,India,New Delhi,0,0
Samrat Restaurant,Delhi University-GTB Nagar,"North Indian, Chinese, South Indian, Fast Food",2,700.0,INR,3.4,173,3.377,India,New Delhi,0,0
Shammi Bhai Lassi Wala,Delhi University-GTB Nagar,"Chinese, Beverages",1,400.0,INR,3.2,45,3.251,India,New Delhi,0,0
Shooters Lounge and Bar,Delhi University-GTB Nagar,"North Indian, Chinese",3,1100.0,INR,2.7,50,2.999,India,New Delhi,0,0
Singh Ching,Delhi University-GTB Nagar,"North Indian, Chinese, Mughlai",2,600.0,INR,3.4,427,3.389,India,New Delhi,0,1
Southy,Delhi University-GTB Nagar,South Indian,1,450.0,INR,2.6,138,2.785,India,New Delhi,0,1
Take n Taste Shawarma Zone,Delhi University-GTB Nagar,Fast Food,1,100.0,INR,3.0,14,3.232,India,New Delhi,0,0
The Night Owl,Delhi University-GTB Nagar,Chinese,1,450.0,INR,2.8,51,3.046,India,New Delhi,0,1
Tilak's The Diners,Delhi University-GTB Nagar,"North Indian, Chinese, Fast Food",2,700.0,INR,3.1,130,3.155,India,New Delhi,0,1
Spezia Bistro,Delhi University-GTB Nagar,"Cafe, Continental, Chinese, Italian",2,900.0,INR,4.6,1071,4.542,India,New Delhi,1,1
Cent Percent The Pastry Shop,Delhi University-GTB Nagar,"Bakery, Fast Food",1,250.0,INR,3.6,258,3.551,India,New Delhi,0,1
For God's Cake,Delhi University-GTB Nagar,Bakery,1,250.0,INR,3.9,533,3.848,India,New Delhi,0,1
Laxmi Ice Cream,Delhi University-GTB Nagar,"Ice Cream, Desserts",1,150.0,INR,3.7,93,3.559,India,New Delhi,0,0
Mirch Masala MM Cafe,Delhi University-GTB Nagar,"North Indian, Chinese, Cafe",2,550.0,INR,3.7,484,3.662,India,New Delhi,0,1
Moh Maya Cafe,Delhi University-GTB Nagar,"North Indian, Continental, Chinese, Italian, Lebanese",3,1000.0,INR,3.7,49,3.497,India,New Delhi,1,0
QD's Restaurant,Delhi University-GTB Nagar,"Chinese, North Indian, Fast Food, Italian",2,800.0,INR,3.9,2724,3.889,India,New Delhi,0,1
SuperHero Cafe,Delhi University-GTB Nagar,"Cafe, Chinese, Italian",2,550.0,INR,3.8,541,3.757,India,New Delhi,0,1
Suresh Fast Food,Delhi University-GTB Nagar,"North Indian, Chinese",1,250.0,INR,3.7,91,3.557,India,New Delhi,0,0
Wood Box Cafe,Delhi University-GTB Nagar,"Cafe, Fast Food, Italian, Chinese",2,650.0,INR,3.8,1970,3.788,India,New Delhi,1,1
Sagar Ratna,Delhi University-GTB Nagar,"South Indian, North Indian, Chinese",2,600.0,INR,2.4,147,2.628,India,New Delhi,0,1
Slice of Italy,Delhi University-GTB Nagar,"Italian, Pizza, Bakery",2,700.0,INR,2.4,148,2.627,India,New Delhi,0,1
Bakar The Cafe,Delhi University-GTB Nagar,Cafe,1,400.0,INR,4.1,111,3.851,India,New Delhi,0,0
Indus Flavour,Delhi University-GTB Nagar,"North Indian, Chinese, Cafe",2,700.0,INR,4.1,1384,4.072,India,New Delhi,1,1
Raw Creams,Delhi University-GTB Nagar,"Ice Cream, Desserts, Beverages",1,250.0,INR,4.3,156,4.057,India,New Delhi,0,1
Ricos,Delhi University-GTB Nagar,"Cafe, Mexican, American, Italian, Lebanese, Continental",2,900.0,INR,4.3,4085,4.288,India,New Delhi,0,0
The Hudson Cafe,Delhi University-GTB Nagar,"Cafe, Italian, Continental, Chinese",2,850.0,INR,4.4,1537,4.365,India,New Delhi,0,1
YOLO 21,Delhi University-GTB Nagar,"Cafe, Italian, Continental",2,700.0,INR,4.2,1526,4.171,India,New Delhi,1,0
Assam Food Stall,"Dilli Haat, INA","Assamese, Chinese",1,400.0,INR,2.8,45,3.062,India,New Delhi,0,0
Darbar E Awadh,"Dilli Haat, INA","North Indian, Mughlai",2,750.0,INR,3.2,26,3.264,India,New Delhi,0,0
Hotel Tamil Nadu,"Dilli Haat, INA",South Indian,1,350.0,INR,3.1,13,3.257,India,New Delhi,0,0
Incrivel Goa,"Dilli Haat, INA",Goan,2,700.0,INR,2.5,29,3.005,India,New Delhi,0,1
Lakshadweep,"Dilli Haat, INA","North Indian, Chinese, South Indian",1,200.0,INR,2.8,11,3.208,India,New Delhi,0,0
Odisha,"Dilli Haat, INA",Oriya,1,450.0,INR,3.1,52,3.197,India,New Delhi,0,0
Rajasthan Food Stall No. 1,"Dilli Haat, INA","Rajasthani, North Indian",1,400.0,INR,3.4,69,3.357,India,New Delhi,0,0
Shillong View,"Dilli Haat, INA",Chinese,1,350.0,INR,3.0,36,3.173,India,New Delhi,0,0
Wazwan,"Dilli Haat, INA",Kashmiri,2,700.0,INR,3.1,44,3.205,India,New Delhi,0,0
Zayaka,"Dilli Haat, INA","Chinese, North Indian, Fast Food",1,450.0,INR,2.8,8,3.229,India,New Delhi,0,0
Bihar ki Rasoi,"Dilli Haat, INA",Bihari,2,500.0,INR,3.5,28,3.37,India,New Delhi,0,0
Bijoli Grill,"Dilli Haat, INA","Bengali, North Indian, Chinese",2,800.0,INR,3.7,182,3.613,India,New Delhi,0,0
Maharashtra Food Stall,"Dilli Haat, INA",Maharashtrian,1,350.0,INR,3.6,93,3.494,India,New Delhi,0,0
Manipur Food Stall,"Dilli Haat, INA","Chinese, Fast Food",1,450.0,INR,3.6,72,3.476,India,New Delhi,0,0
Momo Mia,"Dilli Haat, INA",Chinese,1,400.0,INR,3.8,152,3.676,India,New Delhi,0,0
Mother Dairy Ice Cream,"Dilli Haat, INA","Desserts, Ice Cream, North Indian",1,250.0,INR,3.5,19,3.353,India,New Delhi,0,0
Nagaland,"Dilli Haat, INA","Chinese, Naga",2,800.0,INR,3.7,143,3.596,India,New Delhi,1,0
Navdanya Organic Food Cafe,"Dilli Haat, INA",North Indian,1,450.0,INR,3.5,24,3.363,India,New Delhi,0,0
Tashi Delek Food Stall,"Dilli Haat, INA","Chinese, Tibetan",1,400.0,INR,3.5,30,3.373,India,New Delhi,0,0
Punjabi Rasoi,"Dilli Haat, INA",North Indian,2,700.0,INR,2.3,30,2.923,India,New Delhi,0,0
Aggarwal Bikaner Sweets,Dilshad Garden,"Mithai, Street Food",1,350.0,INR,3.0,9,3.252,India,New Delhi,0,0
Angels Kitchen,Dilshad Garden,"North Indian, Mughlai, Chinese",2,500.0,INR,3.2,10,3.281,India,New Delhi,0,0
Bedi's Kabab Corner,Dilshad Garden,"Mughlai, North Indian",2,500.0,INR,3.2,15,3.275,India,New Delhi,0,0
Bravo Diet Food and Nutrition,Dilshad Garden,Healthy Food,1,300.0,INR,3.0,7,3.261,India,New Delhi,0,0
Chacha Chicken,Dilshad Garden,North Indian,2,600.0,INR,2.8,9,3.222,India,New Delhi,0,0
Chao Cart,Dilshad Garden,"Chinese, Fast Food",1,350.0,INR,3.3,32,3.298,India,New Delhi,0,0
Chimney,Dilshad Garden,North Indian,1,400.0,INR,2.9,4,3.268,India,New Delhi,0,0
Chutneez Ishtyle Bar and Dining,Dilshad Garden,"North Indian, Chinese, Mughlai",3,1200.0,INR,3.3,56,3.299,India,New Delhi,1,1
Deep Chicken Point,Dilshad Garden,North Indian,2,600.0,INR,3.0,16,3.225,India,New Delhi,0,0
Domino's Pizza,Dilshad Garden,"Pizza, Fast Food",2,700.0,INR,3.3,87,3.299,India,New Delhi,0,0
Govind Dhaba,Dilshad Garden,North Indian,1,200.0,INR,3.4,39,3.342,India,New Delhi,0,0
Huddle Cafe,Dilshad Garden,"Fast Food, Beverages",1,250.0,INR,3.4,23,3.33,India,New Delhi,0,0
Kovilakam,Dilshad Garden,"South Indian, North Indian",1,400.0,INR,3.2,11,3.28,India,New Delhi,0,0
Mathur's Kitchen,Dilshad Garden,North Indian,1,450.0,INR,2.6,15,3.136,India,New Delhi,0,1
McDonald's,Dilshad Garden,"Fast Food, Burger",2,500.0,INR,3.3,65,3.299,India,New Delhi,0,1
New South Indian Hut,Dilshad Garden,South Indian,1,300.0,INR,3.1,7,3.273,India,New Delhi,0,0
Night Bite,Dilshad Garden,"North Indian, Chinese, Continental",2,500.0,INR,2.6,14,3.145,India,New Delhi,0,0
Pizza Station,Dilshad Garden,"Pizza, Fast Food",1,300.0,INR,3.0,7,3.261,India,New Delhi,0,0
Pummy Restaurant,Dilshad Garden,"North Indian, South Indian",2,500.0,INR,2.7,14,3.167,India,New Delhi,0,0
Republic of Chicken,Dilshad Garden,"Raw Meats, Fast Food",1,400.0,INR,3.0,4,3.275,India,New Delhi,0,0
Salt N' Pepper,Dilshad Garden,"North Indian, Chinese",2,500.0,INR,2.7,177,2.832,India,New Delhi,0,1
Shahi Zaikaa,Dilshad Garden,"North Indian, Mughlai",2,800.0,INR,3.0,6,3.266,India,New Delhi,0,0
Shubham,Dilshad Garden,"Fast Food, North Indian, South Indian, Chinese",1,350.0,INR,2.7,39,3.036,India,New Delhi,0,0
South Indian Corner,Dilshad Garden,South Indian,1,200.0,INR,3.3,27,3.298,India,New Delhi,0,0
Sultan Food,Dilshad Garden,Mughlai,1,300.0,INR,3.1,14,3.254,India,New Delhi,0,1
Uncle Bakery,Dilshad Garden,"Bakery, Fast Food",1,100.0,INR,3.1,15,3.252,India,New Delhi,0,0
Urban Chopstick,Dilshad Garden,Chinese,1,400.0,INR,2.6,50,2.949,India,New Delhi,0,1
Urban Kabab,Dilshad Garden,"North Indian, Chinese",2,600.0,INR,3.1,97,3.167,India,New Delhi,0,1
Urban Punjab,Dilshad Garden,"North Indian, Chinese",2,600.0,INR,3.2,103,3.232,India,New Delhi,0,0
Haldiram's,Dilshad Garden,"North Indian, South Indian, Chinese, Street Food, Fast Food, Mithai, Desserts",2,600.0,INR,3.5,88,3.427,India,New Delhi,0,0
Pizza Hut Delivery,Dilshad Garden,"Italian, Pizza, Fast Food",2,800.0,INR,3.6,107,3.504,India,New Delhi,0,1
Slice of Italy,Dilshad Garden,"Italian, Pizza, Bakery",2,700.0,INR,2.3,57,2.766,India,New Delhi,0,1
Bemisaal,"District Centre, Janakpuri","North Indian, Chinese",2,800.0,INR,3.4,122,3.37,India,New Delhi,1,1
Grillz,"District Centre, Janakpuri",Fast Food,2,500.0,INR,2.5,85,2.795,India,New Delhi,0,1
Tandoor Ka Zaika,"District Centre, Janakpuri","North Indian, Chinese, Fast Food",1,400.0,INR,2.6,55,2.932,India,New Delhi,0,0
The Barley House,"District Centre, Janakpuri","Mexican, North Indian, European, Chinese, Italian",3,1200.0,INR,3.4,35,3.34,India,New Delhi,1,1
Muffins,"District Centre, Janakpuri","Bakery, Fast Food",1,300.0,INR,3.5,56,3.404,India,New Delhi,0,0
Dilli Darbar,"District Centre, Janakpuri","North Indian, Chinese",3,1200.0,INR,2.3,118,2.597,India,New Delhi,1,0
Cafe Coffee Day,"DLF City Centre Mall, Shalimar Bagh",Cafe,1,450.0,INR,3.0,29,3.188,India,New Delhi,0,0
Domino's Pizza,"DLF City Centre Mall, Shalimar Bagh","Pizza, Fast Food",2,700.0,INR,3.0,63,3.132,India,New Delhi,0,0
Kings Kulfi,"DLF City Centre Mall, Shalimar Bagh",Ice Cream,1,150.0,INR,3.3,14,3.298,India,New Delhi,0,0
McDonald's,"DLF City Centre Mall, Shalimar Bagh","Fast Food, Burger",2,500.0,INR,3.6,62,3.465,India,New Delhi,0,0
Cafe E,"DLF Emporio Mall, Vasant Kunj","Cafe, Continental",3,1600.0,INR,3.5,83,3.424,India,New Delhi,0,0
Cha-Shi,"DLF Emporio Mall, Vasant Kunj","Thai, Chinese, Asian, Malaysian",3,1500.0,INR,3.8,118,3.65,India,New Delhi,1,0
Habibi,"DLF Place Mall, Saket","Middle Eastern, Mediterranean, North Indian",3,1800.0,INR,3.1,134,3.154,India,New Delhi,1,1
Tikka Town,"DLF Place Mall, Saket",North Indian,2,550.0,INR,2.8,138,2.932,India,New Delhi,0,0
4700BC Popcorn,"DLF Place Mall, Saket",Fast Food,1,400.0,INR,3.8,152,3.676,India,New Delhi,0,1
Al Zaitoon,"DLF Place Mall, Saket","Lebanese, Mediterranean, Arabian",2,850.0,INR,3.5,246,3.466,India,New Delhi,0,1
Dunkin' Donuts,"DLF Place Mall, Saket","Burger, Desserts, Fast Food",2,600.0,INR,3.8,426,3.747,India,New Delhi,0,0
Foodhall,"DLF Place Mall, Saket","Bakery, Italian, Chinese, Mexican",2,700.0,INR,3.9,71,3.651,India,New Delhi,0,0
Haldiram's,"DLF Place Mall, Saket","Street Food, North Indian, South Indian, Chinese, Mithai",1,350.0,INR,3.7,229,3.628,India,New Delhi,0,0
TGI Friday's,"DLF Place Mall, Saket","American, Tex-Mex",4,2500.0,INR,3.7,984,3.681,India,New Delhi,1,1
The Beer Cafe,"DLF Place Mall, Saket","Finger Food, North Indian, Italian",3,1200.0,INR,3.5,295,3.471,India,New Delhi,0,0
Big Chill,"DLF Place Mall, Saket","Italian, Continental, European, Cafe",3,1500.0,INR,4.4,2777,4.38,India,New Delhi,0,0
Cinnabon,"DLF Place Mall, Saket","Desserts, Cafe",1,400.0,INR,4.1,397,4.01,India,New Delhi,0,1
RollsKing,"DLF Place Mall, Saket",Fast Food,1,400.0,INR,4.1,71,3.768,India,New Delhi,0,0
Tikka Town,"DLF Promenade Mall, Vasant Kunj",North Indian,2,550.0,INR,3.2,118,3.229,India,New Delhi,0,0
Cafe Brown Sugar,"DLF Promenade Mall, Vasant Kunj",Fast Food,2,750.0,INR,3.6,161,3.528,India,New Delhi,0,1
Chaayos,"DLF Promenade Mall, Vasant Kunj","Cafe, Tea",1,400.0,INR,3.9,91,3.686,India,New Delhi,0,0
Cinnabon,"DLF Promenade Mall, Vasant Kunj","Desserts, Cafe",1,400.0,INR,3.9,360,3.827,India,New Delhi,0,1
Foodhall,"DLF Promenade Mall, Vasant Kunj","Bakery, Italian, Chinese, Mexican",2,700.0,INR,3.7,69,3.531,India,New Delhi,0,0
Haldiram's,"DLF Promenade Mall, Vasant Kunj","North Indian, South Indian, Chinese, Street Food, Fast Food, Mithai, Desserts",2,600.0,INR,3.7,134,3.591,India,New Delhi,0,0
Keventers,"DLF Promenade Mall, Vasant Kunj",Beverages,1,400.0,INR,3.8,154,3.677,India,New Delhi,0,0
Krispy Kreme,"DLF Promenade Mall, Vasant Kunj","Desserts, Beverages",1,350.0,INR,3.9,98,3.696,India,New Delhi,0,1
L'Opera,"DLF Promenade Mall, Vasant Kunj","Bakery, Desserts, Fast Food",1,400.0,INR,3.8,159,3.68,India,New Delhi,0,1
Mad Over Donuts,"DLF Promenade Mall, Vasant Kunj",Desserts,1,450.0,INR,3.7,169,3.608,India,New Delhi,0,1
Starbucks,"DLF Promenade Mall, Vasant Kunj",Cafe,2,700.0,INR,3.9,109,3.71,India,New Delhi,0,0
The Beer Cafe,"DLF Promenade Mall, Vasant Kunj","Finger Food, North Indian, Italian",3,1250.0,INR,3.8,170,3.686,India,New Delhi,0,0
Ooh Lala !,"DLF Promenade Mall, Vasant Kunj","American, Fast Food, Desserts",2,500.0,INR,4.0,154,3.828,India,New Delhi,0,0
Domino's Pizza,"DLF South Square, Sarojini Nagar","Pizza, Fast Food",2,700.0,INR,2.7,59,2.974,India,New Delhi,0,0
Flaming Wok,"DLF South Square, Sarojini Nagar","Chinese, Seafood",3,1500.0,INR,2.7,112,2.884,India,New Delhi,1,1
Frontier,"DLF South Square, Sarojini Nagar",Bakery,1,200.0,INR,3.0,11,3.244,India,New Delhi,0,0
Haldiram's,"DLF South Square, Sarojini Nagar","North Indian, South Indian, Chinese, Street Food, Fast Food, Mithai, Desserts",1,300.0,INR,3.6,195,3.538,India,New Delhi,0,0
McDonald's,"DLF South Square, Sarojini Nagar","Fast Food, Burger",2,500.0,INR,3.5,100,3.432,India,New Delhi,0,1
Subway,"DLF South Square, Sarojini Nagar","American, Fast Food, Salad, Healthy Food",2,500.0,INR,2.4,65,2.79,India,New Delhi,0,1
Twenty Four Seven,Dr. Zakir Hussain Marg,"Fast Food, North Indian",1,300.0,INR,2.9,7,3.249,India,New Delhi,0,0
Wah Ji Wah,Durga Puri,North Indian,1,350.0,INR,2.9,8,3.243,India,New Delhi,0,0
Aggarwal Sweets,East of Kailash,Mithai,1,100.0,INR,2.7,10,3.198,India,New Delhi,0,0
Al-Malik,East of Kailash,"North Indian, Mughlai, Chinese",2,600.0,INR,3.2,21,3.269,India,New Delhi,0,0
Bikaner Sweets,East of Kailash,"Street Food, South Indian, Mithai",1,200.0,INR,2.8,13,3.195,India,New Delhi,0,0
Cafe Coffee Day,East of Kailash,Cafe,1,450.0,INR,2.7,24,3.104,India,New Delhi,0,0
Delhi Rasoi,East of Kailash,"North Indian, Chinese, South Indian",2,500.0,INR,3.3,19,3.298,India,New Delhi,0,0
Food Land,East of Kailash,"North Indian, Chinese",1,300.0,INR,3.2,16,3.274,India,New Delhi,0,1
Froshier Fruits,East of Kailash,Healthy Food,1,100.0,INR,3.0,7,3.261,India,New Delhi,0,0
Govinda's Confectionery,East of Kailash,Bakery,1,150.0,INR,3.1,12,3.259,India,New Delhi,0,0
Halka Fulka,East of Kailash,Fast Food,1,400.0,INR,3.1,11,3.262,India,New Delhi,0,1
Hasty Tasty,East of Kailash,Chinese,1,300.0,INR,2.8,12,3.201,India,New Delhi,0,0
Ikreate,East of Kailash,Bakery,1,400.0,INR,3.1,9,3.267,India,New Delhi,0,0
Khan's Dilli-6 Biryani,East of Kailash,"Biryani, Mughlai",2,500.0,INR,3.0,19,3.215,India,New Delhi,0,0
Kolkata Hot Kathi Roll,East of Kailash,North Indian,1,250.0,INR,2.7,21,3.121,India,New Delhi,0,0
Kowloon Express,East of Kailash,"North Indian, Italian, Chinese, Fast Food",1,400.0,INR,3.4,17,3.323,India,New Delhi,0,1
LaDiDa,East of Kailash,"Bakery, Desserts",2,500.0,INR,3.2,14,3.276,India,New Delhi,0,0
Litti.In,East of Kailash,Bihari,1,300.0,INR,2.8,4,3.261,India,New Delhi,0,1
Mughals Rasoi,East of Kailash,"North Indian, Mughlai, Chinese",2,700.0,INR,3.2,38,3.255,India,New Delhi,0,1
Naagar Foods,East of Kailash,North Indian,1,200.0,INR,3.1,17,3.247,India,New Delhi,0,0
Novelty Chicken Corner,East of Kailash,"North Indian, Mughlai",2,650.0,INR,3.3,61,3.299,India,New Delhi,0,1
Raju Vaishnav Dhaba,East of Kailash,"North Indian, South Indian",1,350.0,INR,3.2,19,3.271,India,New Delhi,0,0
Republic of Chicken,East of Kailash,"Raw Meats, Fast Food",1,400.0,INR,2.9,4,3.268,India,New Delhi,0,0
Shiv Shakti Vaishno Bhojnalaya,East of Kailash,North Indian,2,500.0,INR,3.1,22,3.237,India,New Delhi,0,0
Spice Tree,East of Kailash,"North Indian, Mughlai, Chinese",1,400.0,INR,2.7,12,3.182,India,New Delhi,0,1
Vadapav Junction,East of Kailash,Maharashtrian,1,350.0,INR,3.2,14,3.276,India,New Delhi,0,1
Zaaika Junction,East of Kailash,"Chinese, Mughlai, North Indian",2,500.0,INR,3.1,25,3.232,India,New Delhi,0,1
Asian Haus,East of Kailash,"Chinese, Thai, Asian, Malaysian, Vietnamese, Japanese",3,1500.0,INR,4.1,686,4.045,India,New Delhi,0,1
Bake Club,East Patel Nagar,Bakery,1,250.0,INR,3.2,44,3.252,India,New Delhi,0,0
Barichi,East Patel Nagar,"North Indian, Chinese, South Indian",3,1000.0,INR,2.9,11,3.226,India,New Delhi,1,0
Barista,East Patel Nagar,Cafe,2,650.0,INR,3.2,44,3.252,India,New Delhi,0,0
Baskin Robbins,East Patel Nagar,Ice Cream,1,300.0,INR,2.6,11,3.172,India,New Delhi,0,1
Bite & More,East Patel Nagar,"Fast Food, North Indian",1,350.0,INR,3.3,24,3.298,India,New Delhi,0,1
Blue Water Grille Express,East Patel Nagar,"North Indian, Mughlai, Chinese, Seafood",2,700.0,INR,2.6,27,3.053,India,New Delhi,0,1
Brainfreezzers,East Patel Nagar,"North Indian, Chinese",2,500.0,INR,3.0,5,3.27,India,New Delhi,0,0
Caboose X Cafe & Lounge,East Patel Nagar,"Fast Food, Cafe",2,700.0,INR,3.2,39,3.255,India,New Delhi,0,0
Cafe Buddy's,East Patel Nagar,Fast Food,1,100.0,INR,2.9,5,3.261,India,New Delhi,0,0
Cafe Coffee Day,East Patel Nagar,Cafe,1,450.0,INR,2.9,38,3.126,India,New Delhi,0,0
Chinese Food,East Patel Nagar,Chinese,1,300.0,INR,3.1,13,3.257,India,New Delhi,0,0
Chinese King,East Patel Nagar,"North Indian, Mughlai, Chinese",1,400.0,INR,2.5,6,3.212,India,New Delhi,0,1
Cocoberry,East Patel Nagar,Desserts,1,300.0,INR,3.3,28,3.298,India,New Delhi,0,1
Eggless Dukes,East Patel Nagar,"Bakery, Desserts",1,200.0,INR,3.1,5,3.279,India,New Delhi,0,0
Empire The Meat Shop,East Patel Nagar,"Raw Meats, Fast Food",1,400.0,INR,3.3,31,3.298,India,New Delhi,0,0
FOG Cafe and Lounge,East Patel Nagar,Cafe,2,500.0,INR,3.0,4,3.275,India,New Delhi,0,0
Forty 3 East,East Patel Nagar,"North Indian, Mughlai, Continental",3,1100.0,INR,3.2,38,3.255,India,New Delhi,1,0
Green Chick Chop,East Patel Nagar,"Raw Meats, North Indian, Fast Food",1,350.0,INR,3.3,31,3.298,India,New Delhi,0,0
Gyan's,East Patel Nagar,North Indian,2,550.0,INR,3.4,93,3.364,India,New Delhi,0,1
Indi-QUE,East Patel Nagar,"North Indian, Mughlai, Chinese",3,1400.0,INR,3.3,46,3.299,India,New Delhi,1,0
Keventers,East Patel Nagar,Beverages,1,400.0,INR,3.0,6,3.266,India,New Delhi,0,0
Pick Fresh Fish,East Patel Nagar,"Raw Meats, Fast Food",1,400.0,INR,3.2,17,3.273,India,New Delhi,0,0
Sat Guru Dhaba,East Patel Nagar,North Indian,1,350.0,INR,2.6,43,2.975,India,New Delhi,0,0
Sharazz,East Patel Nagar,"Chinese, Cafe, Fast Food",2,700.0,INR,3.2,32,3.259,India,New Delhi,0,0
Spice Box,East Patel Nagar,North Indian,1,250.0,INR,3.4,21,3.328,India,New Delhi,0,1
The Baithak's,East Patel Nagar,"North Indian, Chinese, Mughlai",3,1000.0,INR,3.2,87,3.236,India,New Delhi,1,1
The Taste of India,East Patel Nagar,"Continental, Chinese, North Indian, Healthy Food",1,400.0,INR,3.2,12,3.279,India,New Delhi,0,0
Twenty Four Seven,East Patel Nagar,"Fast Food, North Indian",1,300.0,INR,3.0,23,3.204,India,New Delhi,0,0
Wrapss,East Patel Nagar,"Chinese, Fast Food",1,350.0,INR,3.1,50,3.199,India,New Delhi,0,1
Domino's Pizza,East Patel Nagar,"Pizza, Fast Food",2,700.0,INR,3.5,119,3.44,India,New Delhi,0,0
Dunkin' Donuts,East Patel Nagar,"Burger, Desserts, Fast Food",2,600.0,INR,3.6,177,3.533,India,New Delhi,0,1
Naivedyam,East Patel Nagar,South Indian,2,500.0,INR,3.6,359,3.563,India,New Delhi,0,1
Punjabi Chaap Corner,East Patel Nagar,North Indian,1,300.0,INR,3.5,53,3.402,India,New Delhi,0,1
Rice Bowl,East Patel Nagar,"Chinese, Seafood",3,1100.0,INR,3.7,241,3.631,India,New Delhi,1,1
The Diet Kitchen,East Patel Nagar,"Continental, Healthy Food",2,700.0,INR,3.9,178,3.768,India,New Delhi,0,1
The Yellow Chef,East Patel Nagar,"Chinese, Fast Food",1,350.0,INR,3.7,146,3.597,India,New Delhi,0,0
Tsui Wong,East Patel Nagar,"Chinese, Thai, Seafood",2,800.0,INR,3.8,145,3.671,India,New Delhi,1,1
VC's Food Paradise,East Patel Nagar,"North Indian, Fast Food, Mughlai",2,500.0,INR,3.5,26,3.367,India,New Delhi,0,0
WeDesi Flavours,East Patel Nagar,"Healthy Food, Fast Food",1,350.0,INR,3.9,54,3.61,India,New Delhi,0,1
Stabbers,East Patel Nagar,"Fast Food, Burger",1,400.0,INR,2.4,101,2.697,India,New Delhi,0,1
Duke's Pastry Shop,East Patel Nagar,"Bakery, Fast Food",1,200.0,INR,4.1,150,3.899,India,New Delhi,0,0
Cafe Coffee Day,"Epicuria Food Mall, Nehru Place",Cafe,1,450.0,INR,3.1,44,3.205,India,New Delhi,0,0
Chicago Pizza,"Epicuria Food Mall, Nehru Place",Pizza,2,600.0,INR,2.5,93,2.779,India,New Delhi,0,1
Drool Waffles,"Epicuria Food Mall, Nehru Place",Desserts,2,500.0,INR,3.1,9,3.267,India,New Delhi,0,0
Gelato Vinto,"Epicuria Food Mall, Nehru Place",Ice Cream,1,250.0,INR,3.3,9,3.298,India,New Delhi,0,1
Joost Juice Bar,"Epicuria Food Mall, Nehru Place",Juices,1,300.0,INR,3.2,9,3.283,India,New Delhi,0,0
Karim's,"Epicuria Food Mall, Nehru Place","Mughlai, North Indian",2,700.0,INR,3.1,185,3.142,India,New Delhi,0,1
Moti Mahal Delux,"Epicuria Food Mall, Nehru Place","North Indian, Mughlai, Chinese",2,800.0,INR,3.1,100,3.166,India,New Delhi,0,1
Sagar Ratna,"Epicuria Food Mall, Nehru Place",South Indian,2,600.0,INR,3.3,70,3.299,India,New Delhi,0,0
Yo! China,"Epicuria Food Mall, Nehru Place",Chinese,3,1300.0,INR,2.6,110,2.818,India,New Delhi,0,1
Chaayos,"Epicuria Food Mall, Nehru Place","Cafe, Tea",1,400.0,INR,3.6,106,3.503,India,New Delhi,0,1
Dimcha,"Epicuria Food Mall, Nehru Place","Chinese, Thai, Asian",3,1500.0,INR,3.9,145,3.745,India,New Delhi,1,0
Keventers,"Epicuria Food Mall, Nehru Place",Beverages,1,400.0,INR,3.9,57,3.618,India,New Delhi,0,0
Khan Chacha,"Epicuria Food Mall, Nehru Place","North Indian, Mughlai",2,650.0,INR,3.6,23,3.393,India,New Delhi,0,1
Sona Pure Veg Paradise,"Epicuria Food Mall, Nehru Place","North Indian, Street Food",2,500.0,INR,3.8,158,3.679,India,New Delhi,0,0
Subway,"Epicuria Food Mall, Nehru Place","American, Fast Food, Salad, Healthy Food",2,500.0,INR,3.8,97,3.629,India,New Delhi,0,0
The Crunch Box,"Epicuria Food Mall, Nehru Place",Fast Food,1,300.0,INR,3.7,21,3.416,India,New Delhi,0,1
FIO Cookhouse and Bar,"Epicuria Food Mall, Nehru Place","European, Italian, North Indian",4,3500.0,INR,4.0,752,3.956,India,New Delhi,1,0
Lord of the Drinks Forum,"Epicuria Food Mall, Nehru Place","European, Chinese, North Indian, Italian",4,2500.0,INR,4.2,756,4.144,India,New Delhi,1,0
The Chatter House,"Epicuria Food Mall, Nehru Place","Finger Food, Italian, North Indian",3,1800.0,INR,4.0,1700,3.98,India,New Delhi,1,1
The Flying Saucer Cafe,"Epicuria Food Mall, Nehru Place","Italian, Mediterranean, Continental, North Indian",3,1600.0,INR,4.3,3002,4.284,India,New Delhi,1,0
Tea Lounge - Eros Hotel,"Eros Hotel, Nehru Place",Cafe,3,1800.0,INR,3.3,21,3.298,India,New Delhi,0,0
Blooms - Eros Hotel,"Eros Hotel, Nehru Place","Continental, North Indian, Italian",4,4000.0,INR,3.9,150,3.749,India,New Delhi,1,0
Lounge & Bar - Eros Hotel,"Eros Hotel, Nehru Place",Finger Food,4,3650.0,INR,3.5,18,3.351,India,New Delhi,1,0
Sweet & Crusty - Eros Hotel,"Eros Hotel, Nehru Place","Bakery, Fast Food",2,700.0,INR,3.7,44,3.486,India,New Delhi,0,0
Empress of China - Eros Hotel,"Eros Hotel, Nehru Place",Chinese,4,4800.0,INR,4.2,119,3.933,India,New Delhi,1,0
Essex Collections Patisserie,Essex Farms,"Bakery, Desserts, Fast Food",1,300.0,INR,3.4,50,3.349,India,New Delhi,0,0
Essex Village Garden,Essex Farms,"North Indian, Chinese, Continental, Seafood",3,1500.0,INR,3.4,218,3.381,India,New Delhi,0,0
Yes Minister - Pub & Kitchen,Essex Farms,"Mediterranean, Continental, Italian",3,1800.0,INR,3.7,234,3.629,India,New Delhi,1,0
Andhra Bhavan,Feroze Shah Road,"South Indian, Andhra",1,200.0,INR,4.2,3010,4.185,India,New Delhi,0,0
Barista,Friends Colony,Cafe,2,650.0,INR,3.2,15,3.275,India,New Delhi,0,0
Indian Accent - The Manor,Friends Colony,Modern Indian,4,4000.0,INR,4.9,1934,4.86,India,New Delhi,0,0
FIO Country Kitchen and Bar,"Garden of Five Senses, Saket","European, Italian, North Indian",4,3300.0,INR,4.2,1561,4.172,India,New Delhi,1,0
Amul Ice-Cream Parlour,Geeta Colony,Ice Cream,1,200.0,INR,3.0,4,3.275,India,New Delhi,0,0
Bunty Dhaba,Geeta Colony,"North Indian, Chinese",2,500.0,INR,2.8,8,3.229,India,New Delhi,0,0
Chawla's,Geeta Colony,"North Indian, Mughlai, Chinese",2,800.0,INR,3.3,50,3.299,India,New Delhi,0,0
China Town,Geeta Colony,Chinese,1,150.0,INR,3.0,8,3.256,India,New Delhi,0,0
Chinese Inn,Geeta Colony,"Chinese, South Indian",2,500.0,INR,2.8,28,3.119,India,New Delhi,0,0
Grub Street,Geeta Colony,Fast Food,1,350.0,INR,3.4,31,3.337,India,New Delhi,0,0
Guru Kripa,Geeta Colony,North Indian,1,200.0,INR,3.0,4,3.275,India,New Delhi,0,0
Himcream,Geeta Colony,"Ice Cream, Fast Food, Beverages",1,300.0,INR,3.3,17,3.298,India,New Delhi,0,0
Kashish Restaurant & Caterers,Geeta Colony,"North Indian, South Indian, Chinese, Fast Food",2,550.0,INR,2.8,8,3.229,India,New Delhi,0,0
Punjabi's Veg Grill,Geeta Colony,North Indian,1,350.0,INR,3.2,8,3.284,India,New Delhi,0,0
Rahul Meat Corner,Geeta Colony,Mughlai,1,300.0,INR,3.1,6,3.276,India,New Delhi,0,0
Ramesh Vaishno Dhaba,Geeta Colony,North Indian,2,500.0,INR,2.7,17,3.146,India,New Delhi,0,0
The Chinese Hut,Geeta Colony,Chinese,1,300.0,INR,2.8,50,3.049,India,New Delhi,0,0
Nagpal Di Hatti,Geeta Colony,"North Indian, Street Food",1,200.0,INR,3.5,29,3.372,India,New Delhi,0,0
Ramesh Vaishno Dhaba,Geeta Colony,North Indian,2,500.0,INR,3.5,31,3.375,India,New Delhi,0,0
Barbeque Nation,"Ginger Hotel, Vivek Vihar","North Indian, Chinese",3,1600.0,INR,4.0,756,3.956,India,New Delhi,0,0
Burger King,"Gourmet Hub, Pashim Vihar","Burger, Fast Food",2,500.0,INR,3.4,33,3.338,India,New Delhi,0,1
BED,Greater Kailash (GK) 1,"European, Sushi, Italian",4,2700.0,INR,3.0,9,3.252,India,New Delhi,1,0
Cafe Coffee Day - The Lounge,Greater Kailash (GK) 1,Cafe,2,750.0,INR,2.6,70,2.891,India,New Delhi,0,0
Hunger Strike,Greater Kailash (GK) 1,Fast Food,1,300.0,INR,3.3,70,3.299,India,New Delhi,0,1
Karim's,Greater Kailash (GK) 1,"Mughlai, North Indian",3,1000.0,INR,3.3,75,3.299,India,New Delhi,1,1
Nescafe,Greater Kailash (GK) 1,"Fast Food, Beverages",1,200.0,INR,3.4,36,3.34,India,New Delhi,0,0
New Bengal Sweets,Greater Kailash (GK) 1,"Chinese, South Indian, Fast Food",1,250.0,INR,3.1,26,3.23,India,New Delhi,0,0
Red Wok,Greater Kailash (GK) 1,"Chinese, Thai",2,800.0,INR,3.3,146,3.299,India,New Delhi,0,1
Room Service,Greater Kailash (GK) 1,"North Indian, Fast Food, Continental",3,1000.0,INR,3.4,246,3.383,India,New Delhi,0,0
Samavar,Greater Kailash (GK) 1,"Kashmiri, Chinese, Mughlai",2,800.0,INR,3.3,89,3.299,India,New Delhi,1,1
Subway,Greater Kailash (GK) 1,"American, Fast Food, Salad, Healthy Food",2,500.0,INR,2.5,115,2.742,India,New Delhi,0,1
The Cocktail House,Greater Kailash (GK) 1,"North Indian, Continental",4,2000.0,INR,3.4,58,3.352,India,New Delhi,1,0
The Food Junction,Greater Kailash (GK) 1,"Chinese, Healthy Food",1,350.0,INR,2.8,78,2.994,India,New Delhi,0,1
The Kathis,Greater Kailash (GK) 1,Fast Food,1,300.0,INR,3.0,67,3.127,India,New Delhi,0,1
The Munchbox,Greater Kailash (GK) 1,"North Indian, Continental, Fast Food",2,850.0,INR,3.4,199,3.379,India,New Delhi,0,1
The Sugar Story,Greater Kailash (GK) 1,"Bakery, Desserts",1,400.0,INR,3.3,19,3.298,India,New Delhi,0,0
Owl is Well,Greater Kailash (GK) 1,"Burger, American, Fast Food, Italian, Pizza",3,1000.0,INR,4.5,162,4.216,India,New Delhi,0,1
A Piece of Paris,Greater Kailash (GK) 1,"Desserts, Bakery",2,600.0,INR,3.6,38,3.428,India,New Delhi,0,0
Baking Bad,Greater Kailash (GK) 1,"Pizza, Italian",3,1000.0,INR,3.8,697,3.766,India,New Delhi,0,1
Baskin Robbins,Greater Kailash (GK) 1,Ice Cream,1,300.0,INR,3.6,56,3.457,India,New Delhi,0,1
Bliss Bakery,Greater Kailash (GK) 1,"Bakery, Desserts",2,500.0,INR,3.8,51,3.551,India,New Delhi,0,1
Bread & More,Greater Kailash (GK) 1,"Bakery, Desserts, Fast Food",2,500.0,INR,3.7,130,3.588,India,New Delhi,0,1
Bun Intended,Greater Kailash (GK) 1,"Burger, American, Fast Food",2,850.0,INR,3.9,349,3.824,India,New Delhi,0,1
Cafe Culture,Greater Kailash (GK) 1,Cafe,3,1000.0,INR,3.8,50,3.549,India,New Delhi,0,0
Cafe Diva,Greater Kailash (GK) 1,"European, Italian",4,2200.0,INR,3.9,347,3.824,India,New Delhi,1,1
Cafe Turtle,Greater Kailash (GK) 1,"Cafe, Italian, Lebanese",3,1000.0,INR,3.5,251,3.466,India,New Delhi,0,0
Caf Healthilicious,Greater Kailash (GK) 1,"Healthy Food, Continental",1,400.0,INR,3.5,24,3.363,India,New Delhi,0,1
Captain Grub,Greater Kailash (GK) 1,"American, Fast Food",3,1000.0,INR,3.7,263,3.636,India,New Delhi,0,1
Cocoberry,Greater Kailash (GK) 1,Desserts,1,300.0,INR,3.9,155,3.753,India,New Delhi,0,1
Ding Ding,Greater Kailash (GK) 1,Chinese,2,600.0,INR,3.9,93,3.689,India,New Delhi,0,1
D_ner Grill,Greater Kailash (GK) 1,"Fast Food, Turkish",2,900.0,INR,3.7,323,3.646,India,New Delhi,0,1
Elation,Greater Kailash (GK) 1,"North Indian, Continental, Italian, Finger Food",3,1500.0,INR,3.8,227,3.709,India,New Delhi,1,1
Fluffles - The Fluffy Waffle Co.,Greater Kailash (GK) 1,Desserts,1,300.0,INR,3.5,27,3.368,India,New Delhi,0,1
For the Love of Cake,Greater Kailash (GK) 1,"Bakery, Desserts",1,400.0,INR,3.8,116,3.649,India,New Delhi,0,0
Gatsby Kitchen & Bar by Club BW,Greater Kailash (GK) 1,"Continental, North Indian",4,2100.0,INR,3.5,22,3.359,India,New Delhi,1,0
Grills & Platters,Greater Kailash (GK) 1,"North Indian, Continental",3,1600.0,INR,3.5,150,3.449,India,New Delhi,1,0
Hungry Pistals,Greater Kailash (GK) 1,"Fast Food, American, Italian",2,700.0,INR,3.7,108,3.573,India,New Delhi,0,1
Jon's head Grill,Greater Kailash (GK) 1,"Mexican, Italian, American",3,1100.0,INR,3.9,105,3.706,India,New Delhi,0,1
Kebabs & Curries,Greater Kailash (GK) 1,"North Indian, Mughlai",2,600.0,INR,3.7,227,3.627,India,New Delhi,0,1
Londoners,Greater Kailash (GK) 1,"British, Chinese, Italian",3,1700.0,INR,3.8,244,3.715,India,New Delhi,1,1
Mad Over Donuts,Greater Kailash (GK) 1,Desserts,1,450.0,INR,3.8,187,3.694,India,New Delhi,0,1
New Minar,Greater Kailash (GK) 1,"North Indian, Mughlai",3,1250.0,INR,3.6,229,3.546,India,New Delhi,1,0
Prince Chaat Corner,Greater Kailash (GK) 1,Street Food,1,250.0,INR,3.7,84,3.55,India,New Delhi,0,0
Side Wok,Greater Kailash (GK) 1,"Burmese, Chinese, Japanese, Malaysian, Thai",4,2000.0,INR,3.8,223,3.708,India,New Delhi,1,1
Starbucks,Greater Kailash (GK) 1,Cafe,2,700.0,INR,3.5,187,3.457,India,New Delhi,0,0
Thai House by Kylin,Greater Kailash (GK) 1,Thai,3,1800.0,INR,3.8,54,3.558,India,New Delhi,1,1
The Chocolate Haven,Greater Kailash (GK) 1,"Bakery, Desserts",1,250.0,INR,3.6,76,3.48,India,New Delhi,0,0
The Laidback Cafe,Greater Kailash (GK) 1,"Continental, North Indian, Asian",4,2000.0,INR,3.8,85,3.614,India,New Delhi,0,0
Tibb's Frankie,Greater Kailash (GK) 1,Fast Food,1,200.0,INR,3.6,66,3.47,India,New Delhi,0,0
Tirupati Vrindavan,Greater Kailash (GK) 1,South Indian,2,500.0,INR,3.7,53,3.505,India,New Delhi,0,0
Wagh Bakri Tea Lounge,Greater Kailash (GK) 1,Cafe,1,400.0,INR,3.7,48,3.495,India,New Delhi,0,0
Depot48,Greater Kailash (GK) 1,"American, Mexican, Finger Food",3,1800.0,INR,4.2,107,3.913,India,New Delhi,1,1
Dezertfox,Greater Kailash (GK) 1,"Bakery, Desserts",2,550.0,INR,4.1,160,3.909,India,New Delhi,0,1
Druk,Greater Kailash (GK) 1,"Continental, Chinese, Thai",3,1000.0,INR,4.1,22,3.543,India,New Delhi,1,0
Gastronomica Kitchen & Bar,Greater Kailash (GK) 1,"European, Asian, North Indian, Italian, Continental, Pizza",3,1400.0,INR,4.1,826,4.054,India,New Delhi,1,1
Karate Kitchen,Greater Kailash (GK) 1,"Asian, Chinese, Thai",2,950.0,INR,4.4,42,3.801,India,New Delhi,0,1
Nimtho,Greater Kailash (GK) 1,Nepalese,2,750.0,INR,4.0,62,3.686,India,New Delhi,0,1
Noshi - Yum Asian Delivery,Greater Kailash (GK) 1,"Chinese, Thai, Japanese",3,1000.0,INR,4.2,111,3.92,India,New Delhi,0,1
Nutri Punch,Greater Kailash (GK) 1,Healthy Food,2,600.0,INR,4.0,158,3.831,India,New Delhi,0,0
Pho King Awesome,Greater Kailash (GK) 1,Asian,2,850.0,INR,4.1,253,3.968,India,New Delhi,0,1
Roadhouse Cafe,Greater Kailash (GK) 1,"Continental, Italian",3,1400.0,INR,4.1,68,3.76,India,New Delhi,1,1
Sakley's The Mountain Cafe,Greater Kailash (GK) 1,"Cafe, Italian, Continental, Fast Food",3,1900.0,INR,4.3,1327,4.264,India,New Delhi,0,0
Shikhara,Greater Kailash (GK) 1,"North Indian, Mughlai",2,800.0,INR,4.2,237,4.043,India,New Delhi,0,1
Sinyora's,Greater Kailash (GK) 1,Italian,2,500.0,INR,4.0,51,3.652,India,New Delhi,0,1
Stop My Starvation,Greater Kailash (GK) 1,"Desserts, Fast Food",1,450.0,INR,4.3,83,3.923,India,New Delhi,0,1
The Grill Kitchen - Gourmet,Greater Kailash (GK) 1,"North Indian, Continental",2,800.0,INR,4.1,81,3.794,India,New Delhi,0,1
The Sugar Cube,Greater Kailash (GK) 1,"Bakery, Desserts",2,500.0,INR,4.1,173,3.92,India,New Delhi,0,0
A Lot Like Cake,Greater Kailash (GK) 2,"Bakery, Desserts",1,350.0,INR,3.1,7,3.273,India,New Delhi,0,0
A W Foods,Greater Kailash (GK) 2,North Indian,2,500.0,INR,3.4,44,3.345,India,New Delhi,0,0
Angels in my Kitchen,Greater Kailash (GK) 2,"Bakery, Desserts, Fast Food",1,350.0,INR,2.9,77,3.056,India,New Delhi,0,1
Brown Sugar,Greater Kailash (GK) 2,"Cafe, Fast Food, Continental",3,1000.0,INR,3.2,12,3.279,India,New Delhi,0,1
Cakes and Bakes,Greater Kailash (GK) 2,"Bakery, Fast Food",1,300.0,INR,3.2,9,3.283,India,New Delhi,0,0
CDB Cafe,Greater Kailash (GK) 2,"North Indian, Chinese, Continental, Italian",3,1800.0,INR,3.4,35,3.34,India,New Delhi,1,0
Chungwa,Greater Kailash (GK) 2,"Chinese, Thai, Seafood",3,1100.0,INR,3.3,489,3.3,India,New Delhi,1,1
Domino's Pizza,Greater Kailash (GK) 2,"Pizza, Fast Food",2,700.0,INR,3.2,138,3.226,India,New Delhi,0,0
Fudged,Greater Kailash (GK) 2,"Desserts, Bakery",1,400.0,INR,3.0,17,3.222,India,New Delhi,0,0
Gopala,Greater Kailash (GK) 2,"Mithai, Street Food",1,250.0,INR,3.2,12,3.279,India,New Delhi,0,0
Gourmet Affaire's,Greater Kailash (GK) 2,"Bakery, Desserts, Ice Cream",1,300.0,INR,3.4,66,3.356,India,New Delhi,0,1
Hot N Chilly,Greater Kailash (GK) 2,North Indian,1,300.0,INR,2.8,14,3.189,India,New Delhi,0,0
Kabooze,Greater Kailash (GK) 2,"North Indian, Chinese, Continental",3,1900.0,INR,3.3,148,3.299,India,New Delhi,1,1
Koyla Kebab,Greater Kailash (GK) 2,"North Indian, Mughlai",2,650.0,INR,3.1,99,3.166,India,New Delhi,0,1
LaBont,Greater Kailash (GK) 2,Bakery,2,500.0,INR,3.4,17,3.323,India,New Delhi,0,0
MR.D - Deliciousness Delivered,Greater Kailash (GK) 2,"North Indian, Italian, Chinese",2,700.0,INR,3.3,148,3.299,India,New Delhi,0,1
Panda Wokk,Greater Kailash (GK) 2,"Chinese, Thai",2,950.0,INR,3.4,77,3.36,India,New Delhi,1,1
Relax Xpress,Greater Kailash (GK) 2,"North Indian, Mughlai, Chinese",2,650.0,INR,3.2,25,3.265,India,New Delhi,0,1
Rollplay,Greater Kailash (GK) 2,Fast Food,1,300.0,INR,2.9,7,3.249,India,New Delhi,0,1
Sagar Ratna,Greater Kailash (GK) 2,"South Indian, North Indian",2,700.0,INR,2.7,134,2.862,India,New Delhi,0,1
Spanish Delights,Greater Kailash (GK) 2,Ice Cream,1,200.0,INR,3.1,10,3.264,India,New Delhi,0,0
Subway,Greater Kailash (GK) 2,"American, Fast Food, Salad, Healthy Food",2,500.0,INR,3.3,96,3.299,India,New Delhi,0,0
The Beer Cafe,Greater Kailash (GK) 2,"Finger Food, North Indian, Italian",3,1250.0,INR,3.4,90,3.363,India,New Delhi,1,0
Tashan,Greater Kailash (GK) 2,Modern Indian,4,2000.0,INR,4.6,304,4.416,India,New Delhi,1,0
Amalfi,Greater Kailash (GK) 2,Italian,3,1800.0,INR,3.9,484,3.844,India,New Delhi,1,0
Backkerei,Greater Kailash (GK) 2,"Bakery, Desserts",1,400.0,INR,3.6,67,3.471,India,New Delhi,0,0
Beeryani,Greater Kailash (GK) 2,"North Indian, Biryani",2,700.0,INR,3.8,136,3.665,India,New Delhi,0,1
Beijing Street,Greater Kailash (GK) 2,"Chinese, Thai, Fast Food",2,650.0,INR,3.6,120,3.511,India,New Delhi,0,1
Bikanervala,Greater Kailash (GK) 2,"North Indian, South Indian, Fast Food, Street Food, Chinese, Beverages, Desserts, Mithai",2,550.0,INR,3.5,272,3.469,India,New Delhi,0,1
Chaayos,Greater Kailash (GK) 2,"Cafe, Tea",1,400.0,INR,3.8,68,3.587,India,New Delhi,0,1
China Garden,Greater Kailash (GK) 2,Chinese,3,1800.0,INR,3.8,663,3.765,India,New Delhi,1,0
Chocolateria San Churro,Greater Kailash (GK) 2,"Bakery, Desserts, Fast Food",3,1000.0,INR,3.8,594,3.761,India,New Delhi,1,1
Cocoberry,Greater Kailash (GK) 2,Desserts,1,300.0,INR,3.5,66,3.413,India,New Delhi,0,1
Costa Coffee,Greater Kailash (GK) 2,Cafe,2,600.0,INR,3.5,103,3.434,India,New Delhi,0,0
Country Curries,Greater Kailash (GK) 2,"North Indian, Bengali",2,800.0,INR,3.5,139,3.446,India,New Delhi,0,1
Culinaire,Greater Kailash (GK) 2,"Chinese, Thai",3,1000.0,INR,3.8,843,3.772,India,New Delhi,0,1
Defence Bakery,Greater Kailash (GK) 2,"Bakery, Fast Food",1,400.0,INR,3.6,113,3.507,India,New Delhi,0,1
Diva - The Italian Restaurant,Greater Kailash (GK) 2,Italian,4,2500.0,INR,3.8,372,3.74,India,New Delhi,1,1
Fig & Maple,Greater Kailash (GK) 2,"Continental, Italian",3,1650.0,INR,3.8,42,3.527,India,New Delhi,1,0
Fitoor,Greater Kailash (GK) 2,"American, Italian, Mughlai, North Indian",3,1350.0,INR,3.5,140,3.447,India,New Delhi,1,0
Giani's,Greater Kailash (GK) 2,"Ice Cream, Desserts",1,400.0,INR,3.6,173,3.532,India,New Delhi,0,1
Happy Hakka,Greater Kailash (GK) 2,"Chinese, Asian, Thai",2,650.0,INR,3.8,312,3.731,India,New Delhi,0,1
Mainland China,Greater Kailash (GK) 2,Chinese,3,1800.0,INR,3.7,780,3.676,India,New Delhi,1,1
Mini Mughal,Greater Kailash (GK) 2,"North Indian, Mughlai",3,1200.0,INR,3.5,256,3.467,India,New Delhi,1,0
Movenpick,Greater Kailash (GK) 2,"Ice Cream, Desserts",2,650.0,INR,3.9,27,3.509,India,New Delhi,0,1
New York Slice - Express,Greater Kailash (GK) 2,"Pizza, Fast Food",2,800.0,INR,3.6,160,3.528,India,New Delhi,0,1
Nirula's Ice Cream,Greater Kailash (GK) 2,"Desserts, Ice Cream",1,250.0,INR,3.6,36,3.424,India,New Delhi,0,1
Not Just Paranthas,Greater Kailash (GK) 2,North Indian,3,1100.0,INR,3.7,487,3.663,India,New Delhi,1,1
Nutritious Nation,Greater Kailash (GK) 2,"Healthy Food, Continental, Juices, Salad",2,900.0,INR,3.5,352,3.475,India,New Delhi,0,1
Open Oven,Greater Kailash (GK) 2,"Bakery, Desserts, Fast Food",1,250.0,INR,3.7,290,3.641,India,New Delhi,0,1
Starbucks,Greater Kailash (GK) 2,Cafe,2,700.0,INR,3.5,132,3.444,India,New Delhi,0,0
Swagath,Greater Kailash (GK) 2,"North Indian, Chinese, South Indian, Seafood, Chettinad",3,1500.0,INR,3.5,198,3.459,India,New Delhi,1,0
The Health Box,Greater Kailash (GK) 2,Healthy Food,2,600.0,INR,3.5,124,3.442,India,New Delhi,0,1
Twisted Tacos,Greater Kailash (GK) 2,Mexican,2,650.0,INR,3.8,173,3.687,India,New Delhi,0,1
Uber Lounge,Greater Kailash (GK) 2,"Continental, North Indian, Italian",4,2200.0,INR,3.6,430,3.568,India,New Delhi,1,1
Yeti - The Himalayan Kitchen,Greater Kailash (GK) 2,"Tibetan, Nepalese",3,1300.0,INR,3.7,807,3.677,India,New Delhi,0,0
Zai,Greater Kailash (GK) 2,"North Indian, Continental, Chinese",3,1550.0,INR,3.8,302,3.729,India,New Delhi,1,1
Al Bake,Greater Kailash (GK) 2,"Lebanese, Chinese, Fast Food",1,300.0,INR,2.4,30,2.961,India,New Delhi,0,0
Artusi Ristorante e Bar,Greater Kailash (GK) 2,Italian,4,3000.0,INR,4.1,496,4.027,India,New Delhi,1,0
Baris,Greater Kailash (GK) 2,"Turkish, Mediterranean, Middle Eastern",4,2000.0,INR,4.3,43,3.761,India,New Delhi,1,0
Carnatic Cafe,Greater Kailash (GK) 2,South Indian,2,550.0,INR,4.4,400,4.277,India,New Delhi,0,0
Chhalava - __Lava,Greater Kailash (GK) 2,"North Indian, Italian, Continental",3,1200.0,INR,4.4,80,3.976,India,New Delhi,1,0
Dilli BC,Greater Kailash (GK) 2,"North Indian, Mughlai",2,700.0,INR,4.1,267,3.973,India,New Delhi,0,1
Sumo Sushi,Greater Kailash (GK) 2,Sushi,3,1000.0,INR,4.0,70,3.707,India,New Delhi,0,1
The Heroes Bistro & Bar,Greater Kailash (GK) 2,Continental,2,900.0,INR,4.0,47,3.638,India,New Delhi,1,0
Whipped,Greater Kailash (GK) 2,"Bakery, Desserts",2,550.0,INR,4.2,1125,4.162,India,New Delhi,0,1
Cafe Coffee Day,Greater Kailash (GK) 3,Cafe,1,450.0,INR,3.2,33,3.259,India,New Delhi,0,0
Paparazzi,Greater Kailash (GK) 3,"Continental, North Indian, Asian",3,1900.0,INR,3.2,7,3.285,India,New Delhi,1,0
Chehel Pehel,Greater Kailash (GK) 3,"North Indian, Mughlai",2,700.0,INR,3.5,159,3.452,India,New Delhi,0,1
Cress Bistro,Greater Kailash (GK) 3,"North Indian, Mediterranean, Continental",3,1200.0,INR,3.6,131,3.516,India,New Delhi,1,1
Frosted Heaven,Greater Kailash (GK) 3,"Bakery, Desserts",1,300.0,INR,3.6,46,3.442,India,New Delhi,0,0
Baskin Robbins,Green Park,Ice Cream,1,300.0,INR,2.9,9,3.237,India,New Delhi,0,1
Behrouz Biryani,Green Park,Biryani,2,600.0,INR,3.2,51,3.248,India,New Delhi,0,1
Cafe Coffee Day,Green Park,Cafe,1,450.0,INR,3.0,4,3.275,India,New Delhi,0,0
Cakeatouille,Green Park,"Bakery, Desserts",2,800.0,INR,3.3,15,3.298,India,New Delhi,0,0
Chilli Singh,Green Park,"Chinese, Thai, Seafood",2,800.0,INR,3.1,7,3.273,India,New Delhi,1,1
Da Pizza Corner,Green Park,Pizza,2,600.0,INR,2.9,4,3.268,India,New Delhi,0,0
Domino's Pizza,Green Park,"Pizza, Fast Food",2,700.0,INR,2.5,238,2.638,India,New Delhi,0,0
Faasos,Green Park,"North Indian, Fast Food",2,600.0,INR,2.8,13,3.195,India,New Delhi,0,1
Gupta Ji Ka Dhaba,Green Park,North Indian,1,300.0,INR,2.6,49,2.952,India,New Delhi,0,1
Karim's,Green Park,"Mughlai, North Indian",2,750.0,INR,3.3,235,3.3,India,New Delhi,1,1
Let's Tango,Green Park,"North Indian, Fast Food",1,400.0,INR,3.0,5,3.27,India,New Delhi,0,0
Madras Cafe,Green Park,South Indian,1,300.0,INR,2.5,191,2.665,India,New Delhi,0,0
Nachos And Company,Green Park,Mexican,2,700.0,INR,3.4,14,3.32,India,New Delhi,0,0
Ovenstory Pizza,Green Park,"Pizza, Fast Food",2,500.0,INR,3.3,6,3.298,India,New Delhi,0,1
Pizza Hut,Green Park,"Italian, Pizza, Fast Food",3,1000.0,INR,3.3,276,3.3,India,New Delhi,0,1
Red Chilli,Green Park,"North Indian, Chinese",3,1500.0,INR,3.1,104,3.164,India,New Delhi,1,1
The Groghead,Green Park,"Italian, North Indian",3,1700.0,INR,3.4,267,3.384,India,New Delhi,1,0
The Tandoor,Green Park,"North Indian, Mughlai",2,600.0,INR,3.4,121,3.37,India,New Delhi,0,1
Twenty Ten - Ashtan Sarovar Portico,Green Park,"North Indian, Continental, Chinese",3,1000.0,INR,3.3,23,3.298,India,New Delhi,1,0
Adyar Ananda Bhavan,Green Park,"South Indian, North Indian, Street Food, Chinese, Mithai",2,500.0,INR,3.5,368,3.476,India,New Delhi,0,1
Baked Love By Vatsala,Green Park,"Bakery, Desserts",2,720.0,INR,3.6,38,3.428,India,New Delhi,0,0
Drums of Heaven,Green Park,"Chinese, Seafood, Thai",3,1800.0,INR,3.5,234,3.464,India,New Delhi,1,1
Dunkin' Donuts,Green Park,"Burger, Desserts, Fast Food",2,600.0,INR,3.7,431,3.658,India,New Delhi,0,1
Evergreen Sweet House,Green Park,"South Indian, North Indian, Chinese, Fast Food, Street Food, Mithai",1,450.0,INR,3.5,1198,3.492,India,New Delhi,0,0
Gung The Palace,Green Park,Korean,4,2500.0,INR,3.7,303,3.643,India,New Delhi,1,0
Keventers,Green Park,Beverages,1,250.0,INR,3.5,16,3.347,India,New Delhi,0,0
La Seine -The Chocolate Emporium,Green Park,"Bakery, Desserts, Fast Food",1,300.0,INR,3.8,25,3.465,India,New Delhi,0,1
Nagaland's Kitchen,Green Park,"Chinese, Thai, Seafood, Naga",3,1200.0,INR,3.8,556,3.759,India,New Delhi,1,0
Pasta La Vista,Green Park,Cafe,2,600.0,INR,3.8,95,3.627,India,New Delhi,0,1
Tamura,Green Park,Japanese,3,1500.0,INR,3.5,163,3.452,India,New Delhi,1,0
The Chai Story,Green Park,Cafe,1,300.0,INR,3.6,42,3.436,India,New Delhi,0,0
The Clay Oven,Green Park,"North Indian, Mughlai, Chinese",3,1200.0,INR,3.5,181,3.456,India,New Delhi,1,1
Hot n Hot,Green Park,"Chinese, Fast Food",1,450.0,INR,2.4,23,3.015,India,New Delhi,0,0
Feng Shuii,Green Park,"Thai, Chinese",3,1200.0,INR,4.3,31,3.681,India,New Delhi,1,1
Bikaner Sweets,GTB Nagar,"Mithai, Street Food, Fast Food",1,250.0,INR,2.8,10,3.214,India,New Delhi,0,0
Coalition Cafe,GTB Nagar,Cafe,2,800.0,INR,3.4,34,3.339,India,New Delhi,0,0
Keventers,GTB Nagar,Beverages,1,400.0,INR,3.0,5,3.27,India,New Delhi,0,0
Mid Night Khana,GTB Nagar,"North Indian, Fast Food",1,400.0,INR,3.3,30,3.298,India,New Delhi,0,1
Ministry of Cafe,GTB Nagar,"North Indian, Chinese, Continental, Italian",3,1000.0,INR,3.3,79,3.299,India,New Delhi,1,1
Officer's Kitchen,GTB Nagar,"North Indian, Chinese",1,300.0,INR,3.3,27,3.298,India,New Delhi,0,0
Oh Boy Lounge,GTB Nagar,"North Indian, Chinese, Continental",3,1000.0,INR,3.1,5,3.279,India,New Delhi,0,0
Sahni's Fish Corner,GTB Nagar,North Indian,1,450.0,INR,3.0,6,3.266,India,New Delhi,0,0
Sardar A Pure Meat Shop,GTB Nagar,"Raw Meats, Fast Food, North Indian",1,150.0,INR,2.9,5,3.261,India,New Delhi,0,0
Singh Mutton & Chicken Shop,GTB Nagar,"Raw Meats, Fast Food",1,300.0,INR,3.0,4,3.275,India,New Delhi,0,0
The Mashup,GTB Nagar,Fast Food,3,1100.0,INR,3.2,12,3.279,India,New Delhi,0,0
Vaishnu Bhojanalaya,GTB Nagar,North Indian,1,150.0,INR,3.1,13,3.257,India,New Delhi,0,0
Central Perk,GTB Nagar,"Cafe, Chinese, Italian",2,500.0,INR,3.8,82,3.61,India,New Delhi,0,1
Diet Dabba,GTB Nagar,"Healthy Food, Juices, Salad",1,250.0,INR,3.7,37,3.469,India,New Delhi,0,1
Mama's Buoi,GTB Nagar,"North Indian, Continental, Italian",3,1000.0,INR,3.9,373,3.829,India,New Delhi,1,0
New Vikrant Restaurant,GTB Nagar,"North Indian, Mughlai, Chinese",2,550.0,INR,3.5,90,3.428,India,New Delhi,0,0
The Vintage Avenue,GTB Nagar,"North Indian, Chinese, Continental, Italian",2,800.0,INR,3.9,1439,3.88,India,New Delhi,1,1
Big Yellow Door,GTB Nagar,"Cafe, Fast Food, Italian",2,600.0,INR,4.3,214,4.11,India,New Delhi,0,0
Amritsar Juction,Gujranwala Town,"North Indian, Chinese",1,450.0,INR,3.1,13,3.257,India,New Delhi,0,0
Bawarchi,Gujranwala Town,"North Indian, Chinese",1,450.0,INR,3.3,32,3.298,India,New Delhi,0,0
Bawarchi,Gujranwala Town,"North Indian, Mughlai",2,600.0,INR,3.3,35,3.298,India,New Delhi,0,0
Bhogalji Bikaner Sweets,Gujranwala Town,Mithai,1,100.0,INR,2.9,6,3.255,India,New Delhi,0,0
Bikanervala,Gujranwala Town,"Mithai, Street Food, North Indian, South Indian, Chinese, Fast Food, Beverages",2,550.0,INR,3.2,63,3.243,India,New Delhi,0,0
Changezi Chicken,Gujranwala Town,"North Indian, Mughlai",2,650.0,INR,3.1,42,3.207,India,New Delhi,0,1
Giani's,Gujranwala Town,"Ice Cream, Desserts",1,400.0,INR,3.4,30,3.336,India,New Delhi,0,0
Gola Northend,Gujranwala Town,"Mughlai, North Indian, Chinese",3,1300.0,INR,3.1,155,3.148,India,New Delhi,1,0
Kay's Chik-In,Gujranwala Town,North Indian,2,650.0,INR,2.6,7,3.212,India,New Delhi,0,0
Mr. Lobo,Gujranwala Town,"Chinese, Fast Food",1,400.0,INR,3.0,4,3.275,India,New Delhi,0,0
Nut Khut Rasoi,Gujranwala Town,Chinese,1,300.0,INR,3.4,30,3.336,India,New Delhi,0,0
Purani Delhi 6,Gujranwala Town,"North Indian, Mughlai",1,400.0,INR,3.0,4,3.275,India,New Delhi,0,0
Raahgiri,Gujranwala Town,"North Indian, Chinese",1,400.0,INR,3.2,10,3.281,India,New Delhi,0,0
Singh Dhaba,Gujranwala Town,North Indian,2,600.0,INR,3.0,4,3.275,India,New Delhi,0,0
Sugar Boutique,Gujranwala Town,Bakery,1,300.0,INR,3.1,11,3.262,India,New Delhi,0,0
Zaika Amritsari,Gujranwala Town,North Indian,1,400.0,INR,3.0,11,3.244,India,New Delhi,0,0
Ashok Meat Wala,Gujranwala Town,Mughlai,2,500.0,INR,3.5,106,3.435,India,New Delhi,0,0
Baker's Stop,Gujranwala Town,"Bakery, Desserts, Fast Food",1,350.0,INR,3.8,170,3.686,India,New Delhi,0,0
Nut Khat Caterers,Gujranwala Town,"Fast Food, Street Food",1,300.0,INR,3.6,71,3.475,India,New Delhi,0,0
Penta Cafe,Gujranwala Town,"Fast Food, Italian",2,500.0,INR,3.6,24,3.396,India,New Delhi,0,0
Penta Cafeteria,Gujranwala Town,Fast Food,2,500.0,INR,3.6,95,3.496,India,New Delhi,0,0
Railway Yard,Gujranwala Town,"North Indian, Chinese, Continental",1,300.0,INR,3.8,35,3.504,India,New Delhi,0,0
Roti Aur Boti,Gujranwala Town,Fast Food,1,100.0,INR,3.5,18,3.351,India,New Delhi,0,0
Sahni Fish Corner,Gujranwala Town,Mughlai,1,300.0,INR,3.5,32,3.376,India,New Delhi,0,0
34 Parkstreet Lane,Hauz Khas,Fast Food,1,250.0,INR,3.2,27,3.263,India,New Delhi,0,0
Al Forno by Aishwarya,Hauz Khas,"Bakery, Desserts",2,800.0,INR,3.4,17,3.323,India,New Delhi,0,0
Bakingo,Hauz Khas,Bakery,1,300.0,INR,2.7,11,3.19,India,New Delhi,0,1
Bandstand,Hauz Khas,"European, Continental",3,1700.0,INR,3.3,339,3.3,India,New Delhi,1,0
Big Fat Sandwich,Hauz Khas,American,2,800.0,INR,2.9,21,3.18,India,New Delhi,0,0
Blue Tokai Coffee Roasters,Hauz Khas,Cafe,1,350.0,INR,3.3,10,3.298,India,New Delhi,0,0
Cafe Coffee Day - The Lounge,Hauz Khas,Cafe,2,750.0,INR,2.6,76,2.877,India,New Delhi,0,0
Cakes & Bakes,Hauz Khas,"Bakery, Fast Food",1,250.0,INR,2.9,6,3.255,India,New Delhi,0,0
Captain Grub,Hauz Khas,"American, Fast Food",3,1000.0,INR,3.3,61,3.299,India,New Delhi,0,1
Chaat Corner,Hauz Khas,Street Food,1,100.0,INR,3.2,12,3.279,India,New Delhi,0,0
Cosy Restaurant,Hauz Khas,"North Indian, Mughlai, Chinese",3,1100.0,INR,3.4,195,3.379,India,New Delhi,1,1
Food Refill,Hauz Khas,Chinese,1,300.0,INR,3.1,23,3.235,India,New Delhi,0,1
Ganesh Anna South Indian Food Corner,Hauz Khas,South Indian,1,150.0,INR,3.0,8,3.256,India,New Delhi,0,0
Giani,Hauz Khas,"Ice Cream, Desserts",1,400.0,INR,3.3,65,3.299,India,New Delhi,0,1
Gravies,Hauz Khas,"North Indian, Biryani, Mughlai",2,700.0,INR,3.3,157,3.299,India,New Delhi,0,1
Green Chick Chop,Hauz Khas,"Raw Meats, North Indian, Fast Food",1,350.0,INR,3.1,12,3.259,India,New Delhi,0,0
Grub Pub,Hauz Khas,Chinese,3,1000.0,INR,3.4,180,3.378,India,New Delhi,1,1
Handi Masala Restaurant,Hauz Khas,"North Indian, Chinese, Mughlai",2,500.0,INR,2.6,16,3.128,India,New Delhi,0,1
Himalaya Dhaba,Hauz Khas,North Indian,1,400.0,INR,2.6,21,3.091,India,New Delhi,0,0
Hot & Hot,Hauz Khas,"Chinese, Fast Food",1,350.0,INR,2.9,10,3.231,India,New Delhi,0,0
Hot Box,Hauz Khas,"North Indian, Continental, Fast Food",2,500.0,INR,2.6,114,2.813,India,New Delhi,0,1
Indrani's Kitchen,Hauz Khas,Bengali,2,800.0,INR,3.3,13,3.298,India,New Delhi,0,0
Kallu Hot Zaika,Hauz Khas,Mughlai,2,800.0,INR,2.9,8,3.243,India,New Delhi,0,1
Kathi Roll Corner 44,Hauz Khas,Fast Food,1,250.0,INR,3.1,4,3.283,India,New Delhi,0,1
Mama Dhaba,Hauz Khas,North Indian,1,150.0,INR,2.8,8,3.229,India,New Delhi,0,0
Miam,Hauz Khas,"Bakery, Desserts",2,800.0,INR,3.2,8,3.284,India,New Delhi,0,0
Momos House,Hauz Khas,Chinese,1,350.0,INR,3.3,32,3.298,India,New Delhi,0,1
Nirula's Ice Cream,Hauz Khas,"Ice Cream, Desserts",1,300.0,INR,2.9,9,3.237,India,New Delhi,0,1
Overdose,Hauz Khas,"North Indian, Mughlai, Chinese",2,600.0,INR,2.7,10,3.198,India,New Delhi,0,1
Punjabi Chaap Corner,Hauz Khas,North Indian,1,350.0,INR,2.8,21,3.15,India,New Delhi,0,0
Punjabi Tadka,Hauz Khas,"North Indian, Chinese",2,500.0,INR,3.1,21,3.239,India,New Delhi,0,1
Rapti Chinese Food,Hauz Khas,Chinese,2,500.0,INR,3.2,35,3.257,India,New Delhi,0,1
Riyaz Chicken Corner,Hauz Khas,"Biryani, North Indian",1,250.0,INR,3.4,74,3.359,India,New Delhi,0,0
Sharda Pastry Shop,Hauz Khas,"Bakery, Desserts, Fast Food",1,150.0,INR,2.8,25,3.132,India,New Delhi,0,0
Southy,Hauz Khas,South Indian,1,450.0,INR,3.1,175,3.144,India,New Delhi,0,1
Spicy,Hauz Khas,"North Indian, Chinese, Fast Food",2,500.0,INR,2.9,13,3.215,India,New Delhi,0,0
Subway,Hauz Khas,"American, Fast Food, Salad, Healthy Food",2,500.0,INR,2.8,87,2.982,India,New Delhi,0,1
The Foodie Cafe,Hauz Khas,"Chinese, Fast Food",1,250.0,INR,3.4,19,3.326,India,New Delhi,0,0
Uncle's Kabab Point,Hauz Khas,"Fast Food, North Indian",1,350.0,INR,3.4,59,3.353,India,New Delhi,0,1
Wimpy,Hauz Khas,"Fast Food, Burger",1,350.0,INR,2.6,220,2.729,India,New Delhi,0,0
Zaika,Hauz Khas,"North Indian, Mughlai, Chinese",1,350.0,INR,2.7,26,3.093,India,New Delhi,0,0
Natural Ice Cream,Hauz Khas,Ice Cream,1,150.0,INR,4.5,67,3.986,India,New Delhi,0,1
Cafe 6,Hauz Khas,"Cafe, Fast Food, North Indian",2,500.0,INR,3.9,406,3.834,India,New Delhi,0,1
Cafe Coffee Day,Hauz Khas,Cafe,1,450.0,INR,3.5,35,3.381,India,New Delhi,0,0
Dzukou Tribal Kitchen,Hauz Khas,Naga,3,1300.0,INR,3.8,145,3.671,India,New Delhi,1,1
Havmor Ice Cream,Hauz Khas,Ice Cream,1,200.0,INR,3.6,30,3.411,India,New Delhi,0,1
Lost in Frost,Hauz Khas,Bakery,2,600.0,INR,3.7,18,3.404,India,New Delhi,0,1
Pink Box,Hauz Khas,"Bakery, Desserts",1,300.0,INR,3.8,243,3.714,India,New Delhi,0,1
Potet,Hauz Khas,"Fast Food, Beverages",1,300.0,INR,3.7,23,3.424,India,New Delhi,0,0
Root'd,Hauz Khas,"Continental, Cafe",3,1000.0,INR,3.7,18,3.404,India,New Delhi,1,0
South Cafe,Hauz Khas,South Indian,1,350.0,INR,3.5,95,3.43,India,New Delhi,0,0
Sri Balaji,Hauz Khas,"South Indian, Chinese",1,300.0,INR,3.5,65,3.412,India,New Delhi,0,1
Thalaivar,Hauz Khas,"South Indian, Kerala",2,800.0,INR,3.8,49,3.546,India,New Delhi,0,1
The Junction,Hauz Khas,"North Indian, Continental, Asian, Italian",3,1200.0,INR,3.9,93,3.689,India,New Delhi,1,0
Cravity,Hauz Khas,"Desserts, Fast Food",1,350.0,INR,4.0,55,3.665,India,New Delhi,0,0
Little Saigon,Hauz Khas,Vietnamese,3,1000.0,INR,4.0,83,3.736,India,New Delhi,0,0
Summer House Cafe,Hauz Khas,"Italian, Continental",3,1850.0,INR,4.1,1823,4.079,India,New Delhi,1,0
Elf Cafe & Bar,Hauz Khas Village,"Italian, North Indian, Continental",3,1600.0,INR,3.3,704,3.3,India,New Delhi,1,0
Garage Inc.,Hauz Khas Village,"Continental, American, Italian",3,1900.0,INR,3.4,763,3.394,India,New Delhi,1,1
My Bar Grill,Hauz Khas Village,"North Indian, Italian, Continental, Chinese",3,1200.0,INR,3.3,1363,3.3,India,New Delhi,0,0
Wow! Momo,Hauz Khas Village,Chinese,1,350.0,INR,3.4,491,3.391,India,New Delhi,0,1
Coast Cafe,Hauz Khas Village,"Continental, Kerala",3,1400.0,INR,4.5,1033,4.444,India,New Delhi,1,1
Chaayos,Hauz Khas Village,"Cafe, Tea",1,400.0,INR,3.9,454,3.84,India,New Delhi,0,1
"Elma's Bakery, Bar, and Kitchen",Hauz Khas Village,"Continental, American, Italian, Bakery",3,1900.0,INR,3.9,1756,3.883,India,New Delhi,1,1
Fork You,Hauz Khas Village,"Continental, Asian, Italian, Mediterranean, Burger",3,1600.0,INR,3.8,1845,3.787,India,New Delhi,1,1
High5 Cafe & Bar,Hauz Khas Village,"American, Continental, North Indian, Chinese",3,1200.0,INR,3.7,379,3.653,India,New Delhi,1,0
Imperfecto,Hauz Khas Village,"Mediterranean, Italian, Continental, Spanish, North Indian",3,1800.0,INR,3.7,2247,3.691,India,New Delhi,1,0
Maison Des Desserts,Hauz Khas Village,"Cafe, Desserts",3,1200.0,INR,3.9,552,3.85,India,New Delhi,0,1
Maquina,Hauz Khas Village,"Continental, Tex-Mex",3,1800.0,INR,3.8,567,3.759,India,New Delhi,1,0
Masha,Hauz Khas Village,"North Indian, Chinese, Thai, Italian, Middle Eastern",3,1200.0,INR,3.5,384,3.477,India,New Delhi,1,1
Moonshine Cafe & Bar,Hauz Khas Village,"Continental, Italian",4,2400.0,INR,3.5,884,3.489,India,New Delhi,0,0
New York Slice,Hauz Khas Village,"Pizza, Fast Food",2,800.0,INR,3.7,489,3.663,India,New Delhi,0,1
Out Of The Box,Hauz Khas Village,"American, North Indian, European, Asian",3,1800.0,INR,3.7,3697,3.695,India,New Delhi,1,0
Raasta,Hauz Khas Village,"Continental, Italian",4,2000.0,INR,3.9,1878,3.884,India,New Delhi,1,1
Hauz Khas Social,Hauz Khas Village,"Continental, American, Asian, North Indian",3,1600.0,INR,4.3,7931,4.294,India,New Delhi,1,1
Kunzum Travel Cafe,Hauz Khas Village,Cafe,1,200.0,INR,4.2,542,4.124,India,New Delhi,0,0
Lord of the Drinks Meadow,Hauz Khas Village,"European, Chinese, North Indian, Italian",4,2200.0,INR,4.2,278,4.062,India,New Delhi,1,0
Matchbox,Hauz Khas Village,"American, British, Continental",3,1700.0,INR,4.0,969,3.966,India,New Delhi,1,1
Naivedyam,Hauz Khas Village,South Indian,2,500.0,INR,4.2,1627,4.173,India,New Delhi,0,1
Rang De Basanti Urban Dhaba,Hauz Khas Village,North Indian,3,1300.0,INR,4.4,541,4.307,India,New Delhi,1,1
Smoke House Deli,Hauz Khas Village,"European, Italian, Cafe",3,1600.0,INR,4.1,1199,4.068,India,New Delhi,1,1
Viva Deli - Holiday Inn,"Holiday Inn, Aerocity",Bakery,3,1000.0,INR,3.3,30,3.298,India,New Delhi,0,0
Cafe on 3 - Holiday Inn,"Holiday Inn, Mayur Vihar","Continental, Chinese, Thai, Mediterranean",4,2000.0,INR,3.4,174,3.377,India,New Delhi,1,0
The Kylin Experience - Holiday Inn,"Holiday Inn, Mayur Vihar","Japanese, Chinese, Asian, Thai",3,1800.0,INR,3.7,128,3.587,India,New Delhi,1,1
Thugs - Hotel Broadway,"Hotel Broadway, Daryaganj",Finger Food,3,1100.0,INR,3.4,72,3.358,India,New Delhi,0,0
Chor Bizarre - Hotel Broadway,"Hotel Broadway, Daryaganj","North Indian, Kashmiri, Chinese, Thai, Korean",4,2000.0,INR,3.9,295,3.813,India,New Delhi,1,0
Opium Bar - Hotel City Park,"Hotel City Park, Pitampura","Finger Food, North Indian, Chinese",4,2000.0,INR,2.8,19,3.16,India,New Delhi,1,0
Yellow Mirchi - Hotel City Park,"Hotel City Park, Pitampura",North Indian,4,2500.0,INR,3.9,259,3.802,India,New Delhi,1,0
Cafe Regent,"Hotel Regent Grand, Karol Bagh",Cafe,2,700.0,INR,3.0,7,3.261,India,New Delhi,0,0
Lutyen's - Hotel The Royal Plaza,"Hotel The Royal Plaza, Janpath","Continental, North Indian, Italian",4,3000.0,INR,3.3,95,3.299,India,New Delhi,1,0
Onyx Bar - Hotel The Royal Plaza,"Hotel The Royal Plaza, Janpath","Continental, Chinese, Japanese, North Indian, Thai",4,2500.0,INR,3.0,19,3.215,India,New Delhi,1,0
SKY Lounge Bar & Grill - Hotel The Royal Plaza,"Hotel The Royal Plaza, Janpath",Finger Food,4,2500.0,INR,3.4,265,3.384,India,New Delhi,1,0
Jasmine - Hotel The Royal Plaza,"Hotel The Royal Plaza, Janpath","Seafood, Chinese, Japanese, Sushi, Thai",4,4000.0,INR,3.7,44,3.486,India,New Delhi,1,0
Lord William Tea Lounge - Hotel The Royal Plaza,"Hotel The Royal Plaza, Janpath",Cafe,4,2500.0,INR,3.6,38,3.428,India,New Delhi,0,0
Royal Brewery Bistro,"Hotel The Royal Plaza, Janpath","Finger Food, Italian",4,2000.0,INR,3.5,14,3.342,India,New Delhi,1,0
Cafe - Hyatt Regency,"Hyatt Regency, Bhikaji Cama Place","Cafe, Continental, North Indian",4,3500.0,INR,3.6,261,3.551,India,New Delhi,1,0
La Piazza - Hyatt Regency,"Hyatt Regency, Bhikaji Cama Place",Italian,4,4500.0,INR,3.9,410,3.834,India,New Delhi,1,0
Polo Lounge - Hyatt Regency,"Hyatt Regency, Bhikaji Cama Place",Finger Food,4,2500.0,INR,3.6,49,3.447,India,New Delhi,1,0
Sidewalk - Hyatt Regency,"Hyatt Regency, Bhikaji Cama Place","Bakery, Cafe",3,1000.0,INR,3.8,79,3.605,India,New Delhi,0,0
T.K'S Oriental Grill - Hyatt Regency,"Hyatt Regency, Bhikaji Cama Place","Japanese, Thai, Sushi",4,4000.0,INR,3.9,290,3.811,India,New Delhi,1,0
China Kitchen - Hyatt Regency,"Hyatt Regency, Bhikaji Cama Place",Chinese,4,4500.0,INR,4.0,424,3.926,India,New Delhi,1,0
The Hub -  ibis New Delhi,"ibis New Delhi, Aerocity",North Indian,3,1500.0,INR,3.1,9,3.267,India,New Delhi,1,0
Baked and Wrapped,INA,"Bakery, Desserts",2,500.0,INR,3.1,5,3.279,India,New Delhi,0,0
M.D. Kitchen,INA,"North Indian, Mughlai, Chinese, South Indian",2,600.0,INR,2.6,30,3.036,India,New Delhi,0,1
Kerala Hotel,INA,"Kerala, Biryani",1,400.0,INR,3.9,108,3.709,India,New Delhi,0,0
M.P. Canteen,India Gate,"South Indian, North Indian, Chinese, Mughlai",1,350.0,INR,3.1,13,3.257,India,New Delhi,0,0
Mysore Cafe,India Gate,South Indian,1,200.0,INR,3.2,12,3.279,India,New Delhi,0,0
Maharashtra Sadan,India Gate,"North Indian, Maharashtrian",1,300.0,INR,3.8,266,3.72,India,New Delhi,0,0
Abhishek Restaurant,IP Extension,"North Indian, Chinese",1,400.0,INR,2.9,36,3.131,India,New Delhi,0,0
AL Maroosh,IP Extension,"North Indian, Mughlai, Chinese",2,500.0,INR,2.8,20,3.155,India,New Delhi,0,0
Ambarsari Kababs & Curries,IP Extension,"North Indian, Chinese",1,400.0,INR,3.0,4,3.275,India,New Delhi,0,0
Ambrosia - The Golden Palms Hotel,IP Extension,"North Indian, Continental",3,1500.0,INR,2.8,68,3.011,India,New Delhi,1,0
Bala's Kitchen,IP Extension,South Indian,1,300.0,INR,2.9,4,3.268,India,New Delhi,0,0
Cafe Meadows,IP Extension,"Fast Food, Desserts",1,200.0,INR,3.1,26,3.23,India,New Delhi,0,0
Dee The Baker,IP Extension,Bakery,1,300.0,INR,3.4,11,3.316,India,New Delhi,0,1
Dilli Darbaar,IP Extension,Street Food,1,100.0,INR,3.1,18,3.245,India,New Delhi,0,0
Finger Licious,IP Extension,"Bakery, Fast Food",1,200.0,INR,3.2,137,3.226,India,New Delhi,0,1
Garden Hut,IP Extension,Chinese,1,450.0,INR,2.7,8,3.215,India,New Delhi,0,0
Hari Mirch Masala,IP Extension,"North Indian, Chinese",1,350.0,INR,2.8,101,2.965,India,New Delhi,0,1
Kamal's,IP Extension,"North Indian, South Indian, Chinese, Fast Food",2,550.0,INR,2.8,103,2.963,India,New Delhi,0,1
Kocktails & Kurries,IP Extension,"North Indian, Chinese",2,950.0,INR,3.1,94,3.169,India,New Delhi,1,1
Madras Cafe,IP Extension,South Indian,1,150.0,INR,3.2,22,3.268,India,New Delhi,0,0
Mahalaxmi Dairy & Sweets,IP Extension,"Mithai, Street Food",1,100.0,INR,2.6,16,3.128,India,New Delhi,0,0
Meet n Eat,IP Extension,"North Indian, Fast Food, Chinese",1,450.0,INR,2.7,56,2.982,India,New Delhi,0,0
Punjabi Mirchi,IP Extension,"North Indian, Mughlai, Chinese",2,650.0,INR,3.3,49,3.299,India,New Delhi,0,0
The Garam Masala,IP Extension,"North Indian, Chinese",1,400.0,INR,3.4,60,3.353,India,New Delhi,0,1
Unique Pastry Shop,IP Extension,Bakery,1,200.0,INR,3.4,86,3.362,India,New Delhi,0,1
Vaishno Amritsari Dhaba,IP Extension,North Indian,1,350.0,INR,3.2,51,3.248,India,New Delhi,0,1
Zara Restaurant,IP Extension,"North Indian, Mughlai",1,400.0,INR,3.3,24,3.298,India,New Delhi,0,1
Bhatia Sweets,IP Extension,"Mithai, South Indian, Street Food",1,150.0,INR,3.5,97,3.431,India,New Delhi,0,0
De Cafepedia,IP Extension,"Fast Food, Chinese",1,250.0,INR,3.5,60,3.408,India,New Delhi,0,1
Icy Curls,IP Extension,"Desserts, Ice Cream",1,300.0,INR,3.7,25,3.432,India,New Delhi,0,1
Chutneez Restaurant Lounge & Bar,IP Extension,"North Indian, Chinese, Mughlai",3,1200.0,INR,2.4,124,2.658,India,New Delhi,1,1
Domino's Pizza,IP Extension,"Pizza, Fast Food",2,700.0,INR,2.4,113,2.675,India,New Delhi,0,0
Mangal Sweets,IP Extension,"North Indian, Chinese, South Indian, Street Food, Mithai",1,400.0,INR,2.4,166,2.608,India,New Delhi,0,1
Sweet Tickles,IP Extension,"Bakery, Desserts",2,500.0,INR,4.1,71,3.768,India,New Delhi,0,0
Ira - The Waterside Bar - ITC Maurya,"ITC Maurya, Chanakyapuri",Finger Food,4,2000.0,INR,3.2,17,3.273,India,New Delhi,0,0
Nutmeg The Gourmet Shop - ITC Maurya,"ITC Maurya, Chanakyapuri","Bakery, Desserts",3,1000.0,INR,3.4,25,3.332,India,New Delhi,0,0
Fabelle Chocolate Boutique - ITC Maurya,"ITC Maurya, Chanakyapuri","Desserts, Ice Cream",3,1200.0,INR,3.8,20,3.441,India,New Delhi,0,0
Golf Bar - ITC Maurya,"ITC Maurya, Chanakyapuri",Drinks Only,4,3500.0,INR,3.5,45,3.393,India,New Delhi,0,0
Bukhara - ITC Maurya,"ITC Maurya, Chanakyapuri",North Indian,4,6500.0,INR,4.4,2826,4.381,India,New Delhi,0,0
Tian - Asian Cuisine Studio - ITC Maurya,"ITC Maurya, Chanakyapuri","Asian, Japanese, Korean, Thai, Chinese",4,7000.0,INR,4.1,188,3.931,India,New Delhi,0,0
Ashish Lal Dhaba,ITO,North Indian,1,400.0,INR,3.2,26,3.264,India,New Delhi,0,0
Lal Dhaba,ITO,North Indian,1,200.0,INR,3.1,10,3.264,India,New Delhi,0,0
McDonald's,ITO,"Fast Food, Burger",2,500.0,INR,3.2,25,3.265,India,New Delhi,0,0
Udupi Cafe,ITO,"South Indian, Chinese",1,300.0,INR,3.5,117,3.439,India,New Delhi,0,0
"34, Chowringhee Lane",Jail Road,Fast Food,1,350.0,INR,2.7,11,3.19,India,New Delhi,0,0
Amritsar Express,Jail Road,Fast Food,1,100.0,INR,3.1,6,3.276,India,New Delhi,0,0
Anand Chicken & Fast Food,Jail Road,"Chinese, Fast Food",1,400.0,INR,2.8,9,3.222,India,New Delhi,0,0
Baba Chicken Ludhiana Wale,Jail Road,North Indian,1,300.0,INR,3.1,7,3.273,India,New Delhi,0,1
Bombay Vada Pav,Jail Road,Street Food,1,150.0,INR,2.8,41,3.073,India,New Delhi,0,0
Cafe Coffee Day,Jail Road,Cafe,1,450.0,INR,3.1,5,3.279,India,New Delhi,0,0
Chin Pokli,Jail Road,Chinese,1,400.0,INR,3.1,13,3.257,India,New Delhi,0,0
Curries,Jail Road,"Chinese, Mughlai, North Indian",2,600.0,INR,2.7,6,3.233,India,New Delhi,0,1
Deepak Vaishno Dhaba,Jail Road,North Indian,1,350.0,INR,3.4,59,3.353,India,New Delhi,0,0
Delhi Dhaba,Jail Road,North Indian,1,300.0,INR,3.1,15,3.252,India,New Delhi,0,0
Dewan Sweets,Jail Road,"Desserts, Street Food",1,100.0,INR,3.3,18,3.298,India,New Delhi,0,1
Flirty Momo's,Jail Road,Chinese,1,350.0,INR,3.1,37,3.213,India,New Delhi,0,1
Frontier,Jail Road,Bakery,1,200.0,INR,3.2,14,3.276,India,New Delhi,0,0
Giani,Jail Road,"Ice Cream, Desserts",1,400.0,INR,3.0,6,3.266,India,New Delhi,0,0
Green Chick Chop,Jail Road,"Raw Meats, North Indian, Fast Food",1,350.0,INR,3.3,60,3.299,India,New Delhi,0,0
Khalsa Veg Corner,Jail Road,"North Indian, Fast Food",1,300.0,INR,3.4,22,3.329,India,New Delhi,0,0
Kings Kulfi,Jail Road,Ice Cream,1,150.0,INR,3.3,10,3.298,India,New Delhi,0,0
Kohli Dhaba,Jail Road,North Indian,2,600.0,INR,3.4,74,3.359,India,New Delhi,0,1
Laxmi Ice Cream,Jail Road,"Ice Cream, Desserts",1,200.0,INR,3.4,25,3.332,India,New Delhi,0,0
Mosaic - SK Premium Park,Jail Road,"North Indian, Chinese, Continental",4,2500.0,INR,2.9,14,3.21,India,New Delhi,1,0
Moti Mahal Delux,Jail Road,"North Indian, Chinese",2,800.0,INR,2.7,12,3.182,India,New Delhi,1,1
Mukesh Chic-Inn Hot & Spice,Jail Road,Mughlai,1,400.0,INR,3.0,9,3.252,India,New Delhi,0,1
Muradabadi Biryani,Jail Road,Hyderabadi,1,300.0,INR,2.6,18,3.113,India,New Delhi,0,0
Muradabadi Shahi Biryani & Chicken Corner,Jail Road,"North Indian, Biryani",1,450.0,INR,3.3,68,3.299,India,New Delhi,0,0
Nagi Fish Corner,Jail Road,North Indian,1,250.0,INR,3.1,7,3.273,India,New Delhi,0,0
Nirula's Ice Cream,Jail Road,"Desserts, Ice Cream",1,250.0,INR,3.0,4,3.275,India,New Delhi,0,0
Papa Veg Chinese Food,Jail Road,"Chinese, Fast Food",1,400.0,INR,2.9,33,3.139,India,New Delhi,0,1
Pindi's Kitchen,Jail Road,Mughlai,1,450.0,INR,3.3,11,3.298,India,New Delhi,0,0
Rewari Sweets,Jail Road,Mithai,1,400.0,INR,3.2,5,3.289,India,New Delhi,0,0
Roti Aur Boti,Jail Road,Fast Food,1,100.0,INR,3.2,38,3.255,India,New Delhi,0,0
Sahni Chicken Corner,Jail Road,"North Indian, Mughlai",2,500.0,INR,3.2,23,3.267,India,New Delhi,0,1
Sarpal Restaurant,Jail Road,"North Indian, Mughlai",2,550.0,INR,3.1,14,3.254,India,New Delhi,0,0
SGF - Spice Grill Flame,Jail Road,"North Indian, Chinese",2,500.0,INR,2.9,8,3.243,India,New Delhi,0,0
Shanta Fresh Fish Corner,Jail Road,North Indian,1,400.0,INR,3.1,9,3.267,India,New Delhi,0,0
Shree Meenakshi Dosai,Jail Road,South Indian,1,250.0,INR,2.9,8,3.243,India,New Delhi,0,0
Singz,Jail Road,"North Indian, Chinese",2,600.0,INR,2.9,57,3.086,India,New Delhi,0,1
Sona Bakers,Jail Road,Bakery,1,200.0,INR,3.4,17,3.323,India,New Delhi,0,0
Tak - a - Tak,Jail Road,North Indian,1,300.0,INR,3.3,14,3.298,India,New Delhi,0,0
The Great Indian Food Truck,Jail Road,"Chinese, Mexican, Italian",1,250.0,INR,3.0,6,3.266,India,New Delhi,0,0
Tihar Food Court,Jail Road,Fast Food,1,300.0,INR,2.9,14,3.21,India,New Delhi,0,0
Uncle Da Dhabha,Jail Road,North Indian,1,200.0,INR,3.0,6,3.266,India,New Delhi,0,0
Variety Chicken Corner,Jail Road,North Indian,1,450.0,INR,2.9,16,3.201,India,New Delhi,0,0
Wah Ji Wah,Jail Road,"Mughlai, Chinese",1,450.0,INR,2.5,9,3.176,India,New Delhi,0,1
9 Scoops,Jail Road,Ice Cream,1,300.0,INR,3.6,33,3.418,India,New Delhi,0,0
Kati Roll Cottage,Jail Road,Fast Food,1,200.0,INR,3.5,14,3.342,India,New Delhi,0,1
Pul Bangash Wale,Jail Road,"North Indian, Mughlai",1,300.0,INR,3.7,89,3.555,India,New Delhi,0,0
Sunny Chicken Soup,Jail Road,North Indian,1,200.0,INR,3.6,75,3.479,India,New Delhi,0,0
Yo Momos,Jail Road,"Chinese, North Indian",1,300.0,INR,3.7,29,3.445,India,New Delhi,0,1
Grillz,Jail Road,Fast Food,2,500.0,INR,2.2,19,2.995,India,New Delhi,0,1
The Barbeque Company,Jail Road,"North Indian, Chinese, Continental",3,1200.0,INR,4.2,621,4.133,India,New Delhi,0,0
Anmol Chicken Corner,Jama Masjid,North Indian,1,400.0,INR,3.1,7,3.273,India,New Delhi,0,0
Babu Bhai Kabab Wale,Jama Masjid,Mughlai,1,200.0,INR,3.4,12,3.317,India,New Delhi,0,0
Chicken Mughlai,Jama Masjid,"North Indian, Mughlai",1,350.0,INR,3.0,6,3.266,India,New Delhi,0,0
Cool Point Shahi Tukda,Jama Masjid,"Desserts, Beverages",1,100.0,INR,3.1,5,3.279,India,New Delhi,0,0
Jawahar Hotel,Jama Masjid,"North Indian, Mughlai",2,500.0,INR,3.4,40,3.343,India,New Delhi,0,0
Lalu Kababe,Jama Masjid,Mughlai,1,200.0,INR,3.2,13,3.277,India,New Delhi,0,0
Phelwan Biryani Wala,Jama Masjid,Mughlai,1,150.0,INR,3.0,5,3.27,India,New Delhi,0,0
Qureshi Kabab Corner,Jama Masjid,Mughlai,1,300.0,INR,3.0,5,3.27,India,New Delhi,0,0
Al Jawahar,Jama Masjid,"Mughlai, North Indian",2,600.0,INR,3.8,1585,3.785,India,New Delhi,0,0
Aslam Chicken,Jama Masjid,Mughlai,1,400.0,INR,3.9,635,3.856,India,New Delhi,0,0
Dil Pasand Biryani Point,Jama Masjid,Biryani,1,200.0,INR,3.5,12,3.337,India,New Delhi,0,0
Haji Mohd. Hussain,Jama Masjid,Mughlai,1,300.0,INR,3.6,22,3.39,India,New Delhi,0,0
Kallan Sweets,Jama Masjid,Mithai,1,100.0,INR,3.8,75,3.599,India,New Delhi,0,0
The Walled City - Caf & Lounge,Jama Masjid,"Continental, North Indian, Mughlai, Chinese",2,700.0,INR,3.8,40,3.521,India,New Delhi,0,0
Cool Point,Jama Masjid,"Desserts, Beverages",1,100.0,INR,4.2,69,3.821,India,New Delhi,0,0
Haji Shabrati Nihari Wale,Jama Masjid,Mughlai,1,200.0,INR,4.0,115,3.787,India,New Delhi,0,0
Karim's,Jama Masjid,"Mughlai, North Indian",2,800.0,INR,4.0,4689,3.993,India,New Delhi,0,0
Qureshi Kabab Corner,Jama Masjid,Mughlai,1,200.0,INR,4.3,76,3.902,India,New Delhi,0,0
Bake Bikaner,Janakpuri,"North Indian, South Indian, Chinese, Street Food",2,500.0,INR,3.3,86,3.299,India,New Delhi,0,1
Barista,Janakpuri,Cafe,2,650.0,INR,3.3,74,3.299,India,New Delhi,0,1
Behrouz Biryani,Janakpuri,Biryani,2,600.0,INR,3.4,49,3.348,India,New Delhi,0,1
Brunchilli,Janakpuri,"North Indian, Chinese",2,800.0,INR,3.2,84,3.236,India,New Delhi,0,1
Cafe Coffee Day,Janakpuri,Cafe,1,450.0,INR,3.4,50,3.349,India,New Delhi,0,0
Chawla Dillivala,Janakpuri,"North Indian, Chinese",2,600.0,INR,2.7,91,2.912,India,New Delhi,0,0
Dhaba Ambarsariya,Janakpuri,"North Indian, Chinese",2,700.0,INR,3.3,23,3.298,India,New Delhi,1,1
Domino's Pizza,Janakpuri,"Pizza, Fast Food",2,700.0,INR,3.4,88,3.363,India,New Delhi,0,0
GPW - The Food Hub,Janakpuri,"North Indian, Chinese",1,400.0,INR,3.0,70,3.124,India,New Delhi,0,1
Green Bhojanalya,Janakpuri,North Indian,1,400.0,INR,3.2,96,3.233,India,New Delhi,0,1
Hira Sweets,Janakpuri,"North Indian, South Indian, Street Food, Fast Food, Mithai",2,600.0,INR,2.5,85,2.795,India,New Delhi,0,0
Hot Curries,Janakpuri,"North Indian, Mughlai, Chinese",2,700.0,INR,3.4,60,3.353,India,New Delhi,0,1
Meenu Caterers,Janakpuri,"North Indian, Chinese",2,600.0,INR,2.7,82,2.926,India,New Delhi,0,1
Moti Mahal Delux,Janakpuri,"North Indian, Mughlai, Chinese",3,1000.0,INR,2.6,105,2.825,India,New Delhi,1,1
New Kadimi,Janakpuri,"North Indian, South Indian, Chinese, Fast Food",2,600.0,INR,2.5,162,2.688,India,New Delhi,0,1
Polka Pastry & Snack Bar,Janakpuri,"Bakery, Fast Food",1,350.0,INR,3.2,62,3.243,India,New Delhi,0,0
Pudding & Pie,Janakpuri,"Bakery, Fast Food",1,450.0,INR,3.4,66,3.356,India,New Delhi,0,0
Singz,Janakpuri,"North Indian, Chinese",2,700.0,INR,2.5,46,2.915,India,New Delhi,0,0
Slice of Italy,Janakpuri,"Italian, Pizza, Bakery",2,700.0,INR,3.4,198,3.379,India,New Delhi,0,1
Subway,Janakpuri,"American, Fast Food, Salad, Healthy Food",2,500.0,INR,3.1,69,3.183,India,New Delhi,0,1
Suruchee,Janakpuri,"Bengali, North Indian",2,500.0,INR,3.4,52,3.35,India,New Delhi,0,1
The Bubble Tea Cafe,Janakpuri,Cafe,2,600.0,INR,3.0,182,3.064,India,New Delhi,0,1
The Destination,Janakpuri,"Chinese, Mughlai",3,1400.0,INR,3.3,85,3.299,India,New Delhi,1,1
The Night Delights,Janakpuri,"North Indian, Chinese",2,800.0,INR,3.4,102,3.366,India,New Delhi,0,1
Tingling Pepper,Janakpuri,"North Indian, Chinese, Continental, Fast Food",1,400.0,INR,3.4,69,3.357,India,New Delhi,0,1
Wah G Wah,Janakpuri,"North Indian, Chinese",1,450.0,INR,2.7,37,3.043,India,New Delhi,0,1
Midnight Hunger Hub,Janakpuri,"North Indian, Fast Food, Italian, Asian",2,800.0,INR,4.5,50,3.899,India,New Delhi,0,1
BarShala,Janakpuri,Finger Food,2,600.0,INR,3.5,40,3.387,India,New Delhi,0,0
Bemisaal Reloaded,Janakpuri,"North Indian, Chinese",3,1250.0,INR,3.8,128,3.659,India,New Delhi,0,1
Bon Apptit,Janakpuri,Fast Food,1,350.0,INR,3.8,212,3.704,India,New Delhi,0,1
Burger Point,Janakpuri,"Burger, Fast Food",1,300.0,INR,3.6,164,3.529,India,New Delhi,0,0
Cakes 'n' Crumbs,Janakpuri,Bakery,1,400.0,INR,3.6,70,3.474,India,New Delhi,0,1
China Fort,Janakpuri,"Chinese, North Indian, Thai",2,700.0,INR,3.5,74,3.418,India,New Delhi,0,1
Giani,Janakpuri,"Ice Cream, Desserts",1,400.0,INR,3.5,33,3.378,India,New Delhi,0,1
Hot Cherries,Janakpuri,Bakery,1,400.0,INR,3.6,116,3.509,India,New Delhi,0,0
KFC,Janakpuri,"American, Fast Food",2,500.0,INR,3.5,62,3.41,India,New Delhi,0,1
McDonald's,Janakpuri,"Fast Food, Burger",2,500.0,INR,3.6,179,3.534,India,New Delhi,0,1
Pasta Xpress,Janakpuri,"Italian, Fast Food",2,700.0,INR,3.6,56,3.457,India,New Delhi,0,1
Tandoor Bar-Be-Que,Janakpuri,"North Indian, Mughlai",2,600.0,INR,3.5,131,3.444,India,New Delhi,0,1
TBK Kulcha's,Janakpuri,"Fast Food, Street Food",1,300.0,INR,3.6,155,3.526,India,New Delhi,0,1
The Pindi,Janakpuri,"North Indian, Chinese, Mughlai",3,1300.0,INR,3.5,100,3.432,India,New Delhi,1,1
The Tangy Tomatoes,Janakpuri,"Italian, Chinese, Fast Food, North Indian",1,400.0,INR,3.7,32,3.455,India,New Delhi,0,1
Thela,Janakpuri,"North Indian, Fast Food, Chinese",2,500.0,INR,3.5,87,3.426,India,New Delhi,0,1
Wah Ji Wah,Janakpuri,"North Indian, Chinese",1,450.0,INR,3.7,61,3.519,India,New Delhi,1,1
Muffins,Janakpuri,"Bakery, Fast Food",1,250.0,INR,1.9,66,2.502,India,New Delhi,0,0
Food Scouts,Janakpuri,"North Indian, Chinese, Continental",2,700.0,INR,4.3,22,3.604,India,New Delhi,0,1
Aggarwal Sweet India,Jangpura,"Mithai, Street Food",1,150.0,INR,2.8,15,3.183,India,New Delhi,0,0
Bhola Dhaba,Jangpura,North Indian,1,300.0,INR,2.8,30,3.111,India,New Delhi,0,1
Cake Me Up,Jangpura,Bakery,1,400.0,INR,3.1,7,3.273,India,New Delhi,0,0
Chawla Snacks,Jangpura,North Indian,1,250.0,INR,2.9,4,3.268,India,New Delhi,0,0
Chef Joint,Jangpura,"North Indian, Chinese",1,400.0,INR,3.2,45,3.251,India,New Delhi,0,1
China Hut,Jangpura,Chinese,1,400.0,INR,3.0,16,3.225,India,New Delhi,0,1
Chinese Hut,Jangpura,"Chinese, Fast Food",1,450.0,INR,2.8,5,3.252,India,New Delhi,0,1
Curries & Kebabs,Jangpura,"North Indian, Mughlai, Chinese",2,500.0,INR,2.7,7,3.224,India,New Delhi,0,1
Giani's,Jangpura,"Ice Cream, Desserts",1,400.0,INR,3.1,9,3.267,India,New Delhi,0,0
Green Chick Chop,Jangpura,"Raw Meats, North Indian, Fast Food",1,350.0,INR,3.1,15,3.252,India,New Delhi,0,0
Kabul Restaurant,Jangpura,"Mughlai, Afghani",1,450.0,INR,2.8,25,3.132,India,New Delhi,0,0
Kadimi Dukan,Jangpura,"Street Food, Mithai",1,200.0,INR,3.2,10,3.281,India,New Delhi,0,0
Kadimi Sweets,Jangpura,"Mithai, Street Food",1,200.0,INR,3.1,42,3.207,India,New Delhi,0,0
McDonald's,Jangpura,"Fast Food, Burger",2,500.0,INR,3.4,62,3.354,India,New Delhi,0,1
Modi Pastry Corner,Jangpura,"Bakery, Fast Food",1,100.0,INR,2.6,17,3.12,India,New Delhi,0,0
New Evergreen Hotel,Jangpura,"North Indian, Mughlai",1,450.0,INR,2.9,7,3.249,India,New Delhi,0,0
Nikku Hotel,Jangpura,"North Indian, Chinese, Fast Food",2,500.0,INR,2.6,9,3.191,India,New Delhi,0,1
Om Hotel,Jangpura,"North Indian, Mughlai, South Indian",2,600.0,INR,3.3,140,3.299,India,New Delhi,0,0
Pakeeza Burger,Jangpura,"North Indian, Afghani",2,600.0,INR,2.6,15,3.136,India,New Delhi,0,0
Paljees Fresh Baked,Jangpura,"Bakery, Desserts, Fast Food",1,200.0,INR,3.1,16,3.25,India,New Delhi,0,0
Pinka's Rasoi,Jangpura,North Indian,2,500.0,INR,3.1,21,3.239,India,New Delhi,0,1
Republic of Chicken,Jangpura,"Raw Meats, Fast Food",1,400.0,INR,2.8,5,3.252,India,New Delhi,0,0
Sandwich & Sons,Jangpura,Fast Food,2,500.0,INR,3.2,24,3.266,India,New Delhi,0,1
Simple Restaurant,Jangpura,"North Indian, Chinese",2,500.0,INR,3.0,15,3.229,India,New Delhi,0,0
Subway,Jangpura,"American, Fast Food, Salad, Healthy Food",2,500.0,INR,3.3,78,3.299,India,New Delhi,0,1
Tempting Bar-B-Que,Jangpura,"North Indian, Chinese",2,650.0,INR,3.3,29,3.298,India,New Delhi,0,1
The Biryani Hut,Jangpura,Biryani,1,400.0,INR,2.9,5,3.261,India,New Delhi,0,0
Beliram Degchiwala,Jangpura,"North Indian, Mughlai",2,900.0,INR,3.5,107,3.435,India,New Delhi,0,1
Instapizza,Jangpura,"Pizza, Fast Food",2,900.0,INR,3.9,55,3.613,India,New Delhi,0,1
Janta Bakery,Jangpura,"Bakery, Fast Food",1,150.0,INR,3.6,32,3.415,India,New Delhi,0,0
Pal Refreshment Corner,Jangpura,"North Indian, Chinese",2,500.0,INR,3.5,32,3.376,India,New Delhi,0,1
Transform Nutrition,Jangpura,"Healthy Food, Continental",1,400.0,INR,3.5,19,3.353,India,New Delhi,0,0
Chawla's_,Jangpura,"North Indian, Mughlai",2,800.0,INR,2.3,126,2.583,India,New Delhi,1,1
Barbeque Nation,Jangpura,"North Indian, Chinese",3,1600.0,INR,4.0,744,3.956,India,New Delhi,0,0
Novelty Dairy & Stores,Jangpura,Fast Food,1,200.0,INR,4.1,352,4.0,India,New Delhi,0,0
Caara Cafe,Janpath,"Cafe, European",2,600.0,INR,3.3,59,3.299,India,New Delhi,0,0
Cafe Coffee Day - The Lounge,Janpath,Cafe,2,750.0,INR,3.3,81,3.299,India,New Delhi,0,0
Cafe Coffee Day,Janpath,Cafe,1,450.0,INR,3.1,34,3.217,India,New Delhi,0,0
Costa Coffee,Janpath,Cafe,2,600.0,INR,3.4,31,3.337,India,New Delhi,0,0
Gulnar - Hotel Janpath,Janpath,"North Indian, Chinese",4,2000.0,INR,3.2,40,3.254,India,New Delhi,1,0
Kalpana Restaurant,Janpath,"North Indian, Chinese, Mughlai",2,500.0,INR,3.2,40,3.254,India,New Delhi,0,1
Meenas,Janpath,"North Indian, Chinese",2,550.0,INR,2.9,7,3.249,India,New Delhi,0,0
Pizza Hut,Janpath,"Italian, Pizza, Fast Food",3,1000.0,INR,3.4,116,3.369,India,New Delhi,0,1
Prince Chaat Corner,Janpath,Street Food,1,150.0,INR,3.2,12,3.279,India,New Delhi,0,0
Rajeev Restaurant,Janpath,North Indian,1,200.0,INR,3.0,5,3.27,India,New Delhi,0,0
RSVP,Janpath,Finger Food,4,3000.0,INR,2.7,16,3.153,India,New Delhi,0,0
Samridhi,Janpath,"Kerala, South Indian",1,350.0,INR,3.2,85,3.236,India,New Delhi,0,0
Shan E Dilli,Janpath,North Indian,1,400.0,INR,3.0,7,3.261,India,New Delhi,0,0
Svasti Cafe,Janpath,"North Indian, Fast Food, Bihari",2,800.0,INR,3.1,6,3.276,India,New Delhi,1,0
The Zest,Janpath,"North Indian, Continental",3,1100.0,INR,3.2,11,3.28,India,New Delhi,1,0
Masala Library,Janpath,Modern Indian,4,5000.0,INR,4.9,408,4.725,India,New Delhi,0,0
Bhogal Chole Bhature Wala,Janpath,Street Food,1,150.0,INR,3.8,47,3.541,India,New Delhi,0,0
Bunta Bar,Janpath,"Modern Indian, North Indian",3,1200.0,INR,3.9,450,3.84,India,New Delhi,1,0
Cafe Coffee Day The Square,Janpath,Cafe,2,700.0,INR,3.7,49,3.497,India,New Delhi,0,0
Cottage Caf by Smoothie factory,Janpath,"Cafe, Desserts, Healthy Food, Juices",2,650.0,INR,3.7,223,3.626,India,New Delhi,0,1
Depaul's,Janpath,Fast Food,1,200.0,INR,3.7,475,3.662,India,New Delhi,0,0
Fresc Co,Janpath,"Italian, Mediterranean",3,1900.0,INR,3.8,1347,3.782,India,New Delhi,1,1
Informal,Janpath,"North Indian, Spanish, Mediterranean",3,1200.0,INR,3.9,555,3.85,India,New Delhi,1,0
Lutyens Cocktail House,Janpath,"North Indian, Lebanese, European, Mexican",4,2100.0,INR,3.9,299,3.814,India,New Delhi,1,0
McDonald's,Janpath,"Fast Food, Burger",2,500.0,INR,3.8,158,3.679,India,New Delhi,0,1
Office Office,Janpath,"North Indian, Continental",3,1200.0,INR,3.9,291,3.812,India,New Delhi,0,0
Pappu Chat Bhandar,Janpath,Street Food,1,150.0,INR,3.5,19,3.353,India,New Delhi,0,0
The Beer Cafe,Janpath,"Finger Food, North Indian",3,1250.0,INR,3.6,1058,3.586,India,New Delhi,1,0
The Masala Trail,Janpath,"North Indian, South Indian, Street Food",2,800.0,INR,3.9,303,3.815,India,New Delhi,1,1
52 Janpath,Janpath,"American, Italian, North Indian, European, Thai",3,1550.0,INR,4.2,361,4.09,India,New Delhi,1,0
Cafe Southall,Janpath,"North Indian, Italian, Continental, Asian",3,1350.0,INR,4.2,162,3.987,India,New Delhi,1,0
Saravana Bhavan,Janpath,South Indian,2,500.0,INR,4.2,1869,4.176,India,New Delhi,0,1
Tourist Janpath,Janpath,"North Indian, American, Chinese",4,2000.0,INR,4.1,501,4.027,India,New Delhi,1,0
Cafe Coffee Day,Jasola,Cafe,1,450.0,INR,3.1,23,3.235,India,New Delhi,0,0
Cafe Punjabi,Jasola,North Indian,1,300.0,INR,3.3,33,3.298,India,New Delhi,0,0
Chai Garam,Jasola,"Beverages, Fast Food",1,300.0,INR,2.9,6,3.255,India,New Delhi,0,0
Chai Shots,Jasola,"Beverages, Fast Food",1,200.0,INR,3.0,15,3.229,India,New Delhi,0,0
Chao Cart,Jasola,Chinese,1,400.0,INR,3.1,4,3.283,India,New Delhi,0,0
Deli Belly,Jasola,"North Indian, Italian, Continental",3,1000.0,INR,2.6,49,2.952,India,New Delhi,1,0
Ego,Jasola,"Continental, Italian",2,800.0,INR,3.3,14,3.298,India,New Delhi,1,0
Fresh n Refresh,Jasola,Fast Food,2,500.0,INR,2.8,22,3.145,India,New Delhi,0,0
Jack Po!tato's,Jasola,Fast Food,1,150.0,INR,3.3,15,3.298,India,New Delhi,0,0
Moti Mahal Delux,Jasola,"North Indian, Mughlai",2,950.0,INR,2.8,26,3.127,India,New Delhi,1,1
Pizza Hut Delivery,Jasola,"Italian, Pizza, Fast Food",2,800.0,INR,2.5,47,2.911,India,New Delhi,0,1
Riviera,Jasola,"Continental, North Indian, Chinese, Mughlai, Asian",3,1000.0,INR,3.2,8,3.284,India,New Delhi,1,0
Subway,Jasola,"American, Fast Food, Salad, Healthy Food",2,500.0,INR,2.8,67,3.013,India,New Delhi,0,1
Tamura,Jasola,Japanese,3,1500.0,INR,3.3,19,3.298,India,New Delhi,1,0
ANF Kitchen Express,Jasola,"North Indian, Fast Food",1,450.0,INR,3.5,49,3.398,India,New Delhi,0,0
Mumu Dahlin,Jasola,"Continental, North Indian, Chinese, Cafe",3,1000.0,INR,3.8,92,3.623,India,New Delhi,1,0
Startup Cafe,Jasola,Cafe,2,500.0,INR,3.7,78,3.543,India,New Delhi,0,1
Starvin' Marvin,Jasola,"Italian, Mexican, Lebanese, Continental",2,600.0,INR,3.8,170,3.686,India,New Delhi,0,1
Wok On Wheels,Jasola,Chinese,2,550.0,INR,3.8,80,3.607,India,New Delhi,0,1
Sagar Ratna,Jasola,"South Indian, North Indian, Chinese",2,600.0,INR,2.4,76,2.756,India,New Delhi,0,1
Paatra - Jaypee Siddharth,"Jaypee Siddharth, Rajendra Place",North Indian,4,3500.0,INR,3.4,120,3.37,India,New Delhi,1,0
Eggspectation - Jaypee Siddharth,"Jaypee Siddharth, Rajendra Place","European, Continental, North Indian",4,3000.0,INR,3.5,202,3.46,India,New Delhi,1,0
Ano Tai - Jaypee Vasant Continental,"Jaypee Vasant Continental, Vasant Vihar",Chinese,4,2500.0,INR,3.4,64,3.355,India,New Delhi,1,0
Tapas - Jaypee Vasant Continental,"Jaypee Vasant Continental, Vasant Vihar",North Indian,4,3000.0,INR,3.2,24,3.266,India,New Delhi,1,0
The Old Baker - Jaypee Vasant Continental,"Jaypee Vasant Continental, Vasant Vihar",Bakery,2,500.0,INR,3.3,17,3.298,India,New Delhi,0,0
Eggspectation - Jaypee Vasant Continental,"Jaypee Vasant Continental, Vasant Vihar","European, Continental, North Indian",4,3000.0,INR,3.6,162,3.529,India,New Delhi,1,0
Paatra - Jaypee Vasant Continental,"Jaypee Vasant Continental, Vasant Vihar","North Indian, Mughlai",4,2500.0,INR,3.5,79,3.421,India,New Delhi,1,0
Ambarsaria by Gourmet Affaire's,"JMD Kohinoor Mall, Greater Kailash",Fast Food,1,400.0,INR,3.1,43,3.206,India,New Delhi,0,1
August Moon,"JMD Kohinoor Mall, Greater Kailash","Chinese, Thai",3,1250.0,INR,2.8,142,2.93,India,New Delhi,1,1
Keventers,"JMD Kohinoor Mall, Greater Kailash",Beverages,1,400.0,INR,3.3,10,3.298,India,New Delhi,0,0
Moets Curry Leaf Express,"JMD Kohinoor Mall, Greater Kailash","North Indian, Mughlai",2,900.0,INR,3.2,23,3.267,India,New Delhi,1,1
Natural Ice Cream,"JMD Kohinoor Mall, Greater Kailash",Ice Cream,1,150.0,INR,4.5,665,4.416,India,New Delhi,0,1
"34, Chowringhee Lane",JNU,Fast Food,1,300.0,INR,3.2,15,3.275,India,New Delhi,0,0
Qureshi,JNU,"North Indian, Fast Food",1,350.0,INR,3.0,27,3.193,India,New Delhi,0,0
Shree Ram Sweet Centre,JNU,"Mithai, Street Food",1,150.0,INR,2.7,13,3.174,India,New Delhi,0,0
Teflas,JNU,"North Indian, Chinese",1,300.0,INR,3.4,53,3.35,India,New Delhi,0,0
The Viraj Food Zone,JNU,"North Indian, Chinese",2,500.0,INR,3.2,29,3.262,India,New Delhi,0,0
RollsKing,JNU,Fast Food,1,300.0,INR,3.5,14,3.342,India,New Delhi,0,0
Secular House Canteen,JNU,"North Indian, Mughlai, Chinese",2,600.0,INR,3.8,414,3.746,India,New Delhi,0,1
Kerala Cafe,JNU,"North Indian, South Indian",1,150.0,INR,2.3,44,2.831,India,New Delhi,0,0
Veer Jee Restaurant,Jor Bagh,"North Indian, Mughlai",1,450.0,INR,3.1,35,3.216,India,New Delhi,0,0
Oval Bar - JW Marriott New Delhi,JW Marriott New Delhi,Finger Food,4,4500.0,INR,3.3,15,3.298,India,New Delhi,1,0
Bakey Wish,Kailash Colony,"Bakery, Desserts",1,300.0,INR,3.0,6,3.266,India,New Delhi,0,0
Bikaner Namkeen Bhandar,Kailash Colony,"Mithai, Street Food",1,150.0,INR,3.1,9,3.267,India,New Delhi,0,0
Chhole Bhature Corner,Kailash Colony,North Indian,1,150.0,INR,3.3,21,3.298,India,New Delhi,0,0
Fresh n Frozen,Kailash Colony,"Raw Meats, Fast Food",1,200.0,INR,3.1,9,3.267,India,New Delhi,0,0
Pind Punjabi,Kailash Colony,North Indian,2,500.0,INR,3.0,4,3.275,India,New Delhi,0,1
Sanjha Chulha,Kailash Colony,"North Indian, Mughlai",2,700.0,INR,3.1,13,3.257,India,New Delhi,0,0
Shaan e Punjab,Kailash Colony,"North Indian, Mughlai",2,600.0,INR,3.1,21,3.239,India,New Delhi,0,0
Cafe 27,Kailash Colony,"North Indian, Chinese, Italian",3,1550.0,INR,3.6,455,3.57,India,New Delhi,1,0
MR.D - Deliciousness Delivered,Kailash Colony,"North Indian, Italian, Chinese",2,700.0,INR,3.5,367,3.476,India,New Delhi,0,1
Pita Pit,Kailash Colony,"Healthy Food, Salad",2,600.0,INR,3.8,540,3.757,India,New Delhi,0,1
Big Chill,Kailash Colony,"Italian, Continental, European, Cafe",3,1500.0,INR,4.4,1521,4.365,India,New Delhi,0,0
Maxims Pastry Shop,Kailash Colony,"Bakery, Desserts, Fast Food, Beverages",1,300.0,INR,4.2,729,4.142,India,New Delhi,0,0
Uncultured Cafe & Bar,Kailash Colony,"Continental, Chinese, Italian, Finger Food",3,1500.0,INR,4.3,90,3.942,India,New Delhi,1,0
2 Nice 2 Slice,Kalkaji,"Bakery, Desserts",3,1750.0,INR,3.2,17,3.273,India,New Delhi,0,0
Aggarwal Bikaneri Sweets,Kalkaji,"Mithai, Street Food",1,250.0,INR,2.9,11,3.226,India,New Delhi,0,0
Aggarwal Sweet Corner & Restaurant,Kalkaji,"North Indian, South Indian, Chinese, Mithai",1,300.0,INR,2.6,38,2.996,India,New Delhi,0,0
Aggarwal Sweets India,Kalkaji,"Mithai, Street Food",1,100.0,INR,2.8,9,3.222,India,New Delhi,0,0
Aggarwal's Sweets Paradise,Kalkaji,"Mithai, North Indian, South Indian, Street Food",1,300.0,INR,2.7,16,3.153,India,New Delhi,0,0
Aggarwal's Sweets,Kalkaji,"Mithai, Street Food",1,150.0,INR,2.9,7,3.249,India,New Delhi,0,0
Anna Ka Dosa,Kalkaji,South Indian,1,200.0,INR,3.4,41,3.344,India,New Delhi,0,1
Big Chow Xpress,Kalkaji,"Chinese, North Indian",2,550.0,INR,2.6,58,2.923,India,New Delhi,0,1
Bikaner Sweets & Namkeen,Kalkaji,"Mithai, Street Food",1,200.0,INR,2.9,4,3.268,India,New Delhi,0,0
Cafe Coffee Day,Kalkaji,Cafe,1,450.0,INR,2.9,33,3.139,India,New Delhi,0,1
Cake Plaza,Kalkaji,"Bakery, Desserts, Fast Food",1,200.0,INR,3.1,28,3.227,India,New Delhi,0,1
Crispy Tokri,Kalkaji,Street Food,1,200.0,INR,3.1,100,3.166,India,New Delhi,0,0
De Royale Food's,Kalkaji,"North Indian, Chinese",2,550.0,INR,3.2,22,3.268,India,New Delhi,0,0
Faasos,Kalkaji,"North Indian, Fast Food",2,600.0,INR,3.0,4,3.275,India,New Delhi,0,1
Fouji Da Vaishno Dhaba,Kalkaji,North Indian,1,400.0,INR,2.9,14,3.21,India,New Delhi,0,0
Fun Bytes,Kalkaji,Fast Food,1,250.0,INR,2.5,13,3.133,India,New Delhi,0,1
G's Patisserie,Kalkaji,"Bakery, Desserts",2,600.0,INR,2.8,8,3.229,India,New Delhi,0,0
Giani,Kalkaji,"Ice Cream, Desserts",1,400.0,INR,3.2,17,3.273,India,New Delhi,0,1
Gopals 56,Kalkaji,"Ice Cream, Desserts",1,200.0,INR,3.2,8,3.284,India,New Delhi,0,0
Green Chick Chop,Kalkaji,"Raw Meats, North Indian, Fast Food",1,350.0,INR,3.2,26,3.264,India,New Delhi,0,0
Heaven's Kitchen,Kalkaji,"North Indian, Mughlai, Chinese",2,500.0,INR,3.3,85,3.299,India,New Delhi,0,1
Heavens Food Corner,Kalkaji,"North Indian, Mughlai, Chinese",2,500.0,INR,2.8,14,3.189,India,New Delhi,0,0
Just Kababs,Kalkaji,"Fast Food, North Indian",1,250.0,INR,3.4,25,3.332,India,New Delhi,0,0
Keventers,Kalkaji,Beverages,1,400.0,INR,3.2,10,3.281,India,New Delhi,0,0
Komal Kitchen,Kalkaji,North Indian,1,250.0,INR,2.8,7,3.236,India,New Delhi,0,0
Kwality Sweets & Restaurant,Kalkaji,South Indian,1,250.0,INR,2.9,10,3.231,India,New Delhi,0,0
Mehak Food Corner,Kalkaji,North Indian,1,350.0,INR,3.2,87,3.236,India,New Delhi,0,0
Mr. Sub,Kalkaji,Fast Food,1,400.0,INR,3.2,57,3.246,India,New Delhi,0,1
Muradabadi Shahi Biryani & Chicken Corner,Kalkaji,"North Indian, Biryani",1,450.0,INR,2.6,24,3.071,India,New Delhi,0,1
Muradabadi,Kalkaji,"Mughlai, Biryani",1,400.0,INR,3.0,5,3.27,India,New Delhi,0,0
New Radhe Radhe Snacks Corner,Kalkaji,North Indian,1,150.0,INR,3.1,9,3.267,India,New Delhi,0,0
Nirula's Ice Cream,Kalkaji,"Desserts, Ice Cream",1,250.0,INR,3.2,14,3.276,India,New Delhi,0,0
Noor Restaurant,Kalkaji,"North Indian, Mughlai, Chinese",2,550.0,INR,3.4,20,3.327,India,New Delhi,0,1
Paul's Homemade,Kalkaji,"Bakery, Desserts",2,500.0,INR,3.1,11,3.262,India,New Delhi,0,0
Pinkom's Bar-Be-Que,Kalkaji,"North Indian, Mughlai",1,350.0,INR,3.2,12,3.279,India,New Delhi,0,0
Prince of China,Kalkaji,"Thai, Chinese, Seafood",2,800.0,INR,3.1,70,3.182,India,New Delhi,0,1
Punjabi Corner,Kalkaji,North Indian,1,250.0,INR,3.3,55,3.299,India,New Delhi,0,1
Punjabi Snacks,Kalkaji,"Street Food, North Indian, South Indian",1,200.0,INR,2.9,4,3.268,India,New Delhi,0,0
Quality Food Point,Kalkaji,"North Indian, Fast Food, Mughlai",1,450.0,INR,3.0,10,3.248,India,New Delhi,0,0
Radhe Shyam,Kalkaji,Street Food,1,150.0,INR,2.8,10,3.214,India,New Delhi,0,0
Raj South Indian Food,Kalkaji,"South Indian, Chinese",1,250.0,INR,3.0,8,3.256,India,New Delhi,0,0
Roll Club,Kalkaji,Fast Food,1,250.0,INR,3.3,91,3.299,India,New Delhi,0,0
Shameem Kabab Corner,Kalkaji,"North Indian, Mughlai",2,700.0,INR,3.3,67,3.299,India,New Delhi,0,0
Shiv Dhaba,Kalkaji,"North Indian, Chinese",2,550.0,INR,3.1,92,3.17,India,New Delhi,0,0
Silver Spoons,Kalkaji,"North Indian, Street Food",1,350.0,INR,2.7,6,3.233,India,New Delhi,0,1
Takkar Dhaba,Kalkaji,North Indian,1,450.0,INR,2.6,24,3.071,India,New Delhi,0,1
The Biryani Wallas,Kalkaji,Biryani,2,650.0,INR,3.2,26,3.264,India,New Delhi,0,0
The Tuck Shop,Kalkaji,Fast Food,2,700.0,INR,3.3,17,3.298,India,New Delhi,0,0
Uncle Xpress,Kalkaji,Chinese,1,400.0,INR,3.4,80,3.361,India,New Delhi,0,1
Vaishno Rasoi,Kalkaji,North Indian,1,350.0,INR,2.6,23,3.078,India,New Delhi,0,1
Vatika,Kalkaji,"North Indian, Mughlai",2,550.0,INR,2.7,52,2.993,India,New Delhi,0,1
Walk To Italy,Kalkaji,Fast Food,1,300.0,INR,3.1,11,3.262,India,New Delhi,0,0
Behrouz Biryani,Kalkaji,Biryani,2,600.0,INR,3.6,30,3.411,India,New Delhi,0,1
Big Dragon,Kalkaji,"Chinese, Thai",2,800.0,INR,3.6,108,3.504,India,New Delhi,1,0
Cafe Filter,Kalkaji,"Fast Food, Italian, North Indian, Chinese",2,600.0,INR,3.6,22,3.39,India,New Delhi,0,1
Chowki,Kalkaji,North Indian,2,750.0,INR,3.7,89,3.555,India,New Delhi,0,1
Circle Cafe and Bar,Kalkaji,"Cafe, North Indian, Lebanese, Continental",2,800.0,INR,3.5,30,3.373,India,New Delhi,0,0
FreshMenu,Kalkaji,"Italian, Chinese, Continental, Thai, Mediterranean, Lebanese",2,600.0,INR,3.6,36,3.424,India,New Delhi,0,1
Giani's,Kalkaji,"Ice Cream, Desserts",1,400.0,INR,3.5,80,3.422,India,New Delhi,0,1
Gopal's 56,Kalkaji,"Ice Cream, Desserts, North Indian, Street Food",1,200.0,INR,3.8,71,3.592,India,New Delhi,0,0
Instapizza,Kalkaji,"Pizza, Fast Food",2,900.0,INR,3.8,492,3.754,India,New Delhi,0,1
Just Vada Pav,Kalkaji,Street Food,1,150.0,INR,3.6,94,3.495,India,New Delhi,0,0
Khidmat,Kalkaji,"North Indian, Mughlai, Chinese",3,1300.0,INR,3.6,372,3.564,India,New Delhi,1,1
Naivedyam,Kalkaji,South Indian,2,500.0,INR,3.8,495,3.754,India,New Delhi,0,1
New Shere Punjab Dhaba,Kalkaji,North Indian,2,600.0,INR,3.6,91,3.493,India,New Delhi,0,0
Sant Sweets,Kalkaji,"Street Food, North Indian, Mithai",1,250.0,INR,3.5,60,3.408,India,New Delhi,0,0
Tikka- Way,Kalkaji,"North Indian, Chinese",2,850.0,INR,3.5,23,3.361,India,New Delhi,0,1
Punjabi Rasoi,Kalkaji,North Indian,1,350.0,INR,2.4,11,3.136,India,New Delhi,0,1
Punjabi Xpress,Kalkaji,"North Indian, Chinese",1,400.0,INR,2.3,9,3.145,India,New Delhi,0,1
The Cake Factory,Kalkaji,"Bakery, Fast Food",1,400.0,INR,2.3,19,3.023,India,New Delhi,0,1
"34, Chowringhee Lane",Kamla Nagar,Fast Food,1,300.0,INR,3.3,86,3.299,India,New Delhi,0,0
Annapurna Restaurant,Kamla Nagar,"North Indian, Chinese",1,250.0,INR,2.5,56,2.876,India,New Delhi,0,1
BTW,Kamla Nagar,"Street Food, North Indian, South Indian, Chinese",1,400.0,INR,3.1,10,3.264,India,New Delhi,0,0
Cafe Coffee Day,Kamla Nagar,Cafe,1,450.0,INR,3.3,82,3.299,India,New Delhi,0,0
Chawla's Chic Inn,Kamla Nagar,"North Indian, Chinese",2,650.0,INR,3.3,26,3.298,India,New Delhi,0,0
Chennai Hot Cafe,Kamla Nagar,South Indian,1,300.0,INR,3.4,75,3.359,India,New Delhi,0,0
Daawat E Mezbaan,Kamla Nagar,"Mughlai, North Indian",2,800.0,INR,3.1,77,3.178,India,New Delhi,0,0
Dessert in Desert,Kamla Nagar,"Cafe, Fast Food, Desserts",1,450.0,INR,3.4,38,3.342,India,New Delhi,0,0
Domino's Pizza,Kamla Nagar,"Pizza, Fast Food",2,700.0,INR,3.4,36,3.34,India,New Delhi,0,0
Filmy Cafe & Bar,Kamla Nagar,"North Indian, Fast Food, Chinese, Continental",3,1200.0,INR,2.9,4,3.268,India,New Delhi,1,0
Firenze,Kamla Nagar,Cafe,2,500.0,INR,2.8,25,3.132,India,New Delhi,0,0
Giani,Kamla Nagar,"Ice Cream, Desserts",1,400.0,INR,3.4,41,3.344,India,New Delhi,0,1
Gullu's,Kamla Nagar,"North Indian, Mughlai",2,550.0,INR,3.1,69,3.183,India,New Delhi,0,0
Manwhar,Kamla Nagar,"South Indian, North Indian, Chinese",2,650.0,INR,3.2,69,3.241,India,New Delhi,0,0
Midnight Hunger Hub,Kamla Nagar,"North Indian, Fast Food, Italian, Asian",2,800.0,INR,3.3,6,3.298,India,New Delhi,0,0
Mini Shop,Kamla Nagar,"Fast Food, Beverages",1,150.0,INR,3.3,49,3.299,India,New Delhi,0,0
Nine 75 Lounge & Bar,Kamla Nagar,"Chinese, North Indian, Italian, Continental, Fast Food",2,800.0,INR,3.2,145,3.225,India,New Delhi,1,0
Pradhan Ji Multi Cuisine Restaurant,Kamla Nagar,"North Indian, Chinese, Continental",2,650.0,INR,3.3,41,3.299,India,New Delhi,0,1
Punjabi Chaap Corner,Kamla Nagar,North Indian,1,400.0,INR,2.9,15,3.206,India,New Delhi,0,1
Sagar Ratna,Kamla Nagar,"South Indian, North Indian, Chinese",2,600.0,INR,2.7,109,2.888,India,New Delhi,0,1
Shiva Coffee & South Indian Fast Food,Kamla Nagar,South Indian,1,300.0,INR,2.7,41,3.028,India,New Delhi,0,0
The Ice Cafe,Kamla Nagar,"Cafe, Chinese, Continental, Italian, Desserts, Beverages",1,400.0,INR,3.2,28,3.262,India,New Delhi,0,0
Tikka Junction,Kamla Nagar,"North Indian, Chinese",2,750.0,INR,3.4,21,3.328,India,New Delhi,0,0
Trending Eats,Kamla Nagar,"Italian, Fast Food",2,800.0,INR,3.4,21,3.328,India,New Delhi,0,0
Twenty Four Seven,Kamla Nagar,"Fast Food, North Indian",1,300.0,INR,3.3,53,3.299,India,New Delhi,0,0
Vikrant Cafe,Kamla Nagar,"South Indian, North Indian",2,550.0,INR,3.3,145,3.299,India,New Delhi,0,1
Vishal Restaurant,Kamla Nagar,North Indian,2,600.0,INR,3.1,24,3.233,India,New Delhi,0,0
Badri Prasad Ramesh Kumar Caterers,Kamla Nagar,North Indian,1,200.0,INR,3.5,12,3.337,India,New Delhi,0,0
Bistro,Kamla Nagar,Beverages,1,150.0,INR,3.9,55,3.613,India,New Delhi,0,0
Chaudhary Sweets Corner,Kamla Nagar,"Desserts, Beverages",1,300.0,INR,3.8,36,3.508,India,New Delhi,0,0
Chowringhee,Kamla Nagar,"Fast Food, Beverages",1,250.0,INR,3.6,108,3.504,India,New Delhi,0,1
Cones & Curries,Kamla Nagar,Fast Food,1,250.0,INR,3.7,151,3.6,India,New Delhi,0,1
Darvesh Corner,Kamla Nagar,North Indian,2,550.0,INR,3.6,91,3.493,India,New Delhi,0,0
Deez Biryani & Kebabs,Kamla Nagar,"Biryani, North Indian, Mughlai",2,650.0,INR,3.7,393,3.655,India,New Delhi,0,1
Frozen Pan,Kamla Nagar,"Ice Cream, Fast Food, Beverages",1,250.0,INR,3.9,72,3.653,India,New Delhi,0,0
Giani's,Kamla Nagar,"Ice Cream, Desserts",1,400.0,INR,3.8,167,3.684,India,New Delhi,0,1
Havmor Ice Cream,Kamla Nagar,Ice Cream,1,200.0,INR,3.7,20,3.412,India,New Delhi,0,1
Keventers,Kamla Nagar,Beverages,1,250.0,INR,3.5,61,3.409,India,New Delhi,0,0
Manohar Bikkaneri,Kamla Nagar,"Mithai, Chinese, Street Food",1,200.0,INR,3.8,83,3.611,India,New Delhi,0,0
Manohar Bikkaneri,Kamla Nagar,"Bakery, Chinese",1,200.0,INR,3.6,62,3.465,India,New Delhi,0,0
Nukkadwala,Kamla Nagar,"Fast Food, Street Food",1,300.0,INR,3.7,58,3.514,India,New Delhi,0,1
Om Di Hatti,Kamla Nagar,"Street Food, North Indian",1,100.0,INR,3.7,116,3.579,India,New Delhi,0,0
Orange Tree Cafe,Kamla Nagar,"Continental, Chinese, North Indian",2,600.0,INR,3.5,21,3.357,India,New Delhi,1,0
Rigo Noodles,Kamla Nagar,"Chinese, Thai",2,500.0,INR,3.5,133,3.445,India,New Delhi,0,0
Sethi's The Cake Shop,Kamla Nagar,"Bakery, Fast Food",1,200.0,INR,3.9,150,3.749,India,New Delhi,0,0
Shake Square,Kamla Nagar,"Beverages, Fast Food",1,400.0,INR,3.6,261,3.551,India,New Delhi,0,0
Sharma Kachoriwala,Kamla Nagar,Street Food,1,50.0,INR,3.7,131,3.589,India,New Delhi,0,0
Shawarma Wala,Kamla Nagar,Fast Food,1,300.0,INR,3.7,234,3.629,India,New Delhi,0,0
Shree Rathnam,Kamla Nagar,"South Indian, North Indian, Chinese",2,800.0,INR,3.5,85,3.425,India,New Delhi,0,1
Shri Bankey Bihari Brajwasi Rasgulle Wala,Kamla Nagar,"Mithai, Street Food",1,150.0,INR,3.5,36,3.382,India,New Delhi,0,0
Sid's Kitchen,Kamla Nagar,"North Indian, Chinese",2,500.0,INR,3.8,115,3.648,India,New Delhi,0,1
Subway,Kamla Nagar,"American, Fast Food, Salad, Healthy Food",2,500.0,INR,3.5,143,3.448,India,New Delhi,0,1
Sweet Life By Henna,Kamla Nagar,"Bakery, Desserts",1,400.0,INR,3.5,47,3.396,India,New Delhi,0,0
The Midnight Heroes,Kamla Nagar,"North Indian, Biryani, Chinese, Fast Food",2,950.0,INR,3.8,41,3.524,India,New Delhi,0,1
Urban Hub,Kamla Nagar,"Chinese, North Indian, Italian, Fast Food",3,1900.0,INR,3.6,346,3.562,India,New Delhi,1,0
Vaishno Chat Bhandar,Kamla Nagar,Street Food,1,150.0,INR,3.9,223,3.79,India,New Delhi,0,0
Ved Dhaba,Kamla Nagar,North Indian,1,300.0,INR,3.5,97,3.431,India,New Delhi,0,0
Veg Ex,Kamla Nagar,North Indian,2,500.0,INR,3.6,24,3.396,India,New Delhi,0,1
Wokin Street,Kamla Nagar,Chinese,1,300.0,INR,3.6,25,3.398,India,New Delhi,0,1
Yadav Namkeens & Bakers,Kamla Nagar,Bakery,1,100.0,INR,3.5,15,3.344,India,New Delhi,0,1
Chill'm Bar & Cafe,Kamla Nagar,"North Indian, Italian, Chinese, Fast Food",2,600.0,INR,4.2,300,4.071,India,New Delhi,1,1
Coffee & Cream,Kamla Nagar,"Beverages, Fast Food",1,400.0,INR,4.0,108,3.778,India,New Delhi,0,0
Chawla Di Hutti,Kapashera,North Indian,2,700.0,INR,3.1,59,3.191,India,New Delhi,0,0
Sher 'A' Punjab Bhojnalya,Kapashera,North Indian,2,600.0,INR,3.3,36,3.298,India,New Delhi,0,1
Guru Rakha,Karampura,North Indian,2,600.0,INR,3.1,62,3.188,India,New Delhi,0,0
Shudh Vaishno Hotel,Karampura,North Indian,1,450.0,INR,3.4,44,3.345,India,New Delhi,0,1
Kumar Samose Wala,Karampura,Street Food,1,100.0,INR,4.1,187,3.931,India,New Delhi,0,0
Amigo's Deli,Karkardooma,"Mughlai, Fast Food",1,350.0,INR,3.2,11,3.28,India,New Delhi,0,0
Ananda Food Express,Karkardooma,"North Indian, Chinese",1,450.0,INR,3.2,27,3.263,India,New Delhi,0,1
Green Chick Chop,Karkardooma,"Raw Meats, North Indian, Fast Food",1,350.0,INR,3.4,33,3.338,India,New Delhi,0,0
Khana Vaana,Karkardooma,"North Indian, South Indian, Chinese",1,300.0,INR,3.4,32,3.337,India,New Delhi,0,0
Momoholic,Karkardooma,"Chinese, Fast Food, Ice Cream",1,200.0,INR,3.3,11,3.298,India,New Delhi,0,0
Nazeer Foods,Karkardooma,"North Indian, Mughlai, Chinese",2,550.0,INR,3.3,87,3.299,India,New Delhi,0,0
Pind Balluchi,Karkardooma,"North Indian, Mughlai",2,850.0,INR,2.6,192,2.744,India,New Delhi,1,1
Rumours,Karkardooma,"North Indian, Chinese, Italian",3,1000.0,INR,3.4,232,3.382,India,New Delhi,1,0
Spice Grill,Karkardooma,"North Indian, Mughlai, Chinese, Continental",3,1300.0,INR,3.2,177,3.221,India,New Delhi,0,1
Utopia,Karkardooma,"North Indian, Mediterranean, Continental",3,1500.0,INR,3.2,286,3.214,India,New Delhi,1,0
Aroma Rest O Bar,Karkardooma,"North Indian, Mughlai, Chinese",2,800.0,INR,3.6,306,3.557,India,New Delhi,1,1
Cafe Shloka,Karkardooma,"Cafe, Italian, Chinese, North Indian",3,1000.0,INR,3.5,63,3.41,India,New Delhi,0,1
Chawla's Tandoori Junction,Karkardooma,North Indian,2,800.0,INR,3.5,159,3.452,India,New Delhi,1,0
Desi Villa,Karkardooma,"South Indian, North Indian, Chinese",2,800.0,INR,3.7,28,3.442,India,New Delhi,1,0
Kanwarji's,Karkardooma,"Street Food, Mithai",1,400.0,INR,3.5,40,3.387,India,New Delhi,0,0
Palomino,Karkardooma,"North Indian, Mughlai, Continental, Chinese",3,1600.0,INR,3.7,213,3.623,India,New Delhi,1,1
Raasa The Luxuriate Fine Dine,Karkardooma,"North Indian, Mughlai, Chinese",3,1150.0,INR,3.7,160,3.604,India,New Delhi,1,1
Shiv Tikki Wala,Karkardooma,"Street Food, North Indian",1,250.0,INR,3.8,300,3.728,India,New Delhi,0,0
The Barbeque Company,Karkardooma,"North Indian, Chinese, Continental",3,1300.0,INR,3.8,248,3.716,India,New Delhi,0,0
The Wrap Factory,Karkardooma,Fast Food,1,250.0,INR,3.6,109,3.505,India,New Delhi,0,0
Urban Punjab,Karkardooma,"North Indian, Chinese",2,750.0,INR,3.5,132,3.444,India,New Delhi,1,0
Classic,Karkardooma,"Desserts, Fast Food, Ice Cream",1,250.0,INR,4.0,95,3.758,India,New Delhi,0,0
Goosebumps,Karkardooma,"Ice Cream, Desserts",1,300.0,INR,4.0,292,3.897,India,New Delhi,0,1
Adyar Ananda Bhavan,Karol Bagh,"South Indian, North Indian, Chinese, Street Food, Fast Food",2,500.0,INR,2.8,39,3.079,India,New Delhi,0,0
Amma Mess,Karol Bagh,"South Indian, North Indian",1,250.0,INR,3.4,68,3.357,India,New Delhi,0,0
Amritsari Chaap Corner,Karol Bagh,North Indian,1,200.0,INR,2.9,92,3.04,India,New Delhi,0,0
Aroma Spice,Karol Bagh,"North Indian, Chinese",2,800.0,INR,3.4,51,3.349,India,New Delhi,1,0
Boheme Cafe Bar,Karol Bagh,"North Indian, Chinese, Continental, Italian",3,1100.0,INR,3.2,142,3.225,India,New Delhi,1,1
Cafe Coffee Day,Karol Bagh,Cafe,1,450.0,INR,2.6,21,3.091,India,New Delhi,0,0
Chinese King,Karol Bagh,"Chinese, North Indian, Mughlai",1,450.0,INR,2.5,71,2.829,India,New Delhi,0,1
Chopsuey,Karol Bagh,"Chinese, North Indian",2,600.0,INR,3.2,71,3.24,India,New Delhi,0,1
Chowringhee,Karol Bagh,"North Indian, Chinese",2,600.0,INR,3.4,122,3.37,India,New Delhi,0,1
Crossroad Bar and Restaurant,Karol Bagh,"North Indian, Chinese, Mughlai",2,700.0,INR,3.0,39,3.167,India,New Delhi,0,0
Domino's Pizza,Karol Bagh,"Pizza, Fast Food",2,700.0,INR,3.4,43,3.345,India,New Delhi,0,0
Giani's,Karol Bagh,"Ice Cream, Desserts",1,400.0,INR,3.4,38,3.342,India,New Delhi,0,1
Giani,Karol Bagh,"Ice Cream, Desserts",1,400.0,INR,2.7,39,3.036,India,New Delhi,0,1
Gulnar Bar Be Que,Karol Bagh,"North Indian, Chinese",2,700.0,INR,3.1,73,3.18,India,New Delhi,0,1
Kwality Bengali Sweets,Karol Bagh,"Desserts, Mithai",1,200.0,INR,2.9,10,3.231,India,New Delhi,0,0
Little Chef,Karol Bagh,"North Indian, Mughlai, Chinese, Fast Food",2,500.0,INR,2.7,32,3.064,India,New Delhi,0,1
M J Dosa Corner,Karol Bagh,South Indian,1,150.0,INR,2.9,36,3.131,India,New Delhi,0,0
Moolchand's,Karol Bagh,"North Indian, South Indian, Chinese, Fast Food",1,450.0,INR,3.3,36,3.298,India,New Delhi,0,0
New Angaar Hyderabadi,Karol Bagh,Hyderabadi,2,750.0,INR,3.1,134,3.154,India,New Delhi,1,1
New Frontier Hotel,Karol Bagh,North Indian,1,350.0,INR,3.3,55,3.299,India,New Delhi,0,0
Oberoi Biryani,Karol Bagh,"North Indian, Mughlai",2,600.0,INR,2.9,90,3.042,India,New Delhi,0,0
Om Ji Om,Karol Bagh,North Indian,2,500.0,INR,3.2,60,3.244,India,New Delhi,0,0
Om Saravana Bhavan,Karol Bagh,South Indian,1,400.0,INR,2.7,47,3.008,India,New Delhi,0,0
Pindi Meat,Karol Bagh,North Indian,1,300.0,INR,3.4,43,3.345,India,New Delhi,0,0
Punjab Sweet Corner,Karol Bagh,"Fast Food, North Indian, South Indian, Chinese, Street Food, Mithai",1,350.0,INR,3.3,236,3.3,India,New Delhi,0,0
R1 Lounge,Karol Bagh,"North Indian, Mughlai, Chinese",3,1100.0,INR,2.6,31,3.03,India,New Delhi,1,1
R1 Take Away,Karol Bagh,"North Indian, Mughlai, Chinese",2,700.0,INR,2.5,38,2.953,India,New Delhi,0,1
Raffles,Karol Bagh,"Fast Food, North Indian, Chinese",2,800.0,INR,3.1,123,3.157,India,New Delhi,1,0
Raj Sweets,Karol Bagh,Mithai,1,150.0,INR,2.8,9,3.222,India,New Delhi,0,0
Ramas Cafe,Karol Bagh,"South Indian, Chinese, North Indian",1,350.0,INR,3.3,70,3.299,India,New Delhi,0,0
Sandoz,Karol Bagh,"North Indian, Chinese",2,550.0,INR,3.4,114,3.369,India,New Delhi,0,0
Sandoz,Karol Bagh,"North Indian, Chinese",2,550.0,INR,2.7,56,2.982,India,New Delhi,0,0
Shudh,Karol Bagh,"North Indian, Chinese, South Indian",2,600.0,INR,3.1,247,3.133,India,New Delhi,0,1
Southy,Karol Bagh,South Indian,1,450.0,INR,3.1,90,3.17,India,New Delhi,0,1
Spicy by Nature,Karol Bagh,"North Indian, Mughlai, Chinese",2,900.0,INR,2.7,84,2.923,India,New Delhi,1,0
Spicy N Karara,Karol Bagh,"North Indian, Chinese, Fast Food",2,650.0,INR,3.3,93,3.299,India,New Delhi,0,1
Spooky Sky,Karol Bagh,"Italian, Chinese, North Indian",2,650.0,INR,3.4,44,3.345,India,New Delhi,0,1
Sri Krishna Udupi,Karol Bagh,South Indian,1,400.0,INR,3.0,27,3.193,India,New Delhi,0,0
Tempting Restaurant,Karol Bagh,"Chinese, Mughlai, North Indian",2,750.0,INR,2.7,68,2.953,India,New Delhi,1,1
The Smokin' Grill by The Flashback,Karol Bagh,Fast Food,1,400.0,INR,3.3,23,3.298,India,New Delhi,0,1
Three Tuns,Karol Bagh,"European, Italian, Thai, Chinese, North Indian",3,1400.0,INR,3.2,30,3.261,India,New Delhi,1,0
Wah Ji Wah,Karol Bagh,"North Indian, Chinese",2,500.0,INR,2.5,69,2.835,India,New Delhi,0,1
Wow! Momo,Karol Bagh,"Tibetan, Fast Food",1,350.0,INR,2.6,41,2.983,India,New Delhi,0,0
Wrap & Roll,Karol Bagh,"Fast Food, Chinese",1,400.0,INR,3.4,36,3.34,India,New Delhi,0,1
Anjlika Pastry Shop,Karol Bagh,"Bakery, Desserts, Fast Food",1,400.0,INR,3.6,179,3.534,India,New Delhi,0,0
Bakeology,Karol Bagh,"Bakery, Desserts",1,450.0,INR,3.5,22,3.359,India,New Delhi,0,0
Changezi Chicken,Karol Bagh,"North Indian, Mughlai",2,650.0,INR,3.7,456,3.66,India,New Delhi,0,1
Chargrill Resto Bar,Karol Bagh,"North Indian, European, South Indian",2,900.0,INR,3.6,43,3.437,India,New Delhi,1,1
Chowringhee,Karol Bagh,Fast Food,1,200.0,INR,3.7,120,3.582,India,New Delhi,0,1
Glenz Cafe N Bakers,Karol Bagh,"Cafe, Fast Food, Desserts",2,700.0,INR,3.8,230,3.71,India,New Delhi,0,1
Happy2Bake,Karol Bagh,Bakery,1,300.0,INR,3.5,26,3.367,India,New Delhi,0,1
Nazeer Foods,Karol Bagh,"Mughlai, North Indian",2,600.0,INR,3.5,27,3.368,India,New Delhi,0,1
Pakode Ki Dukaan,Karol Bagh,Street Food,1,50.0,INR,3.6,35,3.422,India,New Delhi,0,0
Peshawari Chicken Corner,Karol Bagh,North Indian,2,500.0,INR,3.6,76,3.48,India,New Delhi,0,1
Prem Dhaba,Karol Bagh,North Indian,2,650.0,INR,3.7,177,3.611,India,New Delhi,0,0
Ravi Raj Di Kulfi,Karol Bagh,Desserts,1,150.0,INR,3.6,99,3.498,India,New Delhi,0,0
Shawarma King's,Karol Bagh,Fast Food,1,250.0,INR,3.7,136,3.592,India,New Delhi,0,1
Shri Rama Restaurant,Karol Bagh,"North Indian, Chinese",2,600.0,INR,3.5,72,3.417,India,New Delhi,0,1
Sri Balaji,Karol Bagh,"South Indian, North Indian",2,600.0,INR,3.5,88,3.427,India,New Delhi,0,0
Standard Burfee,Karol Bagh,"Mithai, Street Food",1,200.0,INR,3.8,100,3.632,India,New Delhi,0,0
Subway,Karol Bagh,"American, Fast Food, Salad, Healthy Food",2,500.0,INR,3.6,118,3.51,India,New Delhi,0,0
Suruchi,Karol Bagh,"Gujarati, Rajasthani, North Indian, Fast Food",2,700.0,INR,3.8,603,3.762,India,New Delhi,0,1
Tera Hotel,Karol Bagh,North Indian,1,350.0,INR,3.5,149,3.449,India,New Delhi,0,0
The Diet Kitchen,Karol Bagh,"Continental, Healthy Food",2,700.0,INR,3.7,39,3.474,India,New Delhi,0,1
The Spot,Karol Bagh,Chinese,1,350.0,INR,3.5,109,3.436,India,New Delhi,0,0
Wrapss,Karol Bagh,"Chinese, Fast Food",1,350.0,INR,3.5,214,3.462,India,New Delhi,0,1
Wrapss,Karol Bagh,"Chinese, Fast Food",1,350.0,INR,3.5,64,3.411,India,New Delhi,0,1
Cafe Coffee Day,Karol Bagh,Cafe,1,450.0,INR,2.3,32,2.908,India,New Delhi,0,0
Jade Garden,Karol Bagh,Finger Food,3,1000.0,INR,2.4,52,2.84,India,New Delhi,1,0
Art of Spices,Karol Bagh,"Fast Food, North Indian, Mughlai",2,500.0,INR,4.0,841,3.961,India,New Delhi,0,0
Sindhi Corner,Karol Bagh,Street Food,1,200.0,INR,4.0,74,3.717,India,New Delhi,0,0
The Feast House,Karol Bagh,"Continental, North Indian, American, Italian, Mexican",3,1050.0,INR,4.3,142,4.039,India,New Delhi,1,0
Zaffran,"Kasbah, Greater Kailash (GK) 1","North Indian, Mughlai",4,2000.0,INR,4.5,524,4.395,India,New Delhi,0,0
McDonald's,Kashmiri Gate,"Fast Food, Burger",2,500.0,INR,3.3,132,3.299,India,New Delhi,0,0
Captain Grub,Khan Market,"American, Fast Food",3,1000.0,INR,3.1,18,3.245,India,New Delhi,0,1
M:Eat by Blanco,Khan Market,"Bakery, Desserts",1,300.0,INR,3.3,29,3.298,India,New Delhi,0,0
Omazoni,Khan Market,"North Indian, Chinese, Mexican, Lebanese, Italian, Fast Food",2,650.0,INR,2.5,120,2.735,India,New Delhi,0,1
Prabhu Chaat Bhandar,Khan Market,Street Food,1,150.0,INR,3.2,242,3.217,India,New Delhi,0,0
Sugar & Spice - Le Marche,Khan Market,"Bakery, Fast Food",2,800.0,INR,3.3,89,3.299,India,New Delhi,0,0
Big Chill,Khan Market,"Italian, Continental, European, Cafe",3,1500.0,INR,4.5,4986,4.488,India,New Delhi,0,0
Big Chill,Khan Market,"Italian, Continental, European, Cafe",3,1500.0,INR,4.6,1569,4.56,India,New Delhi,0,0
Amici Cafe,Khan Market,"Cafe, Pizza, Italian",3,1200.0,INR,3.8,863,3.772,India,New Delhi,1,1
Azam's Mughlai,Khan Market,Mughlai,2,600.0,INR,3.9,157,3.754,India,New Delhi,0,0
Boombox Cafe,Khan Market,"American, Italian, North Indian, Chinese, Lebanese",4,2000.0,INR,3.6,1428,3.59,India,New Delhi,1,0
Cafe Illuminatii,Khan Market,"Continental, Kashmiri, Italian, North Indian, Moroccan",4,2500.0,INR,3.6,300,3.557,India,New Delhi,1,1
Cafe Turtle,Khan Market,"Cafe, Italian, Lebanese",3,1000.0,INR,3.6,574,3.576,India,New Delhi,0,0
China Fare,Khan Market,Chinese,3,1000.0,INR,3.7,243,3.631,India,New Delhi,0,0
Chokola,Khan Market,"Cafe, Desserts, Bakery",2,700.0,INR,3.8,391,3.743,India,New Delhi,0,1
Cravings By Arshi Dhupia,Khan Market,"Bakery, Desserts, Fast Food",2,800.0,INR,3.6,29,3.408,India,New Delhi,0,0
Harry's Bar + Cafe,Khan Market,"Mediterranean, American, Asian",3,1700.0,INR,3.7,395,3.655,India,New Delhi,1,0
Khan Chacha,Khan Market,"Mughlai, North Indian",2,650.0,INR,3.7,2860,3.693,India,New Delhi,0,0
La Bodega,Khan Market,Mexican,3,1700.0,INR,3.6,505,3.573,India,New Delhi,1,1
La Vie,Khan Market,"Italian, European",3,1400.0,INR,3.9,454,3.84,India,New Delhi,0,1
Latitude 28,Khan Market,"American, Continental, Italian",4,2000.0,INR,3.8,203,3.701,India,New Delhi,1,0
Laziz Kabab (Subhash Restaurant),Khan Market,Mughlai,1,400.0,INR,3.7,79,3.544,India,New Delhi,0,0
Mr. Choy,Khan Market,"Seafood, Chinese, Japanese, Vietnamese, Asian, Thai",3,1200.0,INR,3.9,287,3.811,India,New Delhi,0,0
Public Affair,Khan Market,European,4,2100.0,INR,3.8,199,3.699,India,New Delhi,0,0
Qureshi Kabab,Khan Market,Mughlai,1,450.0,INR,3.5,17,3.349,India,New Delhi,0,0
Side Wok,Khan Market,"Burmese, Chinese, Japanese, Malaysian, Thai",4,2000.0,INR,3.9,372,3.829,India,New Delhi,1,1
Subway,Khan Market,"American, Fast Food, Salad, Healthy Food",2,500.0,INR,3.7,188,3.615,India,New Delhi,0,1
t Lounge by Dilmah,Khan Market,"Cafe, Tea, Desserts",2,800.0,INR,3.6,34,3.42,India,New Delhi,0,0
The Blue Door Cafe,Khan Market,"Italian, French, European, Cafe",3,1700.0,INR,3.7,774,3.676,India,New Delhi,1,0
The Coffee Bean & Tea Leaf,Khan Market,Cafe,2,700.0,INR,3.8,256,3.718,India,New Delhi,0,0
Town Hall,Khan Market,"Japanese, Thai, Italian, Asian",4,2500.0,INR,3.8,1186,3.78,India,New Delhi,0,0
Wok  In The Clouds,Khan Market,"Chinese, Thai, Continental, North Indian",4,2000.0,INR,3.8,669,3.765,India,New Delhi,0,1
Civil House,Khan Market,"European, Continental, Pizza",3,1700.0,INR,4.2,113,3.923,India,New Delhi,1,0
L'Opera,Khan Market,"Bakery, Desserts, Fast Food",1,400.0,INR,4.0,518,3.938,India,New Delhi,0,1
Mamagoto,Khan Market,"Asian, Thai, Chinese",3,1600.0,INR,4.1,1330,4.071,India,New Delhi,1,1
Out Of The Box,Khan Market,"North Indian, Lebanese, Mexican, Asian, Italian, American, European",3,1550.0,INR,4.0,1203,3.972,India,New Delhi,1,0
Parallel,Khan Market,"Continental, American",4,2000.0,INR,4.0,79,3.728,India,New Delhi,1,0
Perch Wine & Coffee Bar,Khan Market,"Cafe, European",4,2000.0,INR,4.2,551,4.125,India,New Delhi,0,0
Smoke House Deli,Khan Market,"Italian, European, Cafe",3,1650.0,INR,4.0,1093,3.969,India,New Delhi,1,0
Smokey's BBQ and Grill,Khan Market,"American, European",4,2100.0,INR,4.2,578,4.128,India,New Delhi,1,1
SodaBottleOpenerWala,Khan Market,"Parsi, Iranian",3,1300.0,INR,4.2,1914,4.177,India,New Delhi,0,0
The Artful Baker,Khan Market,"Bakery, Fast Food",2,600.0,INR,4.0,220,3.87,India,New Delhi,0,0
The Big Chill Cakery,Khan Market,"Bakery, Desserts",2,700.0,INR,4.4,912,4.343,India,New Delhi,0,0
The Chatter House,Khan Market,"Finger Food, Italian, North Indian",3,1800.0,INR,4.2,436,4.107,India,New Delhi,1,0
Amaze Dining,Kirti Nagar,"North Indian, Chinese",3,1100.0,INR,3.1,10,3.264,India,New Delhi,1,0
Amritsari Naan & Kulcha,Kirti Nagar,North Indian,1,250.0,INR,3.1,12,3.259,India,New Delhi,0,0
Bangla Sweets,Kirti Nagar,"Mithai, North Indian, South Indian, Chinese, Bakery",1,450.0,INR,3.3,13,3.298,India,New Delhi,0,1
Bj's Lounge & Cafe,Kirti Nagar,"North Indian, Chinese",2,700.0,INR,3.0,11,3.244,India,New Delhi,1,1
BTW,Kirti Nagar,"Street Food, South Indian, Mithai",1,400.0,INR,3.2,19,3.271,India,New Delhi,0,0
Cabana's Kabab & Curry's,Kirti Nagar,"North Indian, Mughlai, Chinese",1,450.0,INR,3.3,73,3.299,India,New Delhi,0,0
Cafe Coffee Day,Kirti Nagar,Cafe,1,450.0,INR,3.2,23,3.267,India,New Delhi,0,0
Chaap Point,Kirti Nagar,Fast Food,1,150.0,INR,3.2,11,3.28,India,New Delhi,0,0
Chicken Chilli Corner,Kirti Nagar,"Chinese, North Indian",2,500.0,INR,3.1,10,3.264,India,New Delhi,0,0
Chinese Dragon,Kirti Nagar,"Chinese, Fast Food",2,550.0,INR,2.6,49,2.952,India,New Delhi,0,0
Copper Restro Bar,Kirti Nagar,"North Indian, Chinese, Continental",3,1200.0,INR,2.8,15,3.183,India,New Delhi,1,0
Corner Sweets,Kirti Nagar,"Mithai, Street Food",1,200.0,INR,3.2,100,3.232,India,New Delhi,0,0
D'Casa,Kirti Nagar,"North Indian, Chinese, Italian, Fast Food",3,1100.0,INR,2.7,63,2.964,India,New Delhi,1,0
Delhi 15,Kirti Nagar,"North Indian, Mughlai, Chinese",2,800.0,INR,2.7,45,3.014,India,New Delhi,1,1
Dialogue Lounge & Caf,Kirti Nagar,"Cafe, Continental",2,750.0,INR,3.0,4,3.275,India,New Delhi,0,0
Domino's Pizza,Kirti Nagar,"Pizza, Fast Food",2,700.0,INR,3.3,57,3.299,India,New Delhi,0,0
Flavours From Heaven,Kirti Nagar,"North Indian, Chinese",2,650.0,INR,3.3,12,3.298,India,New Delhi,0,0
Flavours Of Biryani,Kirti Nagar,"Biryani, Mughlai",1,400.0,INR,3.3,35,3.298,India,New Delhi,0,1
Flirty Momo's,Kirti Nagar,Chinese,1,350.0,INR,3.0,6,3.266,India,New Delhi,0,1
Gedi Grill,Kirti Nagar,"North Indian, Mughlai, Chinese",2,700.0,INR,3.4,143,3.373,India,New Delhi,0,0
Green Chick Chop,Kirti Nagar,"Raw Meats, North Indian, Fast Food",1,350.0,INR,2.7,23,3.109,India,New Delhi,0,0
Indian Bites,Kirti Nagar,"North Indian, Chinese, Continental",2,550.0,INR,2.7,41,3.028,India,New Delhi,0,1
Karan's Vaishno Dhaba,Kirti Nagar,North Indian,1,300.0,INR,3.2,29,3.262,India,New Delhi,0,1
Le Swaadik,Kirti Nagar,"North Indian, Chinese",2,500.0,INR,3.3,13,3.298,India,New Delhi,0,0
Let's Meet Up,Kirti Nagar,"Fast Food, Bakery",1,350.0,INR,3.2,16,3.274,India,New Delhi,0,0
Madan's Kabab Centre,Kirti Nagar,"North Indian, Mughlai",2,600.0,INR,3.2,31,3.26,India,New Delhi,0,0
Midnight Fries,Kirti Nagar,"Chinese, Italian, Fast Food",2,550.0,INR,2.7,46,3.011,India,New Delhi,0,1
Moradabadi Biryani,Kirti Nagar,"Lucknowi, Biryani",1,300.0,INR,3.1,9,3.267,India,New Delhi,0,0
Namdhari's Icecream & Bakers,Kirti Nagar,"Desserts, Bakery, Fast Food",1,300.0,INR,2.8,23,3.141,India,New Delhi,0,0
Pahariya Chicken Corner,Kirti Nagar,"Raw Meats, Fast Food",1,400.0,INR,3.1,7,3.273,India,New Delhi,0,0
Pahariya Chicken,Kirti Nagar,North Indian,1,450.0,INR,2.7,15,3.16,India,New Delhi,0,0
Pappi Machhi Wala,Kirti Nagar,North Indian,1,450.0,INR,3.2,9,3.283,India,New Delhi,0,0
Pizza Hut Delivery,Kirti Nagar,"Italian, Pizza, Fast Food",2,800.0,INR,2.6,67,2.898,India,New Delhi,0,1
Polka Cakes & Coffee,Kirti Nagar,"Fast Food, Chinese, Bakery",1,400.0,INR,3.3,17,3.298,India,New Delhi,0,0
Punjabi Joint,Kirti Nagar,"Mughlai, North Indian, Chinese",2,600.0,INR,2.8,4,3.261,India,New Delhi,0,0
Rain Tree Grill,Kirti Nagar,"North Indian, Chinese, Mughlai",3,1200.0,INR,3.2,74,3.239,India,New Delhi,1,1
Resunga Food Corner,Kirti Nagar,"Chinese, Mughlai",2,600.0,INR,3.0,5,3.27,India,New Delhi,0,0
Shri Ram Poori Wale,Kirti Nagar,Street Food,1,50.0,INR,2.8,8,3.229,India,New Delhi,0,0
Supa's Restaurant,Kirti Nagar,"North Indian, Chinese",2,800.0,INR,3.2,50,3.249,India,New Delhi,1,0
Swad Fast Food,Kirti Nagar,"Chinese, South Indian",1,300.0,INR,2.9,16,3.201,India,New Delhi,0,0
Syall Kotian Da Dhaba,Kirti Nagar,North Indian,2,600.0,INR,3.0,20,3.212,India,New Delhi,0,0
The Krib,Kirti Nagar,"Italian, Continental",4,2500.0,INR,3.2,14,3.276,India,New Delhi,1,0
Turtle Bay,Kirti Nagar,"North Indian, Chinese, Fast Food",3,1100.0,INR,3.4,74,3.359,India,New Delhi,1,0
Yakooz,Kirti Nagar,"Hyderabadi, North Indian",2,550.0,INR,3.1,20,3.241,India,New Delhi,0,0
Above & Beyond,Kirti Nagar,"North Indian, Chinese, Mughlai, Continental",3,1200.0,INR,3.5,133,3.445,India,New Delhi,1,1
Bawa Chicken,Kirti Nagar,"North Indian, Mughlai, Chinese",2,650.0,INR,3.5,98,3.432,India,New Delhi,0,0
Chatore,Kirti Nagar,Street Food,1,250.0,INR,3.6,26,3.401,India,New Delhi,0,0
Chocomore,Kirti Nagar,Bakery,2,500.0,INR,3.7,68,3.529,India,New Delhi,0,0
Clay 1 Grill,Kirti Nagar,"North Indian, Mughlai",3,1000.0,INR,3.6,283,3.555,India,New Delhi,1,0
Firangi Island,Kirti Nagar,"North Indian, Chinese, Continental, Italian",3,1200.0,INR,3.5,21,3.357,India,New Delhi,1,0
Jeet Chaat Bhandar,Kirti Nagar,Street Food,1,150.0,INR,3.5,23,3.361,India,New Delhi,0,0
Mr. Grill,Kirti Nagar,"North Indian, Chinese",2,600.0,INR,3.6,55,3.456,India,New Delhi,0,1
Tikka Junction,Kirti Nagar,"North Indian, Chinese",2,750.0,INR,3.5,102,3.433,India,New Delhi,0,1
Momos Hut & Chinese Food,Kirti Nagar,"Chinese, Fast Food",2,500.0,INR,2.4,20,3.041,India,New Delhi,0,0
Wah Ji Wah,Kirti Nagar,North Indian,1,350.0,INR,2.1,54,2.676,India,New Delhi,0,0
Yo! China,Kirti Nagar,Chinese,2,800.0,INR,2.4,39,2.904,India,New Delhi,0,1
Aapki Apni Rasoi,Krishna Nagar,North Indian,1,200.0,INR,2.9,6,3.255,India,New Delhi,0,0
Aapki Rasoi,Krishna Nagar,North Indian,1,250.0,INR,3.0,15,3.229,India,New Delhi,0,0
Advance Bakery,Krishna Nagar,"Bakery, Fast Food, Street Food",1,200.0,INR,2.9,7,3.249,India,New Delhi,0,0
Apni Rasoi,Krishna Nagar,"North Indian, Chinese",1,300.0,INR,2.9,16,3.201,India,New Delhi,0,0
Bakeyard,Krishna Nagar,Bakery,1,300.0,INR,3.0,6,3.266,India,New Delhi,0,0
Bharat Chicken Inn Foods,Krishna Nagar,Mughlai,1,400.0,INR,2.9,9,3.237,India,New Delhi,0,0
Bobby Veg Corner,Krishna Nagar,Chinese,1,350.0,INR,2.9,5,3.261,India,New Delhi,0,0
Brunch Point,Krishna Nagar,North Indian,1,150.0,INR,2.9,4,3.268,India,New Delhi,0,0
Bunty Dhaba,Krishna Nagar,"North Indian, Chinese",2,500.0,INR,2.5,50,2.899,India,New Delhi,0,1
Chandni Chowk Ka Sonu Parathe Wala,Krishna Nagar,Street Food,1,100.0,INR,3.1,12,3.259,India,New Delhi,0,0
Chankya,Krishna Nagar,"North Indian, Fast Food, South Indian",2,500.0,INR,3.2,79,3.238,India,New Delhi,0,0
Chaudhary Di Hatti,Krishna Nagar,"Desserts, Street Food",1,150.0,INR,3.3,20,3.298,India,New Delhi,0,0
Cook Du Kdu,Krishna Nagar,"North Indian, Chinese, Mughlai",2,650.0,INR,3.2,52,3.248,India,New Delhi,0,1
Daawat Restaurant,Krishna Nagar,"North Indian, Chinese, South Indian",2,500.0,INR,3.3,26,3.298,India,New Delhi,0,1
Delhi Dairy,Krishna Nagar,"Fast Food, North Indian, South Indian, Chinese, Bakery",1,350.0,INR,3.2,11,3.28,India,New Delhi,0,0
Domino's Pizza,Krishna Nagar,"Pizza, Fast Food",2,700.0,INR,2.9,13,3.215,India,New Delhi,0,0
Domino's Pizza,Krishna Nagar,"Pizza, Fast Food",2,700.0,INR,3.1,75,3.179,India,New Delhi,0,0
F 2 Pastry Shop,Krishna Nagar,"Bakery, Fast Food",1,150.0,INR,3.3,26,3.298,India,New Delhi,0,0
Food Villa,Krishna Nagar,"North Indian, Chinese",2,700.0,INR,2.9,10,3.231,India,New Delhi,0,0
Goosebumps,Krishna Nagar,"Ice Cream, Desserts",1,300.0,INR,3.2,6,3.287,India,New Delhi,0,0
Gulab,Krishna Nagar,"Mithai, North Indian",2,500.0,INR,3.3,12,3.298,India,New Delhi,0,0
Health Buzzz,Krishna Nagar,Healthy Food,1,350.0,INR,3.1,22,3.237,India,New Delhi,0,1
Jain Dhaba,Krishna Nagar,North Indian,1,400.0,INR,3.2,30,3.261,India,New Delhi,0,0
Jeeta Kulfi Walle,Krishna Nagar,Desserts,1,100.0,INR,3.3,12,3.298,India,New Delhi,0,0
Kamal Meat House,Krishna Nagar,North Indian,1,400.0,INR,2.6,15,3.136,India,New Delhi,0,0
Katyani Rasoi,Krishna Nagar,North Indian,1,300.0,INR,3.2,10,3.281,India,New Delhi,0,0
Magic Masala,Krishna Nagar,"North Indian, South Indian",1,400.0,INR,3.0,11,3.244,India,New Delhi,0,0
Masala Magic,Krishna Nagar,"North Indian, South Indian, Fast Food",1,400.0,INR,3.0,16,3.225,India,New Delhi,0,0
Mother Sweets,Krishna Nagar,Mithai,1,100.0,INR,3.4,15,3.321,India,New Delhi,0,0
Panj Taara,Krishna Nagar,North Indian,2,600.0,INR,3.1,8,3.27,India,New Delhi,0,0
Prince Fried N Grilled Chicken,Krishna Nagar,North Indian,1,450.0,INR,2.7,18,3.139,India,New Delhi,0,0
Punjabi's Veg Grill,Krishna Nagar,"North Indian, Fast Food",1,400.0,INR,3.1,10,3.264,India,New Delhi,0,0
Raja Chat Corner,Krishna Nagar,Street Food,1,100.0,INR,3.3,20,3.298,India,New Delhi,0,0
Rajshree,Krishna Nagar,"North Indian, Chinese",2,550.0,INR,3.3,16,3.298,India,New Delhi,0,0
Sachdeva Chicken Corner,Krishna Nagar,North Indian,2,500.0,INR,3.4,39,3.342,India,New Delhi,0,0
Shree Rathnam,Krishna Nagar,"South Indian, North Indian, Chinese",2,800.0,INR,2.9,66,3.071,India,New Delhi,0,1
Sialkot,Krishna Nagar,North Indian,1,250.0,INR,3.1,7,3.273,India,New Delhi,0,0
Singh-O-Singh Kebabs,Krishna Nagar,"North Indian, Mughlai",2,500.0,INR,3.1,54,3.195,India,New Delhi,0,1
Super Snacks,Krishna Nagar,"South Indian, Fast Food, Street Food",2,500.0,INR,3.1,44,3.205,India,New Delhi,0,0
Tandoori Night,Krishna Nagar,"North Indian, Mughlai",2,600.0,INR,3.1,15,3.252,India,New Delhi,0,0
The Chaupal Bar And Restaurant,Krishna Nagar,"Chinese, North Indian",2,800.0,INR,2.9,14,3.21,India,New Delhi,1,0
The Grill Point,Krishna Nagar,"Chinese, Mughlai, North Indian",1,350.0,INR,3.0,4,3.275,India,New Delhi,0,0
The Roll Hut,Krishna Nagar,"Chinese, Fast Food",1,200.0,INR,3.1,13,3.257,India,New Delhi,0,0
Triveni,Krishna Nagar,"North Indian, South Indian, Chinese, Fast Food",1,300.0,INR,3.2,31,3.26,India,New Delhi,0,0
Gokul Foods,Krishna Nagar,"North Indian, Chinese",2,550.0,INR,3.6,22,3.39,India,New Delhi,0,0
Papa Pizza,Krishna Nagar,"Pizza, Fast Food",1,450.0,INR,3.5,21,3.357,India,New Delhi,0,0
Rainbows,Lado Sarai,"Bakery, Fast Food",1,400.0,INR,3.1,10,3.264,India,New Delhi,0,1
The Nest,Lado Sarai,"Continental, Italian, North Indian",4,2200.0,INR,3.5,218,3.462,India,New Delhi,1,0
Ambersari Dhaba,Lajpat Nagar 1,Fast Food,1,250.0,INR,3.4,44,3.345,India,New Delhi,0,0
Arabian Knites,Lajpat Nagar 1,"Cafe, Chinese",2,500.0,INR,3.0,7,3.261,India,New Delhi,0,0
Aryan's Rajasthani Pyaz Ki Kachori,Lajpat Nagar 1,Street Food,1,100.0,INR,3.1,4,3.283,India,New Delhi,0,0
Aviram's Chinese Kitchen,Lajpat Nagar 1,"Chinese, Fast Food",1,250.0,INR,2.7,4,3.253,India,New Delhi,0,1
Bhagwan Sweets,Lajpat Nagar 1,"Mithai, North Indian, Chinese, Street Food",1,250.0,INR,2.8,8,3.229,India,New Delhi,0,0
Chawla,Lajpat Nagar 1,"North Indian, Chinese",1,400.0,INR,2.7,7,3.224,India,New Delhi,0,1
Chinese Hut,Lajpat Nagar 1,"Chinese, Fast Food",1,450.0,INR,3.2,56,3.246,India,New Delhi,0,1
Flavourz,Lajpat Nagar 1,Fast Food,1,150.0,INR,3.3,6,3.298,India,New Delhi,0,1
Lets Bake Love,Lajpat Nagar 1,"Bakery, Desserts",2,600.0,INR,3.0,4,3.275,India,New Delhi,0,0
Mahadev Dhaba,Lajpat Nagar 1,North Indian,1,100.0,INR,2.6,10,3.181,India,New Delhi,0,1
Sethi's Food Corner,Lajpat Nagar 1,"Chinese, North Indian",2,550.0,INR,3.3,40,3.299,India,New Delhi,0,0
Sethi's Restaurant,Lajpat Nagar 1,"North Indian, Chinese, Fast Food",2,700.0,INR,3.4,49,3.348,India,New Delhi,0,1
Sindhi Kulfi,Lajpat Nagar 1,"Desserts, Ice Cream",1,100.0,INR,3.0,4,3.275,India,New Delhi,0,0
Sri Kamakshi Vilas,Lajpat Nagar 1,"South Indian, North Indian",1,400.0,INR,2.7,9,3.206,India,New Delhi,0,0
The Midnight Hub - C,Lajpat Nagar 1,"North Indian, Chinese, Fast Food",1,450.0,INR,2.6,102,2.829,India,New Delhi,0,1
Anand Ji,Lajpat Nagar 1,"North Indian, Street Food",1,200.0,INR,3.8,183,3.692,India,New Delhi,0,0
Happy Hakka,Lajpat Nagar 1,"Chinese, Asian, Thai",2,650.0,INR,3.7,270,3.637,India,New Delhi,0,1
Oberoi's,Lajpat Nagar 1,North Indian,2,600.0,INR,3.6,75,3.479,India,New Delhi,0,1
Relax Restaurant,Lajpat Nagar 1,"North Indian, Mughlai",2,800.0,INR,3.5,116,3.439,India,New Delhi,1,1
Aggarwal Sweet Corner,Lajpat Nagar 2,"North Indian, Chinese, Street Food, Mithai",1,300.0,INR,3.4,22,3.329,India,New Delhi,0,1
Behrouz Biryani,Lajpat Nagar 2,Biryani,2,600.0,INR,3.0,32,3.181,India,New Delhi,0,1
Biryani Blues,Lajpat Nagar 2,"Biryani, Hyderabadi",3,1000.0,INR,3.1,8,3.27,India,New Delhi,1,1
Burger King,Lajpat Nagar 2,"Burger, Fast Food",2,500.0,INR,3.4,45,3.346,India,New Delhi,0,1
Domino's Pizza,Lajpat Nagar 2,"Pizza, Fast Food",2,700.0,INR,2.5,47,2.911,India,New Delhi,0,0
Gopal (Sindhi) Restaurant,Lajpat Nagar 2,"North Indian, Mughlai",2,650.0,INR,3.4,59,3.353,India,New Delhi,0,1
Kabul Delhi,Lajpat Nagar 2,Afghani,2,550.0,INR,2.9,39,3.123,India,New Delhi,0,1
Khan Chacha,Lajpat Nagar 2,"Mughlai, North Indian",2,650.0,INR,2.9,31,3.145,India,New Delhi,0,1
Pizza Hut Delivery,Lajpat Nagar 2,"Italian, Pizza, Fast Food",2,800.0,INR,2.8,54,3.039,India,New Delhi,0,1
Punjabi Jaika,Lajpat Nagar 2,"North Indian, Street Food",1,250.0,INR,3.3,40,3.299,India,New Delhi,0,0
Rozy Restaurant,Lajpat Nagar 2,"North Indian, South Indian, Chinese",2,500.0,INR,2.6,50,2.949,India,New Delhi,0,0
Taj Cafe,Lajpat Nagar 2,"North Indian, Chinese",2,600.0,INR,3.1,18,3.245,India,New Delhi,0,0
Tewari Sweets,Lajpat Nagar 2,"Mithai, North Indian, South Indian, Chinese, Street Food",2,500.0,INR,3.1,33,3.219,India,New Delhi,0,0
The Burger Hut & Cake Shop,Lajpat Nagar 2,"Burger, Fast Food, Chinese, Bakery",1,300.0,INR,3.0,41,3.163,India,New Delhi,0,1
Angel's Basket,Lajpat Nagar 2,Bakery,1,200.0,INR,3.5,70,3.416,India,New Delhi,0,0
Bikanervala,Lajpat Nagar 2,"North Indian, South Indian, Fast Food, Street Food, Chinese, Beverages, Desserts, Mithai",2,550.0,INR,3.7,269,3.637,India,New Delhi,0,1
Haldiram's,Lajpat Nagar 2,"North Indian, South Indian, Chinese, Street Food, Fast Food, Mithai, Desserts",2,600.0,INR,3.8,472,3.752,India,New Delhi,0,0
Moon of Taj,Lajpat Nagar 2,Desserts,2,500.0,INR,3.8,21,3.446,India,New Delhi,0,1
Tongue Thai'd,Lajpat Nagar 2,"Asian, Thai",3,1000.0,INR,3.7,57,3.512,India,New Delhi,0,1
Udupi Sai Sarover,Lajpat Nagar 2,"North Indian, South Indian, Chinese",2,550.0,INR,3.8,63,3.578,India,New Delhi,0,0
Wagh Bakri Tea Lounge,Lajpat Nagar 2,Cafe,2,550.0,INR,3.5,54,3.403,India,New Delhi,0,0
Tibet Kitchen,Lajpat Nagar 4,"Tibetan, Chinese",2,500.0,INR,3.5,515,3.482,India,New Delhi,0,0
Baba Nagpal Corner,Lajpat Nagar 4,"North Indian, Street Food",1,150.0,INR,4.1,577,4.036,India,New Delhi,0,0
Burger Street,Lawrence Road,Fast Food,1,300.0,INR,3.4,32,3.337,India,New Delhi,0,0
Dilli Zaika,Lawrence Road,"Fast Food, South Indian, Chinese",1,300.0,INR,3.2,23,3.267,India,New Delhi,0,0
Mughal Chic Inn,Lawrence Road,"Mughlai, North Indian",2,600.0,INR,3.3,23,3.298,India,New Delhi,0,0
Nutrition Theka,Lawrence Road,Cafe,2,500.0,INR,3.3,12,3.298,India,New Delhi,0,0
Punjabi Chaap Corner,Lawrence Road,"North Indian, Fast Food",2,550.0,INR,3.1,20,3.241,India,New Delhi,0,0
Samosa Street,Lawrence Road,"Fast Food, Street Food",1,200.0,INR,3.3,7,3.298,India,New Delhi,0,0
Shanu's Chicken Planet,Lawrence Road,"North Indian, Mughlai, Chinese, Italian",1,450.0,INR,3.2,11,3.28,India,New Delhi,0,0
Shanu's Food Shop,Lawrence Road,"North Indian, Chinese, Fast Food",1,450.0,INR,2.8,13,3.195,India,New Delhi,0,1
Rahul Eggs,Lawrence Road,"Fast Food, South Indian",1,400.0,INR,4.2,762,4.144,India,New Delhi,0,0
7 Stick,Laxmi Nagar,"Pizza, Fast Food",1,250.0,INR,2.8,8,3.229,India,New Delhi,0,0
Aashirwad Restaurant,Laxmi Nagar,"North Indian, Chinese",1,400.0,INR,2.6,5,3.234,India,New Delhi,0,1
Amar Bakery,Laxmi Nagar,"Fast Food, Mithai, Bakery",1,250.0,INR,3.3,13,3.298,India,New Delhi,0,0
Apni Rasoi,Laxmi Nagar,North Indian,1,400.0,INR,3.1,24,3.233,India,New Delhi,0,0
Baked Buns,Laxmi Nagar,Fast Food,2,500.0,INR,3.1,18,3.245,India,New Delhi,0,1
Banspi,Laxmi Nagar,Chinese,1,350.0,INR,2.9,13,3.215,India,New Delhi,0,0
Benchmark,Laxmi Nagar,"Chinese, Continental, Mexican",2,500.0,INR,2.8,14,3.189,India,New Delhi,0,0
Bobby Tikki Wala,Laxmi Nagar,Street Food,1,250.0,INR,3.0,74,3.12,India,New Delhi,0,0
Cafe Coffee Day,Laxmi Nagar,Cafe,1,450.0,INR,2.7,18,3.139,India,New Delhi,0,0
Cafe Coffee Day,Laxmi Nagar,Cafe,1,450.0,INR,2.8,14,3.189,India,New Delhi,0,0
Canteeno,Laxmi Nagar,"North Indian, Chinese",1,200.0,INR,3.0,7,3.261,India,New Delhi,0,0
Chai Mantra,Laxmi Nagar,"Fast Food, Beverages",1,200.0,INR,3.2,15,3.275,India,New Delhi,0,0
Chandni Chowk ke Mashhoor Makkhan Wale Paranthe,Laxmi Nagar,North Indian,1,200.0,INR,2.8,9,3.222,India,New Delhi,0,0
Chandni Chowk Parantha Corner,Laxmi Nagar,North Indian,1,100.0,INR,3.1,8,3.27,India,New Delhi,0,0
Chauhan Laxmi Sweets,Laxmi Nagar,Mithai,1,150.0,INR,3.0,11,3.244,India,New Delhi,0,0
Chawla's The Cake Room,Laxmi Nagar,"Bakery, Fast Food, Beverages",1,250.0,INR,3.4,17,3.323,India,New Delhi,0,1
China Town,Laxmi Nagar,Chinese,1,250.0,INR,2.9,11,3.226,India,New Delhi,0,0
Domino's Pizza,Laxmi Nagar,"Pizza, Fast Food",2,700.0,INR,2.6,46,2.963,India,New Delhi,0,0
Faasos,Laxmi Nagar,"North Indian, Fast Food",2,600.0,INR,2.6,10,3.181,India,New Delhi,0,1
Fast Trax,Laxmi Nagar,Fast Food,1,250.0,INR,3.2,4,3.29,India,New Delhi,0,1
Finger Licious,Laxmi Nagar,"Bakery, Fast Food",1,200.0,INR,3.4,188,3.378,India,New Delhi,0,1
Gulshan Pastry Shop,Laxmi Nagar,Bakery,1,200.0,INR,3.0,9,3.252,India,New Delhi,0,0
Handa's,Laxmi Nagar,"North Indian, Chinese",2,500.0,INR,2.6,8,3.201,India,New Delhi,0,1
Homely Delight,Laxmi Nagar,"Mughlai, Biryani",1,400.0,INR,3.1,7,3.273,India,New Delhi,0,0
Jahangeer Foods,Laxmi Nagar,"North Indian, Mughlai",2,500.0,INR,2.7,64,2.962,India,New Delhi,0,1
Kaleva,Laxmi Nagar,"North Indian, Mithai",1,400.0,INR,3.3,61,3.299,India,New Delhi,0,0
Laxmi Vaishno Dhaba,Laxmi Nagar,North Indian,1,300.0,INR,3.0,13,3.236,India,New Delhi,0,0
Little Pleasure Restaurant & Cafe,Laxmi Nagar,"North Indian, Chinese",2,600.0,INR,2.9,7,3.249,India,New Delhi,0,0
Mauryan Multi Cuisine Restaurant,Laxmi Nagar,"North Indian, Chinese",2,900.0,INR,3.4,31,3.337,India,New Delhi,0,1
Mehta Food Junction,Laxmi Nagar,"North Indian, South Indian",1,300.0,INR,3.0,8,3.256,India,New Delhi,0,1
Om Bikaner Wale,Laxmi Nagar,"Mithai, Street Food",1,200.0,INR,2.8,8,3.229,India,New Delhi,0,0
Ovenstory Pizza,Laxmi Nagar,"Pizza, Fast Food",2,500.0,INR,2.9,17,3.197,India,New Delhi,0,1
Prasadam,Laxmi Nagar,"South Indian, Fast Food",1,400.0,INR,2.8,34,3.096,India,New Delhi,0,0
Priyanshi Fast Food,Laxmi Nagar,South Indian,1,300.0,INR,3.3,29,3.298,India,New Delhi,0,0
Punjabi Tadka,Laxmi Nagar,North Indian,1,350.0,INR,3.1,21,3.239,India,New Delhi,0,0
Pyaali,Laxmi Nagar,"Fast Food, Tea",1,200.0,INR,2.8,7,3.236,India,New Delhi,0,1
Ruby Dhaba,Laxmi Nagar,North Indian,2,500.0,INR,2.7,25,3.098,India,New Delhi,0,0
Shree Manakamna Fast Food,Laxmi Nagar,Chinese,1,300.0,INR,3.4,31,3.337,India,New Delhi,0,0
The Chinese Hut,Laxmi Nagar,"Chinese, Fast Food",1,350.0,INR,3.0,10,3.248,India,New Delhi,0,0
The Chinese Hut,Laxmi Nagar,"Chinese, Fast Food",1,300.0,INR,3.2,23,3.267,India,New Delhi,0,1
The Chinese Kitchen,Laxmi Nagar,Chinese,1,350.0,INR,3.1,7,3.273,India,New Delhi,0,0
Twenty Four Seven,Laxmi Nagar,Fast Food,1,250.0,INR,3.1,13,3.257,India,New Delhi,0,0
Vegie Kitchen,Laxmi Nagar,"Chinese, North Indian",1,250.0,INR,3.1,10,3.264,India,New Delhi,0,0
Behrouz Biryani,Laxmi Nagar,Biryani,2,600.0,INR,3.5,22,3.359,India,New Delhi,0,1
Burger King,Laxmi Nagar,"Burger, Fast Food",2,500.0,INR,3.5,66,3.413,India,New Delhi,0,1
Mohit di Hatti,Laxmi Nagar,Street Food,1,200.0,INR,3.8,70,3.591,India,New Delhi,0,0
Play Pizza,Laxmi Nagar,"Italian, Pizza",2,600.0,INR,3.8,270,3.721,India,New Delhi,0,1
Sushiya Express,Laxmi Nagar,"Sushi, Asian",2,800.0,INR,3.7,40,3.476,India,New Delhi,0,1
Tantrum Coffee Bar,Laxmi Nagar,"Cafe, Pizza",2,500.0,INR,3.5,54,3.403,India,New Delhi,0,0
Bharat Chicken Inn,Laxmi Nagar,"Mughlai, Fast Food, North Indian",2,800.0,INR,2.4,41,2.893,India,New Delhi,0,1
Nathu's Sweets,Laxmi Nagar,"North Indian, South Indian, Street Food, Chinese, Fast Food, Mithai",1,400.0,INR,2.1,121,2.45,India,New Delhi,0,1
Wah Ji Wah,Laxmi Nagar,"North Indian, Chinese",2,500.0,INR,2.2,120,2.523,India,New Delhi,0,1
QD's Restaurant,Laxmi Nagar,"Chinese, North Indian, Fast Food, Italian",2,800.0,INR,4.1,675,4.045,India,New Delhi,0,1
Henri's Bar - Le Meridien,"Le Meridien, Janpath",Finger Food,4,2000.0,INR,3.3,20,3.298,India,New Delhi,0,0
Le Belvedere - Le Meridien,"Le Meridien, Janpath",Chinese,4,5000.0,INR,3.5,114,3.438,India,New Delhi,1,0
Longitude - Le Meridien,"Le Meridien, Janpath",Cafe,4,2000.0,INR,3.9,90,3.685,India,New Delhi,0,0
Nero - Le Meridien,"Le Meridien, Janpath",Finger Food,4,3000.0,INR,3.5,39,3.386,India,New Delhi,1,0
The One - Le Meridien,"Le Meridien, Janpath",Continental,4,4500.0,INR,3.8,273,3.722,India,New Delhi,1,0
Eau De Monsoon - Le Meridien,"Le Meridien, Janpath","Continental, European, North Indian, French",4,4500.0,INR,4.0,189,3.853,India,New Delhi,1,0
Slounge - Lemon Tree Premier,"Lemon Tree Premier, Aerocity",North Indian,3,1000.0,INR,3.5,26,3.367,India,New Delhi,1,0
Al Bake,"Living Style Mall, Jasola","North Indian, Chinese",2,600.0,INR,2.5,66,2.844,India,New Delhi,0,0
Al-Bawarchi,"Living Style Mall, Jasola","North Indian, Mughlai, Chinese",2,650.0,INR,3.1,15,3.252,India,New Delhi,0,0
Big Dragon,"Living Style Mall, Jasola","Chinese, Thai",2,650.0,INR,3.1,81,3.175,India,New Delhi,0,0
BTW,"Living Style Mall, Jasola","North Indian, Street Food, South Indian, Mithai",1,400.0,INR,3.3,205,3.299,India,New Delhi,0,0
Capital Curry,"Living Style Mall, Jasola","North Indian, Mughlai",3,1000.0,INR,3.1,54,3.195,India,New Delhi,1,0
Domino's Pizza,"Living Style Mall, Jasola","Pizza, Fast Food",2,700.0,INR,2.5,81,2.804,India,New Delhi,0,0
Ekta's Kitchen,"Living Style Mall, Jasola","North Indian, Mughlai, Chinese",2,650.0,INR,3.2,67,3.242,India,New Delhi,0,1
Gopal's,"Living Style Mall, Jasola","Ice Cream, Street Food",1,150.0,INR,2.9,8,3.243,India,New Delhi,0,0
Moti Mahal Delux,"Living Style Mall, Jasola","North Indian, Mughlai, Chinese",3,1000.0,INR,2.6,72,2.886,India,New Delhi,1,1
Open Oven,"Living Style Mall, Jasola","Bakery, Desserts, Fast Food",1,250.0,INR,3.4,51,3.349,India,New Delhi,0,0
Relax Xpress,"Living Style Mall, Jasola","North Indian, Mughlai, Chinese",2,700.0,INR,3.2,75,3.239,India,New Delhi,0,1
Roll Club,"Living Style Mall, Jasola",Fast Food,1,250.0,INR,2.7,27,3.088,India,New Delhi,0,0
SM Gopal Ice Cream & Cakes,"Living Style Mall, Jasola","Ice Cream, Desserts",1,200.0,INR,3.2,15,3.275,India,New Delhi,0,0
Bangla Sweet Corner,Lodhi Colony,"Chinese, North Indian, Mithai, Street Food",1,400.0,INR,2.6,32,3.025,India,New Delhi,0,0
Chinois,Lodhi Colony,Asian,3,1500.0,INR,3.0,7,3.261,India,New Delhi,1,0
Dawat,Lodhi Colony,"North Indian, Chinese, Mughlai",1,450.0,INR,2.9,49,3.101,India,New Delhi,0,0
Establishment Ristorante,Lodhi Colony,Bakery,1,400.0,INR,3.1,12,3.259,India,New Delhi,0,0
Ganesha Sweets & Restaurant,Lodhi Colony,"North Indian, Mithai, Street Food",2,500.0,INR,2.6,26,3.059,India,New Delhi,0,0
Gopala,Lodhi Colony,"Mithai, Street Food",1,250.0,INR,3.3,25,3.298,India,New Delhi,0,0
Green Chick Chop,Lodhi Colony,"Raw Meats, North Indian, Fast Food",1,350.0,INR,2.9,12,3.22,India,New Delhi,0,0
Hot Chimney,Lodhi Colony,"North Indian, Chinese, Mughlai",2,850.0,INR,2.5,55,2.88,India,New Delhi,1,0
Icon,Lodhi Colony,"Chinese, North Indian",3,1000.0,INR,3.2,18,3.272,India,New Delhi,1,0
Juneja's Eating Plaza,Lodhi Colony,"North Indian, Mughlai, Chinese, Fast Food",2,700.0,INR,3.4,98,3.365,India,New Delhi,0,1
Lodhi Knights,Lodhi Colony,Fast Food,1,200.0,INR,3.1,8,3.27,India,New Delhi,0,0
Ram Singh's Bhoj,Lodhi Colony,"Mithai, Street Food",1,350.0,INR,2.9,6,3.255,India,New Delhi,0,0
Republic of Chicken,Lodhi Colony,"Raw Meats, Fast Food",1,400.0,INR,2.7,10,3.198,India,New Delhi,0,0
Slice of Italy,Lodhi Colony,"Italian, Pizza, Bakery",2,700.0,INR,3.3,171,3.299,India,New Delhi,1,1
Subway,Lodhi Colony,"American, Fast Food, Salad, Healthy Food",2,500.0,INR,3.2,66,3.242,India,New Delhi,0,1
The Altitude Cafe and Deli,Lodhi Colony,Cafe,2,600.0,INR,3.1,11,3.262,India,New Delhi,0,0
Tokyo Mon Amour,Lodhi Colony,"Japanese, French",4,2200.0,INR,3.1,10,3.264,India,New Delhi,1,0
Bhane,Lodhi Colony,Ice Cream,1,300.0,INR,3.6,26,3.401,India,New Delhi,0,0
Celeste,Lodhi Colony,"Cafe, Desserts, Bakery",2,500.0,INR,3.5,14,3.342,India,New Delhi,0,0
Chidambaram's New Madras Hotel,Lodhi Colony,"South Indian, Fast Food",1,400.0,INR,3.8,330,3.734,India,New Delhi,0,1
CJ's Fresh,Lodhi Colony,"American, Italian, Bakery, Deli, Burger, Sandwich, Pizza",3,1000.0,INR,3.8,25,3.465,India,New Delhi,0,1
Elma's Brasserie,Lodhi Colony,"American, Continental, Italian, Bakery",4,2000.0,INR,3.7,393,3.655,India,New Delhi,1,1
Kunafa,Lodhi Colony,"Desserts, Middle Eastern, Turkish",1,300.0,INR,3.9,200,3.779,India,New Delhi,0,1
Lahori Gate,Lodhi Colony,"Mughlai, North Indian",3,1800.0,INR,3.5,148,3.449,India,New Delhi,1,1
M I Food Center,Lodhi Colony,"North Indian, Mughlai, Chinese",2,600.0,INR,3.8,202,3.7,India,New Delhi,0,0
Sugar Blossoms,Lodhi Colony,"Desserts, Bakery",1,300.0,INR,3.6,58,3.46,India,New Delhi,0,0
Cafe Coffee Day,Lodhi Colony,Cafe,1,450.0,INR,2.3,52,2.789,India,New Delhi,0,0
Guppy,Lodhi Colony,"Japanese, Sushi",4,2900.0,INR,4.1,665,4.044,India,New Delhi,1,0
Ping's Caf Orient,Lodhi Colony,Asian,4,2100.0,INR,4.1,278,3.978,India,New Delhi,1,0
The All American Diner,Lodhi Colony,"American, Fast Food",3,1000.0,INR,4.1,3495,4.089,India,New Delhi,0,0
Armaan's Restaurant,Lodhi Road,"North Indian, South Indian, Chinese",2,500.0,INR,2.8,8,3.229,India,New Delhi,0,0
Garden Chef,Lodhi Road,Chinese,1,450.0,INR,3.0,63,3.132,India,New Delhi,0,0
Golooji's Chat Waat,Lodhi Road,Street Food,1,400.0,INR,3.3,13,3.298,India,New Delhi,0,0
Oriental Lee,Lodhi Road,"Chinese, Thai",2,500.0,INR,2.7,19,3.133,India,New Delhi,0,0
Peshawari Restaurant,Lodhi Road,"North Indian, Chinese",2,700.0,INR,3.1,55,3.194,India,New Delhi,0,0
Tikka Town,Lodhi Road,North Indian,2,550.0,INR,3.1,53,3.196,India,New Delhi,0,0
Titu Restaurant,Lodhi Road,North Indian,1,300.0,INR,2.9,13,3.215,India,New Delhi,0,0
Vijay Dhaba,Lodhi Road,North Indian,1,150.0,INR,2.9,7,3.249,India,New Delhi,0,0
Wild Willy,Lodhi Road,"Pizza, Fast Food",2,500.0,INR,3.2,19,3.271,India,New Delhi,0,0
Diva Spiced,Lodhi Road,"Asian, Chinese",4,2000.0,INR,3.7,131,3.589,India,New Delhi,1,0
Granma's Homemade,Lodhi Road,"Bakery, Desserts, Fast Food",1,200.0,INR,3.6,25,3.398,India,New Delhi,0,0
Karim's,Lodhi Road,"North Indian, Mughlai",3,1000.0,INR,3.8,194,3.697,India,New Delhi,1,0
Sab Ki Khatir,Lodhi Road,Mughlai,1,450.0,INR,3.7,162,3.605,India,New Delhi,0,0
Lodi - The Garden Restaurant,Lodhi Road,"European, Lebanese, Mediterranean",4,2600.0,INR,4.2,2549,4.183,India,New Delhi,1,1
Aggarwal Sweets & Restaurant,Mahipalpur,"North Indian, Mithai, South Indian, Street Food, Fast Food",1,400.0,INR,2.7,11,3.19,India,New Delhi,0,0
Ashirwad Dhaba,Mahipalpur,North Indian,1,200.0,INR,2.9,5,3.261,India,New Delhi,0,0
Barichi Restaurant,Mahipalpur,"North Indian, South Indian, Chinese",3,1000.0,INR,2.9,7,3.249,India,New Delhi,1,0
Bikaner Sweets,Mahipalpur,Mithai,1,200.0,INR,2.7,14,3.167,India,New Delhi,0,0
Bikaner,Mahipalpur,"Mithai, North Indian, South Indian, Chinese, Street Food",2,600.0,INR,2.9,6,3.255,India,New Delhi,0,0
Chatori Zubaan 2,Mahipalpur,"North Indian, Chinese",2,550.0,INR,3.0,5,3.27,India,New Delhi,0,0
Chinese Mania,Mahipalpur,Chinese,1,300.0,INR,3.2,17,3.273,India,New Delhi,0,0
Da Pizza Corner,Mahipalpur,"Fast Food, Pizza",2,600.0,INR,2.5,6,3.212,India,New Delhi,0,1
Dhaba Cash 'N' Carry Kitchen,Mahipalpur,North Indian,2,600.0,INR,3.1,16,3.25,India,New Delhi,0,0
Dom Dang Kins Restaurant,Mahipalpur,Chinese,1,400.0,INR,3.1,12,3.259,India,New Delhi,0,0
First Choice,Mahipalpur,"North Indian, Chinese, Fast Food",2,600.0,INR,2.9,11,3.226,India,New Delhi,0,0
Hungry Hut,Mahipalpur,"North Indian, Chinese, Mughlai",2,700.0,INR,3.1,6,3.276,India,New Delhi,0,0
Le Seasons Restaurant,Mahipalpur,"North Indian, Chinese",2,950.0,INR,2.8,17,3.171,India,New Delhi,1,0
Moti Mahal Delux,Mahipalpur,"North Indian, Mughlai, Chinese",2,800.0,INR,3.0,22,3.207,India,New Delhi,1,0
Popsy's,Mahipalpur,"North Indian, South Indian, Continental, Fast Food",2,550.0,INR,3.0,5,3.27,India,New Delhi,0,0
Prabhu,Mahipalpur,"Fast Food, North Indian, Bakery",2,500.0,INR,3.1,8,3.27,India,New Delhi,0,0
Saptagiri,Mahipalpur,"North Indian, Mughlai, Chinese, Continental, Fast Food",2,900.0,INR,2.8,10,3.214,India,New Delhi,1,0
Spice Hut,Mahipalpur,"North Indian, Fast Food, Biryani",2,500.0,INR,2.9,15,3.206,India,New Delhi,0,0
Taste of Vishal,Mahipalpur,"North Indian, Chinese",2,900.0,INR,2.9,6,3.255,India,New Delhi,1,0
The Tandoori Night,Mahipalpur,"Biryani, Chinese, North Indian",1,300.0,INR,2.8,5,3.252,India,New Delhi,0,0
Traffic Jaam,Mahipalpur,"North Indian, Chinese",2,550.0,INR,2.9,5,3.261,India,New Delhi,0,0
Tripti,Mahipalpur,"North Indian, Chinese, Mughlai, South Indian",3,1000.0,INR,3.1,16,3.25,India,New Delhi,1,0
Uttaranchal Dhaba & Restaurant,Mahipalpur,North Indian,1,200.0,INR,2.9,5,3.261,India,New Delhi,0,0
Wah Ji Wah,Mahipalpur,"North Indian, Chinese",1,450.0,INR,2.9,6,3.255,India,New Delhi,0,0
Resto 37,Mahipalpur,"North Indian, Chinese, Continental, Fast Food",2,700.0,INR,3.9,23,3.487,India,New Delhi,0,0
The Cavalry Bar - Maidens Hotel,"Maidens Hotel, Civil Lines",Finger Food,4,2000.0,INR,2.7,17,3.146,India,New Delhi,1,0
The Curzon Room - Maidens Hotel,"Maidens Hotel, Civil Lines","European, North Indian",4,3200.0,INR,3.4,39,3.342,India,New Delhi,1,0
The Garden Terrace - Maidens Hotel,"Maidens Hotel, Civil Lines","North Indian, Continental",4,3000.0,INR,3.3,57,3.299,India,New Delhi,1,0
Ama Rabsel House,Majnu ka Tila,"Chinese, North Indian",2,500.0,INR,3.0,8,3.256,India,New Delhi,0,0
Cafe Plus,Majnu ka Tila,Cafe,2,500.0,INR,3.2,13,3.277,India,New Delhi,0,0
Hornbill,Majnu ka Tila,"Naga, Chinese",1,450.0,INR,3.1,7,3.273,India,New Delhi,0,0
Orange Cafe & Restaurant,Majnu ka Tila,"Tibetan, Chinese",1,450.0,INR,3.1,8,3.27,India,New Delhi,0,0
33 Food,Malviya Nagar,"North Indian, Mughlai",2,700.0,INR,3.2,93,3.234,India,New Delhi,0,1
Burger Point,Malviya Nagar,"Burger, Fast Food",1,400.0,INR,3.3,78,3.299,India,New Delhi,0,0
Cafe Blur,Malviya Nagar,"Cafe, Chinese",1,450.0,INR,3.1,7,3.273,India,New Delhi,0,0
Cafe Coffee Day,Malviya Nagar,Cafe,1,450.0,INR,2.5,52,2.891,India,New Delhi,0,0
Cafe Rendezvous,Malviya Nagar,"Mexican, Italian, North Indian, Continental, Asian",3,1550.0,INR,3.3,191,3.299,India,New Delhi,1,1
Cakes & Bakes,Malviya Nagar,"Bakery, Desserts",2,500.0,INR,3.4,75,3.359,India,New Delhi,0,0
Chatorey Chacha,Malviya Nagar,"Street Food, North Indian",1,350.0,INR,3.3,51,3.299,India,New Delhi,0,0
Chilli Dragon,Malviya Nagar,"Chinese, Thai",2,650.0,INR,3.3,35,3.298,India,New Delhi,0,1
DCK- Dana Choga's Kitchen,Malviya Nagar,"North Indian, Mughlai",2,800.0,INR,3.4,297,3.385,India,New Delhi,0,1
Divya's Rimpy Restaurant,Malviya Nagar,"North Indian, Chinese, Mughlai",2,800.0,INR,3.2,245,3.217,India,New Delhi,0,0
Express Dhaba,Malviya Nagar,"North Indian, Chinese, Mughlai",2,650.0,INR,2.7,68,2.953,India,New Delhi,0,1
Go Foodie,Malviya Nagar,"North Indian, Chinese",2,500.0,INR,3.3,105,3.299,India,New Delhi,0,0
Health Pan,Malviya Nagar,Healthy Food,1,200.0,INR,3.4,45,3.346,India,New Delhi,0,1
Karim's,Malviya Nagar,"Mughlai, North Indian",2,800.0,INR,3.0,183,3.064,India,New Delhi,1,1
Karuna,Malviya Nagar,South Indian,1,200.0,INR,3.0,15,3.229,India,New Delhi,0,0
Kathi,Malviya Nagar,"North Indian, Fast Food, Chinese",1,400.0,INR,2.8,75,2.999,India,New Delhi,0,1
King Chilly Kitchen,Malviya Nagar,"Chinese, Tibetan",1,400.0,INR,3.2,17,3.273,India,New Delhi,0,1
Kolhapuri Veg Non-Veg Foods,Malviya Nagar,Maharashtrian,1,300.0,INR,3.3,20,3.298,India,New Delhi,0,1
Mehfil Dhaba,Malviya Nagar,"Fast Food, North Indian",1,300.0,INR,3.4,214,3.381,India,New Delhi,0,0
Moti Mahal Delux - Legendary Culinary,Malviya Nagar,"North Indian, Chinese",2,600.0,INR,2.6,146,2.778,India,New Delhi,0,1
Open Oven,Malviya Nagar,"Bakery, Desserts, Fast Food",1,250.0,INR,3.4,103,3.366,India,New Delhi,0,1
Paapi Paet,Malviya Nagar,"Fast Food, Beverages",2,550.0,INR,3.3,250,3.3,India,New Delhi,0,1
Pepper Corn Express,Malviya Nagar,"North Indian, Chinese, Fast Food",2,800.0,INR,3.4,50,3.349,India,New Delhi,0,1
Pinch Of China,Malviya Nagar,Chinese,1,400.0,INR,3.2,14,3.276,India,New Delhi,0,0
Pizza Hut Delivery,Malviya Nagar,"Italian, Pizza, Fast Food",2,800.0,INR,2.8,120,2.946,India,New Delhi,0,1
Punjabee's Darbar,Malviya Nagar,"North Indian, Chinese",2,700.0,INR,3.0,34,3.177,India,New Delhi,0,1
Ramjee's,Malviya Nagar,"Street Food, North Indian",1,150.0,INR,3.3,62,3.299,India,New Delhi,0,1
Rollmaal,Malviya Nagar,"Fast Food, North Indian, Chinese",2,500.0,INR,3.4,218,3.381,India,New Delhi,0,1
Shaolin,Malviya Nagar,Chinese,2,800.0,INR,3.4,217,3.381,India,New Delhi,0,1
Subway,Malviya Nagar,"American, Fast Food, Salad, Healthy Food",2,500.0,INR,2.8,183,2.907,India,New Delhi,0,1
The Chocolate Room,Malviya Nagar,"Cafe, Italian, Mexican, Salad, Desserts",2,850.0,INR,3.4,155,3.375,India,New Delhi,1,1
The Delhi Heights,Malviya Nagar,"North Indian, Mughlai, Chinese",2,800.0,INR,2.8,198,2.9,India,New Delhi,1,1
Thok (The House of Kakori),Malviya Nagar,"North Indian, Mughlai, Chinese",2,600.0,INR,3.4,485,3.39,India,New Delhi,0,1
Uloo,Malviya Nagar,"North Indian, Mughlai, Chinese",2,600.0,INR,3.2,134,3.226,India,New Delhi,0,1
Vadapav Junction & More,Malviya Nagar,"Street Food, Fast Food",1,350.0,INR,3.3,37,3.298,India,New Delhi,0,1
Behrouz Biryani,Malviya Nagar,Biryani,2,600.0,INR,3.6,61,3.464,India,New Delhi,0,1
Beliram Degchiwala,Malviya Nagar,"North Indian, Mughlai, Chinese",2,900.0,INR,3.5,226,3.463,India,New Delhi,0,1
Bhukkhar,Malviya Nagar,"North Indian, Chinese, Mughlai",2,500.0,INR,3.9,100,3.699,India,New Delhi,0,1
Biryani Blues,Malviya Nagar,"Biryani, Hyderabadi",3,1000.0,INR,3.9,113,3.715,India,New Delhi,0,1
Bun Intended,Malviya Nagar,"Burger, American, Fast Food",2,850.0,INR,3.9,50,3.599,India,New Delhi,0,1
Casa Asia,Malviya Nagar,Chinese,2,650.0,INR,3.8,306,3.729,India,New Delhi,0,1
Chic Fish,Malviya Nagar,"North Indian, Chinese",2,750.0,INR,3.5,361,3.475,India,New Delhi,0,1
Dunkin' Donuts,Malviya Nagar,"Burger, Desserts, Fast Food",2,600.0,INR,3.6,290,3.555,India,New Delhi,0,1
Farratta,Malviya Nagar,"North Indian, Chinese",2,800.0,INR,3.7,93,3.559,India,New Delhi,0,1
Flavors of Chennai,Malviya Nagar,South Indian,1,400.0,INR,3.7,370,3.652,India,New Delhi,0,1
Food For Thought,Malviya Nagar,"North Indian, Italian",2,700.0,INR,3.8,55,3.561,India,New Delhi,0,1
FreshMenu,Malviya Nagar,"Italian, Chinese, Continental, Thai, Mediterranean, Lebanese",2,600.0,INR,3.7,132,3.589,India,New Delhi,0,1
Giani's,Malviya Nagar,"Ice Cream, Desserts",1,400.0,INR,3.7,145,3.597,India,New Delhi,0,1
Gopala,Malviya Nagar,"Mithai, Street Food",1,250.0,INR,3.8,45,3.535,India,New Delhi,0,0
Green Chick Chop,Malviya Nagar,"Raw Meats, North Indian, Fast Food",1,350.0,INR,3.5,52,3.401,India,New Delhi,0,0
Hunger Must Die,Malviya Nagar,"Italian, North Indian, Chinese, Mughlai",2,500.0,INR,3.7,99,3.565,India,New Delhi,0,1
Kolkata Kathi Roll,Malviya Nagar,Fast Food,1,150.0,INR,3.6,82,3.485,India,New Delhi,0,0
Max Grille and Kitchen,Malviya Nagar,"North Indian, Mughlai, Chinese",2,850.0,INR,3.5,99,3.432,India,New Delhi,1,1
Moti Sweets,Malviya Nagar,"Mithai, Street Food",1,100.0,INR,3.6,114,3.508,India,New Delhi,0,0
Nazeer Foods,Malviya Nagar,"North Indian, Mughlai, Chinese",2,650.0,INR,3.6,427,3.568,India,New Delhi,0,0
Nikashee,Malviya Nagar,"Chinese, Thai",2,600.0,INR,3.7,408,3.656,India,New Delhi,0,0
Noodle Box,Malviya Nagar,"Chinese, Thai",2,700.0,INR,3.5,60,3.408,India,New Delhi,0,1
Pema's,Malviya Nagar,"Chinese, Tibetan, Japanese",2,700.0,INR,3.6,412,3.567,India,New Delhi,0,1
Plumber - The Lounge,Malviya Nagar,"Thai, Chinese, North Indian",3,1500.0,INR,3.9,38,3.558,India,New Delhi,0,0
Pudding & Pie,Malviya Nagar,"Bakery, Fast Food",1,450.0,INR,3.7,137,3.592,India,New Delhi,0,0
RP's Restaurant,Malviya Nagar,"Mughlai, North Indian, Chinese",2,700.0,INR,3.5,259,3.467,India,New Delhi,0,1
Soi Thai,Malviya Nagar,"Thai, Japanese",3,1500.0,INR,3.6,148,3.524,India,New Delhi,0,1
Speedy Chow,Malviya Nagar,"Chinese, Thai",2,850.0,INR,3.6,268,3.552,India,New Delhi,0,1
Stoned Age Kitchen,Malviya Nagar,Continental,1,400.0,INR,3.9,91,3.686,India,New Delhi,0,1
Suribachi,Malviya Nagar,"Asian, North Indian, Continental",3,1500.0,INR,3.5,104,3.434,India,New Delhi,1,1
Swagath,Malviya Nagar,"North Indian, Chinese, Seafood, Chettinad",3,1500.0,INR,3.5,168,3.454,India,New Delhi,1,0
The Delhi Canteen,Malviya Nagar,"North Indian, Continental, Asian, Chinese, Thai",3,1000.0,INR,3.6,305,3.557,India,New Delhi,1,1
The Grill Kitchen,Malviya Nagar,"North Indian, Mughlai",2,650.0,INR,3.8,75,3.599,India,New Delhi,0,1
The Midnight Heroes,Malviya Nagar,"North Indian, Biryani, Chinese, Fast Food",2,950.0,INR,3.7,41,3.479,India,New Delhi,0,1
The Salad Bowl,Malviya Nagar,"Healthy Food, Salad",2,800.0,INR,3.5,34,3.379,India,New Delhi,0,1
Domino's Pizza,Malviya Nagar,"Pizza, Fast Food",2,700.0,INR,2.3,185,2.512,India,New Delhi,0,0
Food Army,Malviya Nagar,"North Indian, Mughlai, Chinese",1,450.0,INR,2.3,18,3.033,India,New Delhi,0,1
Moti Restaurant,Malviya Nagar,"North Indian, South Indian, Chinese, Mughlai",2,550.0,INR,2.4,137,2.64,India,New Delhi,0,1
New Baba Da Dhaba,Malviya Nagar,"North Indian, Mughlai, Chinese",1,400.0,INR,2.0,84,2.484,India,New Delhi,0,1
Tunday Kababi,Malviya Nagar,"Lucknowi, Mughlai",2,600.0,INR,2.2,182,2.437,India,New Delhi,0,1
Dilli BC,Malviya Nagar,"North Indian, Mughlai",2,700.0,INR,4.4,84,3.989,India,New Delhi,0,1
Litti.In,Malviya Nagar,Bihari,1,300.0,INR,4.0,308,3.902,India,New Delhi,0,1
Nizam's Kathi Kabab,Malviya Nagar,"North Indian, Fast Food",2,900.0,INR,4.0,153,3.827,India,New Delhi,1,1
Pepper Kitchen,Malviya Nagar,"Cafe, American, Italian",2,500.0,INR,4.0,244,3.881,India,New Delhi,0,1
Rustom's Cafe & Bakery,Malviya Nagar,"Cafe, Bakery, Parsi",2,700.0,INR,4.1,84,3.801,India,New Delhi,0,1
Salad Days,Malviya Nagar,"Healthy Food, Salad",2,800.0,INR,4.0,255,3.885,India,New Delhi,0,1
Stop My Starvation,Malviya Nagar,"Cafe, Desserts",1,300.0,INR,4.3,126,4.015,India,New Delhi,0,1
Sushi Junction,Malviya Nagar,"Sushi, Japanese, Healthy Food",3,1000.0,INR,4.0,53,3.659,India,New Delhi,0,1
Vero Gusto,Malviya Nagar,"Cafe, Fast Food, Healthy Food",1,250.0,INR,4.1,135,3.883,India,New Delhi,0,1
Snack Junction,Mandi House,Chinese,1,300.0,INR,3.2,10,3.281,India,New Delhi,0,0
Turant,Mandi House,Chinese,1,300.0,INR,3.3,47,3.299,India,New Delhi,0,0
Aromas of Pind,Mathura Road,"North Indian, Chinese",3,1200.0,INR,4.2,278,4.062,India,New Delhi,1,1
Apna Dhaba and Caters,Mayapuri Phase 2,North Indian,1,300.0,INR,3.2,20,3.27,India,New Delhi,0,0
Green Chick Chop,Mayapuri Phase 2,"Raw Meats, North Indian, Fast Food",1,350.0,INR,2.7,7,3.224,India,New Delhi,0,1
Jai Shree Durga South Indian Corner,Mayapuri Phase 2,"South Indian, Chinese",1,350.0,INR,3.0,6,3.266,India,New Delhi,0,0
Malabar Catering House,Mayapuri Phase 2,"Biryani, Kerala",1,400.0,INR,3.2,13,3.277,India,New Delhi,0,0
Meenakshi Bhawan,Mayapuri Phase 2,"South Indian, Chinese",1,300.0,INR,3.1,14,3.254,India,New Delhi,0,0
New Raja Sweets,Mayapuri Phase 2,"Mithai, Street Food",1,150.0,INR,2.9,18,3.192,India,New Delhi,0,0
Pizza Treat,Mayapuri Phase 2,"Pizza, Fast Food",1,250.0,INR,3.0,6,3.266,India,New Delhi,0,0
Pudding & Pie,Mayapuri Phase 2,"Bakery, Fast Food",1,450.0,INR,3.1,7,3.273,India,New Delhi,0,0
Rita Chinese Food,Mayapuri Phase 2,Chinese,1,350.0,INR,3.1,10,3.264,India,New Delhi,0,0
Vibes of Punjab,Mayapuri Phase 2,"North Indian, Mughlai, Chinese",2,700.0,INR,3.2,21,3.269,India,New Delhi,0,0
Ramji Di Hatti & Caterers,Mayapuri Phase 2,North Indian,1,350.0,INR,3.5,25,3.365,India,New Delhi,0,0
Spicy Tadka,Mayapuri Phase 2,"North Indian, Chinese",2,600.0,INR,3.5,24,3.363,India,New Delhi,0,1
9 is Mine,Mayur Vihar Phase 1,Fast Food,1,300.0,INR,2.6,4,3.246,India,New Delhi,0,1
Aashirwad,Mayur Vihar Phase 1,"Chinese, North Indian",1,450.0,INR,3.2,19,3.271,India,New Delhi,0,0
Aggarwal Sweet & Bakers,Mayur Vihar Phase 1,"Mithai, Street Food",1,150.0,INR,2.9,5,3.261,India,New Delhi,0,0
Amit Hotel,Mayur Vihar Phase 1,North Indian,1,150.0,INR,2.9,7,3.249,India,New Delhi,0,0
Angrezee Dhaba,Mayur Vihar Phase 1,"North Indian, Mughlai, Chinese",1,350.0,INR,2.8,7,3.236,India,New Delhi,0,1
Ankur Family Restaurant,Mayur Vihar Phase 1,North Indian,1,300.0,INR,2.9,4,3.268,India,New Delhi,0,0
Bansal Sweet,Mayur Vihar Phase 1,"Desserts, Street Food",1,150.0,INR,2.7,20,3.127,India,New Delhi,0,0
Baskin Robbins,Mayur Vihar Phase 1,Ice Cream,1,300.0,INR,3.1,13,3.257,India,New Delhi,0,1
Caravan Resto Bar,Mayur Vihar Phase 1,"North Indian, Chinese, Mughlai",3,1100.0,INR,3.2,51,3.248,India,New Delhi,1,1
Celebration Multi Cuisine Restaurant,Mayur Vihar Phase 1,"North Indian, Chinese",2,500.0,INR,2.7,14,3.167,India,New Delhi,0,0
Chatto Chapati,Mayur Vihar Phase 1,North Indian,1,250.0,INR,3.0,8,3.256,India,New Delhi,0,0
Chawla's_,Mayur Vihar Phase 1,"North Indian, Mughlai",2,750.0,INR,2.7,29,3.078,India,New Delhi,1,0
China Town,Mayur Vihar Phase 1,Chinese,1,300.0,INR,2.7,11,3.19,India,New Delhi,0,1
China Town,Mayur Vihar Phase 1,Chinese,1,350.0,INR,2.7,28,3.083,India,New Delhi,0,0
Dazzle Pastry Shop,Mayur Vihar Phase 1,"Bakery, Fast Food",1,150.0,INR,2.6,25,3.065,India,New Delhi,0,0
Delicacy Foods,Mayur Vihar Phase 1,"North Indian, Mughlai, Chinese",2,650.0,INR,3.2,86,3.236,India,New Delhi,0,0
Dolphin Rolls,Mayur Vihar Phase 1,"Fast Food, Chinese",1,200.0,INR,2.9,6,3.255,India,New Delhi,0,0
Durbar Restaurant,Mayur Vihar Phase 1,"North Indian, Chinese",2,500.0,INR,2.7,33,3.06,India,New Delhi,0,0
Ever Green Pastry Shop,Mayur Vihar Phase 1,Bakery,1,200.0,INR,3.1,34,3.217,India,New Delhi,0,0
Evergreen Sweets Corner,Mayur Vihar Phase 1,"Mithai, Street Food",1,100.0,INR,3.0,8,3.256,India,New Delhi,0,0
Great Plates By AJ,Mayur Vihar Phase 1,"North Indian, Chinese, Mughlai",2,900.0,INR,3.1,77,3.178,India,New Delhi,1,1
Green Chick Chop,Mayur Vihar Phase 1,"Raw Meats, North Indian, Fast Food",1,350.0,INR,3.2,24,3.266,India,New Delhi,0,0
Haqeem's,Mayur Vihar Phase 1,North Indian,1,250.0,INR,2.7,14,3.167,India,New Delhi,0,0
Himalaya Food Corner,Mayur Vihar Phase 1,"North Indian, Mughlai, Chinese",2,500.0,INR,2.7,46,3.011,India,New Delhi,0,0
Hot Joint Fast Food,Mayur Vihar Phase 1,"Chinese, Fast Food",1,350.0,INR,2.6,61,2.914,India,New Delhi,0,0
Hyderabadi Dum Biryani,Mayur Vihar Phase 1,"Biryani, Hyderabadi",2,650.0,INR,2.7,60,2.972,India,New Delhi,0,1
Kasturi Family Restaurant,Mayur Vihar Phase 1,"North Indian, Chinese",1,400.0,INR,3.0,20,3.212,India,New Delhi,0,1
Kerala Cafe,Mayur Vihar Phase 1,Kerala,1,300.0,INR,3.3,45,3.299,India,New Delhi,0,0
Keuchen Paradise,Mayur Vihar Phase 1,Bakery,1,300.0,INR,2.8,8,3.229,India,New Delhi,0,1
Kook For Health,Mayur Vihar Phase 1,"American, Asian, North Indian, Mexican, South Indian",2,500.0,INR,3.3,21,3.298,India,New Delhi,0,1
Lahorian's Sweets & Bakers,Mayur Vihar Phase 1,"Street Food, Desserts",1,250.0,INR,2.9,5,3.261,India,New Delhi,0,0
Mr. Baker's,Mayur Vihar Phase 1,"Bakery, Fast Food",1,100.0,INR,3.0,22,3.207,India,New Delhi,0,0
Night Food Delivery,Mayur Vihar Phase 1,"North Indian, Chinese",2,500.0,INR,2.7,5,3.243,India,New Delhi,0,1
Nine 2 Nine Snacks & Restaurant,Mayur Vihar Phase 1,"North Indian, Street Food",1,250.0,INR,2.9,5,3.261,India,New Delhi,0,0
Punjabi Mirch,Mayur Vihar Phase 1,North Indian,1,400.0,INR,3.0,4,3.275,India,New Delhi,0,0
Rasoi The Food Express,Mayur Vihar Phase 1,"North Indian, Chinese",2,600.0,INR,2.6,53,2.939,India,New Delhi,0,1
Republic of Chicken,Mayur Vihar Phase 1,"Raw Meats, Fast Food",1,400.0,INR,2.8,11,3.208,India,New Delhi,0,0
Sandwichai,Mayur Vihar Phase 1,Fast Food,1,350.0,INR,3.3,58,3.299,India,New Delhi,0,1
SB's Raisins,Mayur Vihar Phase 1,"Bakery, Desserts, Fast Food",1,350.0,INR,2.8,15,3.183,India,New Delhi,0,1
Shanghai Kitchen,Mayur Vihar Phase 1,"Chinese, Fast Food",1,300.0,INR,3.1,26,3.23,India,New Delhi,0,0
Shiv Shakti Restaurant,Mayur Vihar Phase 1,"South Indian, Chinese",1,200.0,INR,3.0,18,3.219,India,New Delhi,0,0
Smoky Chettinad,Mayur Vihar Phase 1,"South Indian, Chettinad",2,600.0,INR,2.8,49,3.051,India,New Delhi,0,0
Spice Fusion,Mayur Vihar Phase 1,"North Indian, Mughlai",1,400.0,INR,3.1,7,3.273,India,New Delhi,0,0
Sweet Toof Designer Cakes,Mayur Vihar Phase 1,"Bakery, Desserts",1,250.0,INR,3.1,7,3.273,India,New Delhi,0,0
The Chef,Mayur Vihar Phase 1,"North Indian, Chinese",2,600.0,INR,3.2,23,3.267,India,New Delhi,0,1
The Edge Cafe,Mayur Vihar Phase 1,"Fast Food, Chinese",1,400.0,INR,3.1,53,3.196,India,New Delhi,0,1
The Epicure - Fraser Suites,Mayur Vihar Phase 1,"Asian, Thai, Chinese, North Indian",4,2000.0,INR,3.1,80,3.176,India,New Delhi,1,0
Udupidarshini Veg Restaurant,Mayur Vihar Phase 1,"Chinese, North Indian, South Indian",2,550.0,INR,3.4,33,3.338,India,New Delhi,0,1
36 lebzelter,Mayur Vihar Phase 1,"Bakery, Desserts",1,150.0,INR,3.7,39,3.474,India,New Delhi,0,0
Baked Buns,Mayur Vihar Phase 1,"Fast Food, Pizza, Burger",2,500.0,INR,3.6,165,3.53,India,New Delhi,0,1
Freakin Beans,Mayur Vihar Phase 1,Cafe,1,250.0,INR,3.7,72,3.535,India,New Delhi,0,0
Nutri Cafe,Mayur Vihar Phase 1,Fast Food,2,500.0,INR,3.7,49,3.497,India,New Delhi,0,1
Senorita's,Mayur Vihar Phase 1,"Mexican, North Indian",2,550.0,INR,3.7,57,3.512,India,New Delhi,0,0
Village - The House of Food,Mayur Vihar Phase 1,"Street Food, Fast Food, Chinese, South Indian, North Indian",1,300.0,INR,3.7,65,3.525,India,New Delhi,0,1
Cafe Coffee Day,Mayur Vihar Phase 1,Cafe,1,450.0,INR,2.4,49,2.853,India,New Delhi,0,0
Food Fantasy,Mayur Vihar Phase 1,"North Indian, Chinese, Fast Food",2,500.0,INR,2.4,76,2.756,India,New Delhi,0,1
Just Chinese,Mayur Vihar Phase 1,Chinese,1,300.0,INR,2.4,36,2.922,India,New Delhi,0,1
Agarwal Bikaneri Sweets,Mayur Vihar Phase 2,"Mithai, Street Food",1,100.0,INR,3.1,12,3.259,India,New Delhi,0,0
Bikaner Sweets,Mayur Vihar Phase 2,Mithai,1,100.0,INR,2.8,14,3.189,India,New Delhi,0,0
Breadz,Mayur Vihar Phase 2,"Bakery, Fast Food",1,300.0,INR,3.3,48,3.299,India,New Delhi,0,1
Desi Jugaad,Mayur Vihar Phase 2,"North Indian, Chinese",1,350.0,INR,3.2,12,3.279,India,New Delhi,0,0
Food Trax,Mayur Vihar Phase 2,Chinese,1,300.0,INR,2.9,4,3.268,India,New Delhi,0,0
Hub Tub,Mayur Vihar Phase 2,"Chinese, Fast Food",1,300.0,INR,3.0,7,3.261,India,New Delhi,0,0
Malabar Foods,Mayur Vihar Phase 2,"North Indian, Fast Food",2,500.0,INR,2.7,49,3.002,India,New Delhi,0,1
Mitra Di Chaap,Mayur Vihar Phase 2,"Street Food, Fast Food",1,300.0,INR,3.0,5,3.27,India,New Delhi,0,0
New Hyderabadi Biryani House,Mayur Vihar Phase 2,"North Indian, Biryani",2,500.0,INR,2.5,25,3.032,India,New Delhi,0,1
New Madras Cafe,Mayur Vihar Phase 2,South Indian,1,250.0,INR,2.8,11,3.208,India,New Delhi,0,0
Roll Club,Mayur Vihar Phase 2,Fast Food,1,250.0,INR,3.2,44,3.252,India,New Delhi,0,0
Sanju Cool & Hot Hut,Mayur Vihar Phase 2,"North Indian, Street Food",1,250.0,INR,2.8,8,3.229,India,New Delhi,0,0
Sethi's Kabab & Curries,Mayur Vihar Phase 2,North Indian,2,500.0,INR,3.1,22,3.237,India,New Delhi,0,0
South Indian Fast Food,Mayur Vihar Phase 2,South Indian,1,300.0,INR,3.3,23,3.298,India,New Delhi,0,0
Sweets and Spices,Mayur Vihar Phase 2,"North Indian, Chinese, South Indian, Fast Food",1,400.0,INR,2.8,69,3.009,India,New Delhi,0,0
Urban Degchi Kitchen & Bar,Mayur Vihar Phase 2,"North Indian, Chinese",3,1000.0,INR,2.6,94,2.842,India,New Delhi,1,1
Wah Ji Wah,Mayur Vihar Phase 2,"North Indian, Fast Food",1,400.0,INR,3.1,81,3.175,India,New Delhi,0,1
Zaiqa Kathi Roll & Momos,Mayur Vihar Phase 2,Street Food,1,150.0,INR,3.3,16,3.298,India,New Delhi,0,0
Duggal Snacks,Mayur Vihar Phase 2,Street Food,1,50.0,INR,3.6,32,3.415,India,New Delhi,0,0
Granny's Flavour,Mayur Vihar Phase 2,Street Food,1,150.0,INR,3.5,16,3.347,India,New Delhi,0,0
Moustache Coffee,Mayur Vihar Phase 2,Cafe,1,400.0,INR,3.7,79,3.544,India,New Delhi,0,1
Pradeep Pav Bhaji,Mayur Vihar Phase 2,Street Food,1,200.0,INR,3.8,94,3.625,India,New Delhi,0,0
Sandwich Factory,Mayur Vihar Phase 2,Cafe,2,500.0,INR,3.9,254,3.801,India,New Delhi,0,1
Scorpio Cafe,Mayur Vihar Phase 2,"Chinese, Fast Food",1,400.0,INR,3.7,410,3.656,India,New Delhi,0,1
Veggie-Licious,Mayur Vihar Phase 2,"North Indian, Chinese, Continental, Fast Food",1,450.0,INR,3.6,100,3.499,India,New Delhi,0,1
Slice Of Italy,Mayur Vihar Phase 2,"Italian, Pizza, Bakery",2,700.0,INR,2.2,119,2.525,India,New Delhi,0,1
Anokha Chinese Hut,Mayur Vihar Phase 3,"North Indian, Chinese",2,700.0,INR,2.6,27,3.053,India,New Delhi,0,0
Bobby Dhaba & Caterers,Mayur Vihar Phase 3,"North Indian, Mughlai",1,450.0,INR,3.1,5,3.279,India,New Delhi,0,0
Clever Fox Cafe,Mayur Vihar Phase 3,"North Indian, Continental, Chinese",2,900.0,INR,3.0,25,3.198,India,New Delhi,1,0
Dana Pani,Mayur Vihar Phase 3,"North Indian, Chinese",1,300.0,INR,2.8,4,3.261,India,New Delhi,0,0
Hotel Malabar,Mayur Vihar Phase 3,Kerala,1,300.0,INR,3.0,24,3.201,India,New Delhi,0,0
Lumbini Fast Point,Mayur Vihar Phase 3,"Chinese, Fast Food",1,400.0,INR,3.0,30,3.186,India,New Delhi,0,0
Mayur Restaurant,Mayur Vihar Phase 3,"North Indian, South Indian, Chinese",1,400.0,INR,2.8,19,3.16,India,New Delhi,0,0
MOC - The American Restaurant,Mayur Vihar Phase 3,"American, Fast Food",1,400.0,INR,2.6,35,3.01,India,New Delhi,0,0
Muradabadi Chicken Biryani,Mayur Vihar Phase 3,North Indian,1,450.0,INR,3.3,28,3.298,India,New Delhi,0,0
New Aggarwal Sweet Corner,Mayur Vihar Phase 3,Mithai,1,100.0,INR,2.7,11,3.19,India,New Delhi,0,0
Pizza Castle,Mayur Vihar Phase 3,"Pizza, Fast Food",2,500.0,INR,2.7,29,3.078,India,New Delhi,0,1
Punjabi Dhaba,Mayur Vihar Phase 3,North Indian,1,200.0,INR,3.0,6,3.266,India,New Delhi,0,0
Qureshi Chicken Corner,Mayur Vihar Phase 3,North Indian,1,200.0,INR,3.0,6,3.266,India,New Delhi,0,0
Samarpan Fast Food,Mayur Vihar Phase 3,Chinese,1,300.0,INR,2.9,9,3.237,India,New Delhi,0,0
Shaan-E-Tandoorz,Mayur Vihar Phase 3,North Indian,1,400.0,INR,2.9,5,3.261,India,New Delhi,0,0
Sonu Sudh Bhojnalaya,Mayur Vihar Phase 3,North Indian,1,250.0,INR,2.8,10,3.214,India,New Delhi,0,0
The Test,Mayur Vihar Phase 3,North Indian,2,500.0,INR,2.9,4,3.268,India,New Delhi,0,0
True Blue,Mayur Vihar Phase 3,"Chinese, North Indian",2,900.0,INR,3.3,26,3.298,India,New Delhi,1,0
Zaika Kathi Rolls,Mayur Vihar Phase 3,Fast Food,1,150.0,INR,3.0,13,3.236,India,New Delhi,0,0
Baked Buns,Mayur Vihar Phase 3,Fast Food,2,500.0,INR,3.5,90,3.428,India,New Delhi,0,1
Green Chick Chop,Mehrauli,"Raw Meats, North Indian, Fast Food",1,350.0,INR,3.0,7,3.261,India,New Delhi,0,0
Mahara Hotel,Mehrauli,"North Indian, South Indian",1,400.0,INR,2.9,4,3.268,India,New Delhi,0,0
Malik Vegetarian Rasoi,Mehrauli,North Indian,1,250.0,INR,2.9,9,3.237,India,New Delhi,0,0
Yash Aadi Food Corner,Mehrauli,"North Indian, Chinese",1,400.0,INR,2.9,6,3.255,India,New Delhi,0,0
McDonald's,"Metro Walk Mall, Rohini","Fast Food, Burger",2,500.0,INR,3.4,91,3.364,India,New Delhi,0,0
Moti Mahal Delux Tandoori Trail,"Metro Walk Mall, Rohini","North Indian, Mughlai, Chinese",3,1000.0,INR,3.2,151,3.224,India,New Delhi,1,1
Pizza Hut,"Metro Walk Mall, Rohini","Italian, Pizza, Fast Food",3,1000.0,INR,2.8,83,2.987,India,New Delhi,0,0
Dill's Chawla Chik-Inn,MG Road,"North Indian, Mughlai",2,700.0,INR,2.9,4,3.268,India,New Delhi,0,0
Tandoori Zaaika,MG Road,North Indian,2,500.0,INR,3.0,4,3.275,India,New Delhi,0,0
Buzz,"MGF Metropolitan Mall, Saket","North Indian, Chinese, Italian, Finger Food",4,2000.0,INR,3.4,220,3.381,India,New Delhi,0,1
Lighthouse 13,"MGF Metropolitan Mall, Saket","North Indian, European, Chinese",4,2100.0,INR,3.4,570,3.392,India,New Delhi,1,0
Berco's,"MGF Metropolitan Mall, Saket","Chinese, Thai",3,1100.0,INR,3.8,565,3.759,India,New Delhi,0,1
The Great Kabab Factory,"MGF Metropolitan Mall, Saket","North Indian, Mughlai",4,2200.0,INR,3.5,498,3.482,India,New Delhi,1,1
The Tea Place by Manjushree,"MGF Metropolitan Mall, Saket","Cafe, Beverages",2,700.0,INR,4.1,92,3.817,India,New Delhi,0,0
Victoria,"MGM Club, Daryaganj","North Indian, Chinese",3,1200.0,INR,3.2,20,3.27,India,New Delhi,1,0
Munch Nation,Model Town 1,"Chinese, Fast Food",1,350.0,INR,3.8,727,3.768,India,New Delhi,0,1
"34, Chowringhee Lane",Model Town 2,Fast Food,1,250.0,INR,3.2,62,3.243,India,New Delhi,0,0
Any Time Food,Model Town 2,"Fast Food, Beverages",1,400.0,INR,2.6,52,2.942,India,New Delhi,0,1
Bikaner Sweet House,Model Town 2,Mithai,1,200.0,INR,3.2,16,3.274,India,New Delhi,0,0
Domino's Pizza,Model Town 2,"Pizza, Fast Food",2,700.0,INR,2.8,94,2.973,India,New Delhi,0,0
Giani,Model Town 2,"Ice Cream, Desserts",1,400.0,INR,2.9,39,3.123,India,New Delhi,0,1
Grand Plaza,Model Town 2,"North Indian, Chinese, Fast Food",2,800.0,INR,3.3,255,3.3,India,New Delhi,0,1
Great Wall,Model Town 2,"North Indian, Mughlai, Chinese",3,1200.0,INR,2.7,47,3.008,India,New Delhi,0,0
Healthy Food Station,Model Town 2,"Salad, Healthy Food, Burger, Italian, Continental, Chinese, North Indian, Beverages",1,400.0,INR,3.1,25,3.232,India,New Delhi,0,1
Hostess Tasty Bites,Model Town 2,Chinese,2,500.0,INR,3.1,16,3.25,India,New Delhi,0,0
Hot Pot,Model Town 2,Chinese,2,500.0,INR,3.1,105,3.164,India,New Delhi,0,0
Kabab Factory,Model Town 2,"North Indian, Mughlai, Chinese",2,700.0,INR,3.0,12,3.24,India,New Delhi,0,0
Keventers,Model Town 2,Beverages,1,400.0,INR,3.1,17,3.247,India,New Delhi,0,0
Krishna Sweet House,Model Town 2,"Mithai, South Indian",1,200.0,INR,3.3,32,3.298,India,New Delhi,0,0
Mitraz,Model Town 2,"North Indian, Chinese",2,850.0,INR,3.4,101,3.366,India,New Delhi,1,1
Nut Khut Chaats & Snacks,Model Town 2,"Fast Food, Street Food",1,300.0,INR,3.2,8,3.284,India,New Delhi,0,0
Subway,Model Town 2,"American, Fast Food, Salad, Healthy Food",2,500.0,INR,3.4,68,3.357,India,New Delhi,0,1
The Host,Model Town 2,Chinese,1,450.0,INR,2.7,20,3.127,India,New Delhi,0,0
Chacha Di Hatti,Model Town 2,Street Food,1,100.0,INR,3.7,78,3.543,India,New Delhi,0,0
Cocoberry,Model Town 2,Desserts,1,300.0,INR,3.5,62,3.41,India,New Delhi,0,0
Eating Corner,Model Town 2,"North Indian, Fast Food, Street Food",1,300.0,INR,3.7,142,3.595,India,New Delhi,0,0
El Posto,Model Town 2,Bakery,1,300.0,INR,3.5,41,3.389,India,New Delhi,0,0
McDonald's,Model Town 2,"Fast Food, Burger",2,500.0,INR,3.6,122,3.512,India,New Delhi,0,1
Pizza Station,Model Town 2,Pizza,1,300.0,INR,3.5,20,3.355,India,New Delhi,0,0
Puri Bakers,Model Town 2,"Bakery, Fast Food",1,300.0,INR,3.7,128,3.587,India,New Delhi,0,0
JAIL - Behind The Bar,Model Town 2,"North Indian, Chinese, Continental, Italian",3,1600.0,INR,4.1,155,3.904,India,New Delhi,1,1
Curry Shurry,Model Town 3,"North Indian, Mughlai",2,600.0,INR,3.3,28,3.298,India,New Delhi,0,1
Frontier,Model Town 3,Bakery,1,200.0,INR,3.2,15,3.275,India,New Delhi,0,0
Hari Om Bhojnalaya,Model Town 3,North Indian,1,400.0,INR,3.2,21,3.269,India,New Delhi,0,0
Nirmal's,Model Town 3,Chinese,1,400.0,INR,2.7,9,3.206,India,New Delhi,0,0
Sardar A Pure Meat Shop,Model Town 3,"Raw Meats, Fast Food, North Indian",1,150.0,INR,2.8,13,3.195,India,New Delhi,0,0
The Dragon Hucks,Model Town 3,Chinese,2,800.0,INR,3.3,97,3.299,India,New Delhi,1,0
Green Chick Chop,Model Town 3,"Raw Meats, North Indian, Fast Food",1,350.0,INR,3.5,38,3.385,India,New Delhi,0,0
New Arjun Bombay Pav Bhaji,Model Town 3,Street Food,1,250.0,INR,3.8,234,3.712,India,New Delhi,0,0
Madaari,Model Town 3,"North Indian, Chinese, Continental, Italian",3,1200.0,INR,4.3,113,3.992,India,New Delhi,1,0
Amritsari Express,"Moments Mall, Kirti Nagar",North Indian,1,400.0,INR,3.4,33,3.338,India,New Delhi,0,0
Barista,"Moments Mall, Kirti Nagar",Cafe,2,650.0,INR,3.1,18,3.245,India,New Delhi,0,0
Baskin Robbins,"Moments Mall, Kirti Nagar",Ice Cream,1,300.0,INR,3.1,6,3.276,India,New Delhi,0,0
Bikano's Chat Cafe,"Moments Mall, Kirti Nagar","Street Food, South Indian, Chinese",2,500.0,INR,2.7,31,3.069,India,New Delhi,0,0
Burger Singh,"Moments Mall, Kirti Nagar","Burger, Fast Food",2,500.0,INR,3.3,19,3.298,India,New Delhi,0,1
Cafe Grub,"Moments Mall, Kirti Nagar","Chinese, Fast Food",1,300.0,INR,3.2,13,3.277,India,New Delhi,0,0
Chicago Pizza,"Moments Mall, Kirti Nagar",Pizza,2,800.0,INR,2.9,48,3.103,India,New Delhi,0,0
Cocoberry,"Moments Mall, Kirti Nagar",Desserts,1,300.0,INR,3.1,25,3.232,India,New Delhi,0,0
Dosa Plaza,"Moments Mall, Kirti Nagar",South Indian,1,400.0,INR,3.2,13,3.277,India,New Delhi,0,0
Karim's,"Moments Mall, Kirti Nagar","North Indian, Mughlai",2,700.0,INR,3.3,79,3.299,India,New Delhi,0,0
Kebab Xpress,"Moments Mall, Kirti Nagar","North Indian, Mughlai",2,600.0,INR,3.2,32,3.259,India,New Delhi,0,0
Keventers,"Moments Mall, Kirti Nagar",Beverages,1,400.0,INR,3.3,11,3.298,India,New Delhi,0,0
KFC,"Moments Mall, Kirti Nagar","American, Fast Food",2,500.0,INR,2.6,87,2.855,India,New Delhi,0,1
Paranthas 21,"Moments Mall, Kirti Nagar","North Indian, Street Food",1,350.0,INR,3.3,28,3.298,India,New Delhi,0,0
Subway,"Moments Mall, Kirti Nagar","American, Fast Food, Salad, Healthy Food",2,500.0,INR,2.6,69,2.893,India,New Delhi,0,1
Wow! Momo,"Moments Mall, Kirti Nagar","Tibetan, Chinese",1,350.0,INR,3.2,41,3.254,India,New Delhi,0,0
Berco's,"Moments Mall, Kirti Nagar","Chinese, Thai",3,1100.0,INR,3.5,120,3.44,India,New Delhi,0,1
Dunkin' Donuts,"Moments Mall, Kirti Nagar","Burger, Desserts, Fast Food",2,600.0,INR,3.5,107,3.435,India,New Delhi,0,0
Giani's,"Moments Mall, Kirti Nagar","Ice Cream, Desserts",1,400.0,INR,3.5,33,3.378,India,New Delhi,0,0
The Beer Cafe,"Moments Mall, Kirti Nagar","Finger Food, North Indian",3,1200.0,INR,3.8,371,3.74,India,New Delhi,1,0
Basil Tree,"Moments Mall, Kirti Nagar","North Indian, Italian, Chinese",3,1000.0,INR,2.4,96,2.707,India,New Delhi,1,1
Chaayos,"Moments Mall, Kirti Nagar","Cafe, Tea",1,400.0,INR,4.1,60,3.735,India,New Delhi,0,0
QD's Restaurant,"Moments Mall, Kirti Nagar","Chinese, North Indian, Fast Food, Italian",2,800.0,INR,4.1,137,3.885,India,New Delhi,0,1
Ada e Handi Restaurant,Moti Bagh,"Mughlai, North Indian, Chinese",2,700.0,INR,2.6,34,3.015,India,New Delhi,0,1
Darjeeling Momos,Moti Bagh,"Chinese, Fast Food",1,250.0,INR,2.9,22,3.176,India,New Delhi,0,0
Ingredients,Moti Bagh,North Indian,2,750.0,INR,3.3,27,3.298,India,New Delhi,1,1
Al Quresh,Moti Bagh,"North Indian, Mughlai",2,600.0,INR,3.6,62,3.465,India,New Delhi,0,0
Angels in my Kitchen,Moti Bagh,"Bakery, Desserts, Fast Food",1,350.0,INR,3.5,57,3.405,India,New Delhi,0,1
Aapki Rasoi,Moti Nagar,North Indian,1,300.0,INR,3.1,15,3.252,India,New Delhi,0,0
Bats On Delivery,Moti Nagar,"North Indian, Fast Food",2,700.0,INR,3.1,17,3.247,India,New Delhi,0,0
Bimbo Cakes,Moti Nagar,Bakery,1,400.0,INR,3.2,10,3.281,India,New Delhi,0,0
Burger Bros,Moti Nagar,"Fast Food, Burger",1,300.0,INR,3.1,21,3.239,India,New Delhi,0,0
Chinese Food Corner,Moti Nagar,"Chinese, North Indian",2,500.0,INR,2.5,20,3.07,India,New Delhi,0,0
CL Snacks,Moti Nagar,Street Food,1,150.0,INR,3.1,7,3.273,India,New Delhi,0,0
Kapoor's Sanjha Chulha,Moti Nagar,"North Indian, Mughlai",2,500.0,INR,3.0,5,3.27,India,New Delhi,0,0
King's,Moti Nagar,Ice Cream,1,150.0,INR,3.2,7,3.285,India,New Delhi,0,0
Kumar Hotel,Moti Nagar,"North Indian, Mughlai",2,700.0,INR,3.4,57,3.352,India,New Delhi,0,0
Kumar Pastry Shop,Moti Nagar,"Bakery, Fast Food",1,300.0,INR,3.2,31,3.26,India,New Delhi,0,0
Midnight Adda,Moti Nagar,North Indian,2,600.0,INR,3.0,6,3.266,India,New Delhi,0,0
Mughlaai Daawat,Moti Nagar,"North Indian, Mughlai, Fast Food",2,550.0,INR,2.9,8,3.243,India,New Delhi,0,0
Pindiwala,Moti Nagar,Mughlai,2,500.0,INR,3.0,4,3.275,India,New Delhi,0,0
Pipes & Hipes,Moti Nagar,"North Indian, Chinese, Fast Food",2,900.0,INR,3.0,8,3.256,India,New Delhi,1,0
Sai Rasoi,Moti Nagar,"Chinese, North Indian",2,500.0,INR,3.1,9,3.267,India,New Delhi,0,0
Snaxpress Tastes & Cakes,Moti Nagar,"Bakery, Desserts",1,200.0,INR,2.9,5,3.261,India,New Delhi,0,0
Veggie Adda,Moti Nagar,"North Indian, Fast Food",1,400.0,INR,3.4,25,3.332,India,New Delhi,0,1
C L Corner,Moti Nagar,Street Food,1,100.0,INR,3.8,85,3.614,India,New Delhi,0,1
Chin 10,Moti Nagar,"North Indian, Chinese",2,500.0,INR,3.5,53,3.402,India,New Delhi,0,0
Kati Roll Cottage,Moti Nagar,Fast Food,1,200.0,INR,3.7,39,3.474,India,New Delhi,0,1
Kings Kulfi,Moti Nagar,Ice Cream,1,150.0,INR,3.7,39,3.474,India,New Delhi,0,0
Paramjeet Machi Wala,Moti Nagar,"Seafood, North Indian",2,700.0,INR,3.6,99,3.498,India,New Delhi,0,0
Rajan Corner,Moti Nagar,South Indian,1,400.0,INR,3.6,20,3.384,India,New Delhi,0,0
34 Parkstreet Lane,Mukherjee Nagar,Fast Food,1,200.0,INR,2.9,4,3.268,India,New Delhi,0,0
Bhikaram Bhujawala,Mukherjee Nagar,Mithai,1,100.0,INR,3.0,5,3.27,India,New Delhi,0,0
Chawla The Pastry Palace,Mukherjee Nagar,Bakery,1,200.0,INR,2.9,5,3.261,India,New Delhi,0,0
Food Box,Mukherjee Nagar,Fast Food,1,300.0,INR,3.0,4,3.275,India,New Delhi,0,0
Foody Box,Mukherjee Nagar,"North Indian, Chinese",1,300.0,INR,3.1,8,3.27,India,New Delhi,0,0
Giani,Mukherjee Nagar,"Ice Cream, Desserts",1,300.0,INR,3.1,9,3.267,India,New Delhi,0,0
Green Chick Chop,Mukherjee Nagar,"Raw Meats, North Indian, Fast Food",1,350.0,INR,3.1,14,3.254,India,New Delhi,0,0
Heaven's Shawarma,Mukherjee Nagar,Lebanese,1,200.0,INR,3.0,6,3.266,India,New Delhi,0,0
Hyderabad Spl. Chicken Biryani Point,Mukherjee Nagar,Mughlai,1,350.0,INR,3.0,4,3.275,India,New Delhi,0,0
Keshar,Mukherjee Nagar,"North Indian, South Indian, Chinese",1,400.0,INR,3.0,4,3.275,India,New Delhi,0,0
Madras Cafe,Mukherjee Nagar,"South Indian, Chinese",1,450.0,INR,2.7,11,3.19,India,New Delhi,0,0
Milan Chole Bhature,Mukherjee Nagar,Street Food,1,100.0,INR,3.1,12,3.259,India,New Delhi,0,0
New Laxmi Sweets,Mukherjee Nagar,"South Indian, Chinese, Fast Food, Mithai",1,200.0,INR,2.8,11,3.208,India,New Delhi,0,0
Pasta Hub,Mukherjee Nagar,Fast Food,1,250.0,INR,3.1,7,3.273,India,New Delhi,0,0
Patna Roll Center,Mukherjee Nagar,Fast Food,1,200.0,INR,3.1,10,3.264,India,New Delhi,0,0
Refuel,Mukherjee Nagar,Beverages,1,150.0,INR,3.1,6,3.276,India,New Delhi,0,0
Saara Veg,Mukherjee Nagar,"North Indian, Chinese",1,400.0,INR,3.0,4,3.275,India,New Delhi,0,0
SGF - Spice Grill Flame,Mukherjee Nagar,"North Indian, Chinese",2,500.0,INR,3.1,8,3.27,India,New Delhi,0,0
Shivam Corner,Mukherjee Nagar,North Indian,1,100.0,INR,3.0,14,3.232,India,New Delhi,0,0
Swad Mubarak,Mukherjee Nagar,North Indian,1,200.0,INR,3.0,11,3.244,India,New Delhi,0,0
The Little Fork,Mukherjee Nagar,"Chinese, North Indian",2,700.0,INR,3.1,5,3.279,India,New Delhi,0,1
The Metro Fast Food,Mukherjee Nagar,Chinese,1,250.0,INR,2.6,6,3.223,India,New Delhi,0,1
Tibet Kujing,Mukherjee Nagar,"Chinese, Tibetan",1,400.0,INR,2.9,11,3.226,India,New Delhi,0,0
Yummy Adda,Mukherjee Nagar,"North Indian, Mughlai",1,400.0,INR,3.5,14,3.342,India,New Delhi,0,0
Asli Alam Muradabadi Biryani Centre,Munirka,Biryani,1,250.0,INR,2.8,22,3.145,India,New Delhi,0,0
Cafe Rasoi,Munirka,North Indian,1,350.0,INR,3.2,11,3.28,India,New Delhi,0,0
Chinese Food,Munirka,"Fast Food, Street Food, Chinese",1,250.0,INR,2.9,8,3.243,India,New Delhi,0,0
Green Chick Chop,Munirka,"Raw Meats, North Indian, Fast Food",1,350.0,INR,2.9,10,3.231,India,New Delhi,0,0
Hasty Tasty,Munirka,"Chinese, Fast Food",1,400.0,INR,3.3,86,3.299,India,New Delhi,0,0
Hunter's Kitchen,Munirka,"North Eastern, North Indian",3,1000.0,INR,3.0,6,3.266,India,New Delhi,1,0
Manahang Restaurant,Munirka,"Chinese, North Indian",2,500.0,INR,3.2,12,3.279,India,New Delhi,0,0
Mezbaan Restaurant,Munirka,"North Indian, Mughlai, Chinese",2,600.0,INR,3.4,135,3.372,India,New Delhi,0,1
Moon Light Sweets,Munirka,"Mithai, Street Food",1,200.0,INR,3.3,16,3.298,India,New Delhi,0,0
North East Castle,Munirka,Cafe,2,500.0,INR,2.9,4,3.268,India,New Delhi,0,0
Pizza Point,Munirka,"Fast Food, Pizza",1,350.0,INR,2.9,10,3.231,India,New Delhi,0,0
Roll Point,Munirka,Fast Food,1,200.0,INR,2.8,7,3.236,India,New Delhi,0,0
Sanjha Tandoor,Munirka,"North Indian, Mughlai",2,700.0,INR,2.8,17,3.171,India,New Delhi,0,0
Sayyam,Munirka,Chinese,1,250.0,INR,2.7,16,3.153,India,New Delhi,0,0
Shiv Bhojnalaya,Munirka,"South Indian, North Indian, Fast Food",1,250.0,INR,2.8,12,3.201,India,New Delhi,0,0
Subway,Munirka,"American, Fast Food, Salad, Healthy Food",2,500.0,INR,3.4,78,3.36,India,New Delhi,0,1
Take Away,Munirka,Chinese,1,400.0,INR,2.9,20,3.184,India,New Delhi,0,0
Vedanta's,Munirka,"North Indian, Chinese",2,650.0,INR,2.7,66,2.957,India,New Delhi,0,0
Asian Chopstick,Munirka,"Chinese, Thai",1,400.0,INR,3.5,27,3.368,India,New Delhi,0,0
Chinese Delights,Munirka,"Chinese, North Indian",1,400.0,INR,3.5,21,3.357,India,New Delhi,0,1
Dezertfox,Munirka,"Bakery, Desserts",2,550.0,INR,3.7,21,3.416,India,New Delhi,0,1
Anupam Restaurant,Munirka,"North Indian, Chinese",2,500.0,INR,2.3,32,2.908,India,New Delhi,0,1
Bobby Di Punjabi Rasoi,Najafgarh,North Indian,1,150.0,INR,2.9,4,3.268,India,New Delhi,0,0
Agarwal Sweets,Naraina,Mithai,1,150.0,INR,3.0,8,3.256,India,New Delhi,0,0
Aurangzeb Rd,Naraina,"North Indian, Mughlai",2,500.0,INR,3.4,23,3.33,India,New Delhi,0,1
Bengali Sweet Corner,Naraina,"South Indian, Street Food, Desserts",1,200.0,INR,3.0,7,3.261,India,New Delhi,0,0
Cafe Coffee Day,Naraina,Cafe,1,450.0,INR,2.6,23,3.078,India,New Delhi,0,0
Chinese K. Food,Naraina,Chinese,1,300.0,INR,2.9,4,3.268,India,New Delhi,0,0
Chocowell,Naraina,"Desserts, Bakery",1,150.0,INR,3.2,15,3.275,India,New Delhi,0,0
Choice,Naraina,"South Indian, North Indian",2,500.0,INR,3.0,4,3.275,India,New Delhi,0,0
Desi Street,Naraina,"North Indian, South Indian, Chinese",1,350.0,INR,3.1,13,3.257,India,New Delhi,0,0
Enigma Lounge,Naraina,"Chinese, North Indian",2,750.0,INR,2.8,8,3.229,India,New Delhi,0,0
Flavors Of London,Naraina,"Desserts, Ice Cream, Fast Food",1,200.0,INR,3.0,7,3.261,India,New Delhi,0,0
Frontier,Naraina,Bakery,1,200.0,INR,3.0,4,3.275,India,New Delhi,0,0
Green Chick Chop,Naraina,"Raw Meats, North Indian, Fast Food",1,350.0,INR,3.2,16,3.274,India,New Delhi,0,0
Hot House Grill,Naraina,Fast Food,1,300.0,INR,3.2,10,3.281,India,New Delhi,0,1
Kanshi Ram Chole Kulche Wala,Naraina,Street Food,1,150.0,INR,3.4,13,3.319,India,New Delhi,0,0
Kents Fast Food,Naraina,"North Indian, Chinese, Fast Food",2,900.0,INR,2.8,12,3.201,India,New Delhi,0,0
Paharia Meat & Chicken Shop,Naraina,North Indian,1,250.0,INR,2.8,12,3.201,India,New Delhi,0,0
Palji Corner,Naraina,North Indian,1,150.0,INR,3.3,30,3.298,India,New Delhi,0,0
Paratha Hi Paratha,Naraina,North Indian,1,100.0,INR,3.1,10,3.264,India,New Delhi,0,0
Picasso Roof Top,Naraina,"Continental, European, North Indian",3,1100.0,INR,3.1,15,3.252,India,New Delhi,1,0
RK Dosa,Naraina,South Indian,1,150.0,INR,2.8,12,3.201,India,New Delhi,0,0
Sandoz,Naraina,"Chinese, North Indian",2,600.0,INR,2.6,32,3.025,India,New Delhi,0,1
Sardar Ji,Naraina,"North Indian, Mughlai",1,120.0,INR,3.0,7,3.261,India,New Delhi,0,0
Satkar Fast Food,Naraina,North Indian,1,200.0,INR,2.8,20,3.155,India,New Delhi,0,0
Sweetheart Cupcakes,Naraina,Desserts,1,150.0,INR,3.1,21,3.239,India,New Delhi,0,0
The Earthen Grill,Naraina,"North Indian, Mughlai, Awadhi",1,350.0,INR,3.2,14,3.276,India,New Delhi,0,0
Twenty Four Seven,Naraina,"Fast Food, North Indian",1,300.0,INR,2.8,14,3.189,India,New Delhi,0,0
Al Bake,Nehru Place,"North Indian, Mughlai",1,400.0,INR,2.7,38,3.039,India,New Delhi,0,0
Americana Kitchen and Bar,Nehru Place,"American, Tex-Mex, Italian, Mexican, North Indian",3,1900.0,INR,2.8,105,2.96,India,New Delhi,1,0
Bawa Snacks Corner,Nehru Place,North Indian,1,150.0,INR,2.8,11,3.208,India,New Delhi,0,0
Bhimsain's Bengali Sweet House,Nehru Place,"Mithai, North Indian, Street Food, Chinese, South Indian, Indian",1,450.0,INR,2.9,4,3.268,India,New Delhi,0,0
Cafe Coffee Day,Nehru Place,Cafe,1,450.0,INR,3.1,13,3.257,India,New Delhi,0,0
Cafe Coffee Day,Nehru Place,Cafe,1,450.0,INR,3.0,38,3.169,India,New Delhi,0,1
Dolce Gelato,Nehru Place,"Ice Cream, Beverages, Fast Food",1,300.0,INR,3.2,9,3.283,India,New Delhi,0,1
Domino's Pizza,Nehru Place,"Pizza, Fast Food",2,700.0,INR,3.0,71,3.123,India,New Delhi,0,0
Gopala,Nehru Place,"North Indian, Street Food",1,150.0,INR,3.0,12,3.24,India,New Delhi,0,0
New Punjabi Khana,Nehru Place,North Indian,1,200.0,INR,3.1,8,3.27,India,New Delhi,0,0
New Vishal Corner,Nehru Place,"North Indian, Street Food, Fast Food",1,250.0,INR,3.1,14,3.254,India,New Delhi,0,0
Punjabi Khana,Nehru Place,North Indian,1,200.0,INR,3.2,14,3.276,India,New Delhi,0,0
Rajshree,Nehru Place,"South Indian, Chinese",1,250.0,INR,3.1,11,3.262,India,New Delhi,0,0
Snack Junction,Nehru Place,"North Indian, Chinese",1,250.0,INR,3.0,27,3.193,India,New Delhi,0,0
Sona,Nehru Place,"North Indian, South Indian, Fast Food",1,400.0,INR,3.4,29,3.335,India,New Delhi,0,0
Southy,Nehru Place,South Indian,1,450.0,INR,2.5,94,2.777,India,New Delhi,0,1
The First Floor,Nehru Place,"North Indian, Chinese",3,1000.0,INR,3.1,14,3.254,India,New Delhi,1,1
Hype,Nehru Place,"Finger Food, Italian, Middle Eastern",4,4700.0,INR,3.7,142,3.595,India,New Delhi,0,0
McDonald's,Nehru Place,"Fast Food, Burger",2,500.0,INR,3.7,177,3.611,India,New Delhi,0,1
New Punjabi Khana,Nehru Place,North Indian,1,200.0,INR,3.9,104,3.704,India,New Delhi,0,0
Pizza Hut Delivery,Nehru Place,"Italian, Pizza, Fast Food",2,800.0,INR,3.6,103,3.501,India,New Delhi,0,1
Shree Rathnam,Nehru Place,"South Indian, North Indian, Chinese",2,800.0,INR,3.6,58,3.46,India,New Delhi,0,0
Subway,Nehru Place,"American, Fast Food, Salad, Healthy Food",2,500.0,INR,3.6,142,3.521,India,New Delhi,0,0
Pind Balluchi,Nehru Place,"North Indian, Mughlai",3,1000.0,INR,2.4,184,2.592,India,New Delhi,1,1
Oh! Calcutta,Nehru Place,"Bengali, Seafood",3,1400.0,INR,4.4,1293,4.359,India,New Delhi,1,1
Alcoholic Lounge & Bar,Netaji Subhash Place,Finger Food,3,1800.0,INR,2.8,21,3.15,India,New Delhi,1,0
Baljeet's Amritsari Koolcha,Netaji Subhash Place,North Indian,1,300.0,INR,3.1,110,3.162,India,New Delhi,0,0
Bikanervala,Netaji Subhash Place,"North Indian, South Indian, Fast Food, Street Food, Chinese, Beverages, Desserts, Mithai",2,550.0,INR,3.4,89,3.363,India,New Delhi,0,1
Cafe Coffee Day,Netaji Subhash Place,Cafe,1,450.0,INR,3.3,32,3.298,India,New Delhi,0,0
Chicago Pizza,Netaji Subhash Place,"Fast Food, Italian, Pizza",2,500.0,INR,3.4,42,3.344,India,New Delhi,0,1
Cocoberry,Netaji Subhash Place,Desserts,1,300.0,INR,3.3,32,3.298,India,New Delhi,0,1
Dilli Chaap Wale,Netaji Subhash Place,"North Indian, Fast Food",1,450.0,INR,3.4,24,3.331,India,New Delhi,0,0
Dips,Netaji Subhash Place,"South Indian, Chinese",1,300.0,INR,2.8,23,3.141,India,New Delhi,0,0
Domino's Pizza,Netaji Subhash Place,"Pizza, Fast Food",2,700.0,INR,3.4,85,3.362,India,New Delhi,0,0
Gullu's,Netaji Subhash Place,"North Indian, Mughlai",2,550.0,INR,2.9,45,3.109,India,New Delhi,0,0
Hashtag Foods,Netaji Subhash Place,"Fast Food, Beverages",1,300.0,INR,3.4,80,3.361,India,New Delhi,0,1
Mini Meals,Netaji Subhash Place,"North Indian, South Indian, Fast Food",1,300.0,INR,2.7,66,2.957,India,New Delhi,0,0
No Name - Taste Hi Kaafi Hai,Netaji Subhash Place,"Burger, Fast Food",1,400.0,INR,3.2,31,3.26,India,New Delhi,0,1
Pind Balluchi,Netaji Subhash Place,"North Indian, Mughlai",3,1000.0,INR,2.7,261,2.796,India,New Delhi,1,1
Pizza Hut,Netaji Subhash Place,"Italian, Pizza, Fast Food",3,1000.0,INR,3.3,211,3.299,India,New Delhi,0,1
Raj Bhature wala,Netaji Subhash Place,"North Indian, Fast Food, Chinese",1,350.0,INR,3.4,84,3.362,India,New Delhi,0,1
Rolls Tiger,Netaji Subhash Place,Fast Food,1,450.0,INR,3.4,49,3.348,India,New Delhi,0,1
SGF - Spice Grill Flame,Netaji Subhash Place,"North Indian, Chinese",2,500.0,INR,3.4,80,3.361,India,New Delhi,0,1
Smoksha Cafe and Lounge,Netaji Subhash Place,"Cafe, Chinese",2,600.0,INR,3.4,60,3.353,India,New Delhi,0,0
Subway,Netaji Subhash Place,"American, Fast Food, Salad, Healthy Food",2,500.0,INR,3.4,131,3.372,India,New Delhi,0,1
Sura Vie,Netaji Subhash Place,"North Indian, Italian, Chinese, Thai",3,1400.0,INR,3.4,391,3.388,India,New Delhi,1,1
Billu's Hut,Netaji Subhash Place,"Fast Food, Chinese",1,350.0,INR,3.9,813,3.865,India,New Delhi,0,0
BTW,Netaji Subhash Place,Street Food,1,200.0,INR,3.7,459,3.66,India,New Delhi,0,0
Burger King,Netaji Subhash Place,"Burger, Fast Food",2,500.0,INR,3.6,426,3.568,India,New Delhi,0,1
Cafe Coffee Day,Netaji Subhash Place,Cafe,1,450.0,INR,3.5,50,3.399,India,New Delhi,0,0
Chills 'n' Grills,Netaji Subhash Place,"Fast Food, Chinese",1,350.0,INR,3.6,69,3.473,India,New Delhi,0,1
Fusion N Food,Netaji Subhash Place,Fast Food,1,300.0,INR,3.8,22,3.451,India,New Delhi,0,0
Giani,Netaji Subhash Place,"Ice Cream, Desserts",1,400.0,INR,3.6,87,3.49,India,New Delhi,0,1
Hot Spot,Netaji Subhash Place,"Fast Food, North Indian, Beverages",1,400.0,INR,3.8,201,3.7,India,New Delhi,0,0
La Americana,Netaji Subhash Place,"Fast Food, Burger",1,450.0,INR,3.6,139,3.52,India,New Delhi,0,1
Mogambo Khush Hua,Netaji Subhash Place,Chinese,1,400.0,INR,3.8,121,3.653,India,New Delhi,0,1
Niti Shake & Ice Cream Hub,Netaji Subhash Place,"Desserts, Beverages",1,200.0,INR,3.8,23,3.456,India,New Delhi,0,0
Pacific Asia,Netaji Subhash Place,"North Indian, Chinese",3,1200.0,INR,3.7,151,3.6,India,New Delhi,1,1
Papa Veg Chinese Food,Netaji Subhash Place,Chinese,1,450.0,INR,3.8,29,3.482,India,New Delhi,0,1
Pasta Hut,Netaji Subhash Place,Fast Food,1,400.0,INR,3.5,82,3.423,India,New Delhi,0,0
Ram G Snacks & Food Corner,Netaji Subhash Place,"North Indian, Chinese, Street Food",1,150.0,INR,3.5,34,3.379,India,New Delhi,0,0
Sandwich King,Netaji Subhash Place,"Fast Food, Beverages",2,500.0,INR,3.8,99,3.631,India,New Delhi,0,0
Shake Eat Up,Netaji Subhash Place,"Fast Food, Beverages",1,400.0,INR,3.9,155,3.753,India,New Delhi,0,0
Starbucks,Netaji Subhash Place,Cafe,2,700.0,INR,3.7,294,3.641,India,New Delhi,0,0
The Chai Story,Netaji Subhash Place,Cafe,1,300.0,INR,3.6,22,3.39,India,New Delhi,0,0
Themis Barbecue House,Netaji Subhash Place,North Indian,3,1400.0,INR,3.8,457,3.75,India,New Delhi,1,0
Utsav,Netaji Subhash Place,Bakery,1,250.0,INR,3.5,13,3.339,India,New Delhi,0,0
Barbeque Nation,Netaji Subhash Place,"North Indian, Chinese",3,1600.0,INR,4.1,937,4.059,India,New Delhi,0,0
Bistro 57,Netaji Subhash Place,"Fast Food, Beverages",2,500.0,INR,4.0,20,3.498,India,New Delhi,0,0
Calendar Khana Laao,Netaji Subhash Place,"North Indian, Chinese, Continental",3,1000.0,INR,4.2,42,3.709,India,New Delhi,0,1
Chaayos,Netaji Subhash Place,"Cafe, Tea",1,400.0,INR,4.1,156,3.905,India,New Delhi,0,1
Eleven Course,Netaji Subhash Place,"North Indian, Chinese, Italian, Mexican, Lebanese",3,1650.0,INR,4.0,537,3.94,India,New Delhi,0,0
Sinciti,Netaji Subhash Place,"North Indian, Chinese, Italian, Lebanese, Mexican",3,1200.0,INR,4.0,277,3.893,India,New Delhi,1,1
Admission Lounge,New Friends Colony,"North Indian, Continental, Chinese, Fast Food",4,2500.0,INR,2.7,24,3.104,India,New Delhi,1,0
Al Zaika,New Friends Colony,"North Indian, Mughlai",2,700.0,INR,2.9,8,3.243,India,New Delhi,0,0
Angels in my Kitchen,New Friends Colony,"Bakery, Desserts, Fast Food",1,350.0,INR,3.2,88,3.235,India,New Delhi,0,1
Asian Curry,New Friends Colony,"Thai, Chinese",2,800.0,INR,3.0,5,3.27,India,New Delhi,0,0
Chaska,New Friends Colony,"Fast Food, North Indian",2,500.0,INR,3.3,47,3.299,India,New Delhi,0,0
Chik Chow,New Friends Colony,"North Indian, Mughlai, Chinese",2,650.0,INR,3.3,62,3.299,India,New Delhi,0,1
Deep Sweet Corner,New Friends Colony,"North Indian, Fast Food, Chinese, Mithai",1,400.0,INR,2.7,16,3.153,India,New Delhi,0,0
Deepika Khaitan's Cakes,New Friends Colony,"Bakery, Desserts",2,700.0,INR,2.9,4,3.268,India,New Delhi,0,0
Dhaba On Wheels,New Friends Colony,"North Indian, Mughlai",2,600.0,INR,2.7,15,3.16,India,New Delhi,0,0
Domino's Pizza,New Friends Colony,"Pizza, Fast Food",2,700.0,INR,2.8,95,2.972,India,New Delhi,0,0
Evergreen Sweets,New Friends Colony,"North Indian, South Indian, Chinese, Mithai",1,350.0,INR,2.8,14,3.189,India,New Delhi,0,0
Gopala,New Friends Colony,"Mithai, Street Food",1,250.0,INR,3.0,7,3.261,India,New Delhi,0,0
Green Chick Chop,New Friends Colony,"Raw Meats, North Indian, Fast Food",1,350.0,INR,3.0,12,3.24,India,New Delhi,0,0
Halal Pizza Fun,New Friends Colony,"Pizza, Fast Food",1,450.0,INR,3.1,7,3.273,India,New Delhi,0,0
Keventers,New Friends Colony,Beverages,1,400.0,INR,3.3,13,3.298,India,New Delhi,0,1
Khan Chicken Biryani,New Friends Colony,North Indian,2,500.0,INR,2.9,9,3.237,India,New Delhi,0,0
McDonald's,New Friends Colony,"Fast Food, Burger",2,500.0,INR,3.4,127,3.371,India,New Delhi,0,1
Midnight Bites,New Friends Colony,"North Indian, Chinese, Fast Food",2,550.0,INR,3.1,10,3.264,India,New Delhi,0,0
Moti Mahal Delux,New Friends Colony,"North Indian, Mughlai",2,800.0,INR,2.9,44,3.111,India,New Delhi,0,1
MT Everest Food Corner,New Friends Colony,"North Indian, Chinese",2,700.0,INR,2.9,28,3.155,India,New Delhi,0,0
Muradabad Ki Mashoor Sama Chicken Biryani,New Friends Colony,"Biryani, North Indian",1,350.0,INR,2.9,5,3.261,India,New Delhi,0,0
New Laziz,New Friends Colony,"North Indian, Mughlai",2,550.0,INR,2.9,6,3.255,India,New Delhi,0,0
Talab South Indian Restaurant,New Friends Colony,"South Indian, Chinese",1,200.0,INR,2.7,14,3.167,India,New Delhi,0,0
Tipu Sultan Chicken Point,New Friends Colony,"Biryani, Mughlai",1,250.0,INR,3.2,27,3.263,India,New Delhi,0,0
Yo Wok,New Friends Colony,"Chinese, Japanese, Thai",2,750.0,INR,2.8,4,3.261,India,New Delhi,1,0
Zoet Desserts,New Friends Colony,"Bakery, Desserts",2,600.0,INR,3.0,8,3.256,India,New Delhi,0,0
Zooby's Kitchen,New Friends Colony,"North Indian, Mughlai, Chinese",2,800.0,INR,2.8,21,3.15,India,New Delhi,0,0
Hotel Malabar,New Friends Colony,"Kerala, Biryani",1,400.0,INR,3.6,129,3.515,India,New Delhi,0,0
Hwealthcafe,New Friends Colony,"Cafe, Healthy Food, Continental",2,800.0,INR,3.5,29,3.372,India,New Delhi,0,1
Noorjahan,New Friends Colony,"North Indian, Mughlai, Chinese",2,700.0,INR,3.8,17,3.425,India,New Delhi,0,0
Pizza Hut Delivery,New Friends Colony,"Italian, Pizza, Fast Food",2,800.0,INR,3.9,189,3.774,India,New Delhi,0,1
Sushiya Express,New Friends Colony,"Sushi, Asian",2,800.0,INR,3.5,30,3.373,India,New Delhi,0,1
Tuptakes,New Friends Colony,"Bakery, Desserts",1,350.0,INR,3.6,52,3.452,India,New Delhi,0,0
Lotus Pond,New Friends Colony,"Chinese, Seafood, Asian",3,1800.0,INR,4.2,391,4.098,India,New Delhi,1,1
Cafe Turtle,Nizamuddin,"Cafe, Italian, Lebanese",3,1000.0,INR,3.2,36,3.257,India,New Delhi,0,0
Gulfam Kashmiri Wazwan,Nizamuddin,Mughlai,1,300.0,INR,3.4,38,3.342,India,New Delhi,0,0
Kit Care Kabab Corner,Nizamuddin,"North Indian, Fast Food",1,350.0,INR,2.9,10,3.231,India,New Delhi,0,0
Liter Basar,Nizamuddin,Bakery,1,350.0,INR,3.1,7,3.273,India,New Delhi,0,0
N. Iqbal Restaurant,Nizamuddin,"North Indian, Mughlai",1,350.0,INR,3.2,40,3.254,India,New Delhi,0,0
Ghalib Kabab Corner,Nizamuddin,"Mughlai, Biryani",1,300.0,INR,3.9,251,3.8,India,New Delhi,0,0
Karim's,Nizamuddin,"Mughlai, North Indian",2,800.0,INR,3.7,360,3.651,India,New Delhi,1,1
Comesum,Nizamuddin,"Fast Food, North Indian, South Indian",1,350.0,INR,2.2,251,2.382,India,New Delhi,0,0
Lunch Express,Okhla Phase 1,North Indian,1,250.0,INR,3.3,27,3.298,India,New Delhi,0,0
Chawla Dhaba,Okhla Phase 2,North Indian,2,500.0,INR,3.0,10,3.248,India,New Delhi,0,1
Shri Gupta'z,Okhla Phase 2,"Mughlai, North Indian, Chinese",2,500.0,INR,3.2,18,3.272,India,New Delhi,0,0
The Golden Leaf,Okhla Phase 2,"North Indian, Fast Food",2,700.0,INR,3.0,6,3.266,India,New Delhi,0,0
Red Moon Bakery,Okhla Phase 2,"Bakery, Desserts",1,400.0,INR,3.5,26,3.367,India,New Delhi,0,0
Berco's,"Pacific Mall, Tagore Garden","Chinese, Thai",3,1100.0,INR,3.1,5,3.279,India,New Delhi,1,0
Bikano Chat Cafe,"Pacific Mall, Tagore Garden","North Indian, Street Food, South Indian, Fast Food, Chinese",2,500.0,INR,2.6,55,2.932,India,New Delhi,0,0
BonJuz,"Pacific Mall, Tagore Garden","Healthy Food, Juices",1,200.0,INR,3.1,8,3.27,India,New Delhi,0,0
Cafe Coffee Day - The Lounge,"Pacific Mall, Tagore Garden",Cafe,2,750.0,INR,2.6,29,3.041,India,New Delhi,0,0
Chicago Pizza,"Pacific Mall, Tagore Garden",Pizza,2,800.0,INR,3.2,69,3.241,India,New Delhi,0,0
Domino's Pizza,"Pacific Mall, Tagore Garden","Pizza, Fast Food",2,700.0,INR,3.3,69,3.299,India,New Delhi,0,0
Dosa Village,"Pacific Mall, Tagore Garden",South Indian,2,500.0,INR,3.2,36,3.257,India,New Delhi,0,0
Dunkin' Donuts,"Pacific Mall, Tagore Garden","Burger, Desserts, Fast Food",2,600.0,INR,3.4,36,3.34,India,New Delhi,0,0
Gelato Italiano,"Pacific Mall, Tagore Garden","Ice Cream, Desserts",1,200.0,INR,3.3,18,3.298,India,New Delhi,0,0
Gelato Vinto,"Pacific Mall, Tagore Garden","Desserts, Ice Cream",1,250.0,INR,2.7,17,3.146,India,New Delhi,0,1
Keventers,"Pacific Mall, Tagore Garden",Beverages,1,400.0,INR,3.2,19,3.271,India,New Delhi,0,0
KFC,"Pacific Mall, Tagore Garden","American, Fast Food",2,500.0,INR,2.6,47,2.959,India,New Delhi,0,1
Kings Kulfi,"Pacific Mall, Tagore Garden","Desserts, Ice Cream",1,150.0,INR,3.3,18,3.298,India,New Delhi,0,0
Mr. Sub,"Pacific Mall, Tagore Garden",Fast Food,1,400.0,INR,2.8,6,3.244,India,New Delhi,0,0
Shanghai Moon,"Pacific Mall, Tagore Garden",Chinese,2,800.0,INR,2.6,71,2.888,India,New Delhi,1,0
The Blue Tandoor,"Pacific Mall, Tagore Garden","North Indian, Mughlai",2,700.0,INR,2.6,46,2.963,India,New Delhi,0,0
Costa Coffee,"Pacific Mall, Tagore Garden",Cafe,2,600.0,INR,3.6,53,3.453,India,New Delhi,0,0
Giani's,"Pacific Mall, Tagore Garden","Ice Cream, Desserts",1,400.0,INR,3.9,51,3.602,India,New Delhi,0,0
Hinglish - Cafe Beach Bar,"Pacific Mall, Tagore Garden","Continental, North Indian, Italian",3,1600.0,INR,3.7,792,3.676,India,New Delhi,1,1
Spaghetti Kitchen,"Pacific Mall, Tagore Garden",Italian,4,2000.0,INR,3.8,601,3.761,India,New Delhi,1,1
Subway,"Pacific Mall, Tagore Garden","American, Fast Food, Salad, Healthy Food",2,500.0,INR,3.5,65,3.412,India,New Delhi,0,0
Swiss Softy,"Pacific Mall, Tagore Garden","Ice Cream, Beverages",1,250.0,INR,3.9,31,3.528,India,New Delhi,0,0
The Bubble Tea,"Pacific Mall, Tagore Garden",Beverages,1,250.0,INR,3.5,35,3.381,India,New Delhi,0,0
Al-Sameer,Paharganj,"North Indian, Mughlai",1,400.0,INR,2.9,5,3.261,India,New Delhi,0,0
Allure,Paharganj,"North Indian, Chinese, Finger Food",2,600.0,INR,2.8,6,3.244,India,New Delhi,0,0
BarShala,Paharganj,Finger Food,2,600.0,INR,3.1,14,3.254,India,New Delhi,0,0
Bikaner House,Paharganj,"North Indian, Street Food, Fast Food, Chinese, South Indian, Mithai",2,500.0,INR,3.0,4,3.275,India,New Delhi,0,0
Cafe Coffee Day,Paharganj,Cafe,1,450.0,INR,2.7,16,3.153,India,New Delhi,0,0
Cafe CoffeeCo,Paharganj,Cafe,1,350.0,INR,3.4,21,3.328,India,New Delhi,0,0
Cafe Festa,Paharganj,"Cafe, North Indian, Fast Food",2,600.0,INR,3.2,38,3.255,India,New Delhi,0,1
Cheers Lounge Bar,Paharganj,"North Indian, Chinese",3,1100.0,INR,2.8,8,3.229,India,New Delhi,1,0
Chowmein Hut,Paharganj,Chinese,1,200.0,INR,2.9,4,3.268,India,New Delhi,0,0
Club India Cafe & Restaurant,Paharganj,"North Indian, Fast Food, Chinese, Japanese, Asian, Italian",2,900.0,INR,2.9,32,3.142,India,New Delhi,1,0
Domino's Pizza,Paharganj,"Pizza, Fast Food",2,700.0,INR,3.1,29,3.225,India,New Delhi,0,0
Everest Bakery Cafe,Paharganj,"Cafe, Fast Food, Asian, Italian",2,700.0,INR,2.8,19,3.16,India,New Delhi,0,0
Everest Kitchen,Paharganj,"North Indian, Chinese, Tibetan, Italian, Fast Food",2,550.0,INR,3.2,18,3.272,India,New Delhi,0,0
Exotic Rooftop Restaurant,Paharganj,"Chinese, Thai, Seafood, North Indian, Italian",2,600.0,INR,3.0,5,3.27,India,New Delhi,0,1
Flavours,Paharganj,"North Indian, Chinese, South Indian",2,500.0,INR,2.9,11,3.226,India,New Delhi,0,0
Gagan Assam Bengal Restaurant,Paharganj,"North Indian, Bengali",1,300.0,INR,2.9,7,3.249,India,New Delhi,0,0
Gold Resto Bar,Paharganj,"North Indian, Chinese",2,850.0,INR,2.9,8,3.243,India,New Delhi,1,0
Grand Madras Cafe,Paharganj,South Indian,1,250.0,INR,2.9,4,3.268,India,New Delhi,0,0
Green Chilli,Paharganj,"North Indian, Chinese, Continental",2,800.0,INR,2.8,17,3.171,India,New Delhi,1,0
Gurdev Punjabi Restaurant,Paharganj,North Indian,1,200.0,INR,3.0,8,3.256,India,New Delhi,0,0
Haji Irshad Biryani Centre,Paharganj,Biryani,1,200.0,INR,3.0,6,3.266,India,New Delhi,0,0
Hungerzz Grill,Paharganj,Fast Food,1,250.0,INR,3.0,4,3.275,India,New Delhi,0,0
Janta Sweets,Paharganj,"Street Food, Mithai",1,200.0,INR,3.0,9,3.252,India,New Delhi,0,0
Khosla Cafe,Paharganj,"North Indian, Chinese, Fast Food",1,400.0,INR,3.2,18,3.272,India,New Delhi,0,0
King Bar & Restaurant,Paharganj,"North Indian, Chinese, Continental",2,900.0,INR,3.0,10,3.248,India,New Delhi,1,0
Le Fairway Restaurant & Bar,Paharganj,"North Indian, Continental",3,1000.0,INR,3.1,17,3.247,India,New Delhi,1,0
Madan Cafe & Restaurant,Paharganj,"North Indian, Chinese, Fast Food",1,300.0,INR,3.1,28,3.227,India,New Delhi,0,0
Malhotra Restaurant,Paharganj,"North Indian, Chinese, Continental, Italian",2,800.0,INR,2.9,32,3.142,India,New Delhi,1,0
Metropolis Bar,Paharganj,"Chinese, Continental, North Indian",2,700.0,INR,3.0,22,3.207,India,New Delhi,0,0
Mikky Restaurant,Paharganj,North Indian,2,800.0,INR,2.8,18,3.166,India,New Delhi,0,0
Mourya Sweets Chat Bhandar,Paharganj,"Fast Food, Chinese, Mithai, Street Food",1,200.0,INR,2.9,4,3.268,India,New Delhi,0,0
My Bar & Restaurant,Paharganj,"North Indian, Chinese, Italian, Continental",2,700.0,INR,3.2,679,3.207,India,New Delhi,0,0
My Love Restaurant & Bar,Paharganj,"North Indian, Mughlai, Chinese",3,1000.0,INR,2.7,19,3.133,India,New Delhi,1,0
Organic German Bakeshop - Brown Bread Bakery,Paharganj,"Fast Food, Continental, Italian, Bakery",2,600.0,INR,3.2,22,3.268,India,New Delhi,0,0
Paankhuri Restaurant,Paharganj,North Indian,2,500.0,INR,3.0,5,3.27,India,New Delhi,0,0
Pardeep Corner,Paharganj,North Indian,1,300.0,INR,3.3,25,3.298,India,New Delhi,0,0
Pehalwan Da Hotel,Paharganj,Mughlai,1,350.0,INR,3.1,6,3.276,India,New Delhi,0,0
Pizza Hut Delivery,Paharganj,"Italian, Pizza, Fast Food",2,800.0,INR,2.8,26,3.127,India,New Delhi,0,1
Re Cafe,Paharganj,"Continental, Fast Food",3,1300.0,INR,3.1,14,3.254,India,New Delhi,1,0
Rumi Amritsari Naan,Paharganj,"North Indian, Chinese",1,200.0,INR,3.2,12,3.279,India,New Delhi,0,0
Sagar Bar-Be Que,Paharganj,"North Indian, Mughlai",2,500.0,INR,2.7,37,3.043,India,New Delhi,0,1
Satyam Rooftop Restaurant,Paharganj,"North Indian, Chinese, Fast Food",2,600.0,INR,2.9,9,3.237,India,New Delhi,0,0
Sethi Restaurant,Paharganj,"North Indian, Mughlai",2,800.0,INR,2.8,8,3.229,India,New Delhi,0,0
Shri Bankey Bihari Samosa Wala,Paharganj,Street Food,1,100.0,INR,3.1,5,3.279,India,New Delhi,0,0
Sonu South Indian Restaurant,Paharganj,"South Indian, North Indian",1,300.0,INR,2.9,8,3.243,India,New Delhi,0,0
Southern Welcome Restaurant,Paharganj,"South Indian, North Indian",1,250.0,INR,2.7,7,3.224,India,New Delhi,0,0
Swagat Dhaba,Paharganj,North Indian,1,200.0,INR,2.7,12,3.182,India,New Delhi,0,0
Tadka 4986,Paharganj,"Chinese, Italian, North Indian",2,600.0,INR,3.4,37,3.341,India,New Delhi,0,0
The Drunkyard Cafe,Paharganj,"North Indian, Chinese, Continental, Thai",2,850.0,INR,3.0,8,3.256,India,New Delhi,1,0
The Gem Bar & Restaurant,Paharganj,"Continental, North Indian, Chinese",3,1400.0,INR,3.2,18,3.272,India,New Delhi,1,0
The Indian Grill Restaurant,Paharganj,"North Indian, Continental",2,600.0,INR,2.8,10,3.214,India,New Delhi,0,0
True Blue,Paharganj,"North Indian, Mughlai, Chinese",2,900.0,INR,3.0,11,3.244,India,New Delhi,1,0
U Like,Paharganj,North Indian,2,600.0,INR,3.0,16,3.225,India,New Delhi,0,0
Vaga Bond,Paharganj,"North Indian, Chinese, Continental",2,550.0,INR,2.9,7,3.249,India,New Delhi,0,0
Vrinda Vaishno Dhaba,Paharganj,North Indian,1,200.0,INR,2.8,4,3.261,India,New Delhi,0,0
White Heart Restro Bar,Paharganj,North Indian,3,1100.0,INR,2.7,13,3.174,India,New Delhi,1,0
Haldiram Bhujiawala,Paharganj,"Street Food, North Indian, South Indian, Mithai",1,400.0,INR,3.5,27,3.368,India,New Delhi,0,0
Maa Bhagwati,Paharganj,North Indian,1,400.0,INR,3.5,39,3.386,India,New Delhi,0,0
Bajaj Vaishno Dhaba,Paharganj,North Indian,1,400.0,INR,2.2,16,3.031,India,New Delhi,0,0
Sita Ram Diwan Chand,Paharganj,Street Food,1,100.0,INR,4.3,1317,4.263,India,New Delhi,0,1
Aayush Food Plaza,Palam,"Chinese, Fast Food",1,300.0,INR,2.9,5,3.261,India,New Delhi,0,0
Ankit Fast Food Corner,Palam,Chinese,1,200.0,INR,2.9,5,3.261,India,New Delhi,0,0
Da Pizza Corner,Palam,"Fast Food, Pizza",2,600.0,INR,3.0,7,3.261,India,New Delhi,0,0
Mughal Zaika Chicken Point,Palam,"North Indian, Mughlai, Chinese",1,400.0,INR,2.9,4,3.268,India,New Delhi,0,0
Nawab Restaurant,Palam,"North Indian, Mughlai",1,400.0,INR,2.9,7,3.249,India,New Delhi,0,0
New Bikaner Sweets,Palam,"Street Food, Desserts",1,200.0,INR,3.0,10,3.248,India,New Delhi,0,0
Pizza Yum,Palam,"Pizza, Fast Food",2,650.0,INR,2.7,8,3.215,India,New Delhi,0,0
Radhika Sweets,Palam,"Desserts, Street Food",1,100.0,INR,2.9,5,3.261,India,New Delhi,0,0
Satguru Di Hatti,Palam,North Indian,1,200.0,INR,2.8,6,3.244,India,New Delhi,0,0
Sher-E-Punjab,Palam,North Indian,1,450.0,INR,3.0,5,3.27,India,New Delhi,0,0
Shudh Vaishno Amritsari Naan,Palam,North Indian,1,150.0,INR,3.0,6,3.266,India,New Delhi,0,0
Sumit Sweets,Palam,"Mithai, Street Food",1,100.0,INR,2.8,6,3.244,India,New Delhi,0,0
Burger King,"Palate of Delhi, Chanakyapuri","Burger, Fast Food",2,500.0,INR,3.2,10,3.281,India,New Delhi,0,0
Chaayos,"Palate of Delhi, Chanakyapuri","Cafe, Tea",1,400.0,INR,3.2,4,3.29,India,New Delhi,0,1
Aalis Kathi Kabab,Panchsheel Park,"Fast Food, North Indian",1,400.0,INR,3.3,46,3.299,India,New Delhi,0,0
Dill's Chawla Chik Inn,Panchsheel Park,"North Indian, Mughlai",2,550.0,INR,3.4,66,3.356,India,New Delhi,0,1
Ipshita's Cakes Mamma Bakes,Panchsheel Park,Bakery,2,700.0,INR,3.1,11,3.262,India,New Delhi,0,0
Big Wong,Panchsheel Park,"Chinese, Thai",2,900.0,INR,4.3,108,3.983,India,New Delhi,0,1
Giani's,Pandara Road Market,"Ice Cream, Desserts",1,400.0,INR,3.3,39,3.299,India,New Delhi,0,0
Baskin Robbins,Pandara Road Market,Ice Cream,1,300.0,INR,3.5,39,3.386,India,New Delhi,0,0
Chicken Inn,Pandara Road Market,"North Indian, Mughlai, Chinese",3,1500.0,INR,3.6,447,3.57,India,New Delhi,1,1
Ichiban,Pandara Road Market,"Chinese, Thai, Japanese",3,1200.0,INR,3.9,768,3.863,India,New Delhi,1,1
Krishna Di Kulfi,Pandara Road Market,"Ice Cream, Desserts",1,200.0,INR,3.8,154,3.677,India,New Delhi,0,0
Pindi,Pandara Road Market,"North Indian, Mughlai, Chinese",3,1700.0,INR,3.8,337,3.735,India,New Delhi,1,1
Veg Gulati,Pandara Road Market,North Indian,3,1200.0,INR,3.8,600,3.761,India,New Delhi,0,1
Chor Bizarre,Pandara Road Market,North Indian,3,1600.0,INR,4.4,64,3.916,India,New Delhi,1,0
Gulati,Pandara Road Market,"North Indian, Mughlai",3,1500.0,INR,4.4,4373,4.388,India,New Delhi,0,1
Havemore,Pandara Road Market,North Indian,3,1500.0,INR,4.1,1157,4.067,India,New Delhi,1,0
Aggarwal Sweets,Pandav Nagar,Street Food,1,250.0,INR,2.9,5,3.261,India,New Delhi,0,0
Om Sai Dosa Corner,Pandav Nagar,"South Indian, Chinese",1,350.0,INR,2.9,4,3.268,India,New Delhi,0,0
"34, Chowringhee Lane",Paschim Vihar,Fast Food,1,350.0,INR,2.7,30,3.073,India,New Delhi,0,1
A Pizza House,Paschim Vihar,"Pizza, Fast Food",2,500.0,INR,2.9,38,3.126,India,New Delhi,0,1
Amrit Family Rasoi,Paschim Vihar,"Chinese, North Indian",1,400.0,INR,2.8,53,3.041,India,New Delhi,0,0
Bake Club,Paschim Vihar,"Bakery, Fast Food",1,250.0,INR,3.1,15,3.252,India,New Delhi,0,1
Cafe Coffee Day,Paschim Vihar,Cafe,1,450.0,INR,3.3,40,3.299,India,New Delhi,0,0
Cake O Frost,Paschim Vihar,Bakery,1,350.0,INR,3.3,14,3.298,India,New Delhi,0,0
Chawla Kitchen,Paschim Vihar,"North Indian, Mughlai, Chinese",2,600.0,INR,3.3,49,3.299,India,New Delhi,0,1
Cherry Fresh,Paschim Vihar,"Ice Cream, Desserts",1,200.0,INR,3.3,21,3.298,India,New Delhi,0,1
Chocooze,Paschim Vihar,Bakery,1,300.0,INR,3.2,9,3.283,India,New Delhi,0,0
Chuk Chuk Mail,Paschim Vihar,"Chinese, Fast Food",1,300.0,INR,2.9,44,3.111,India,New Delhi,0,0
Da Pizza Bakers,Paschim Vihar,Pizza,2,500.0,INR,3.1,24,3.233,India,New Delhi,0,1
Domino's Pizza,Paschim Vihar,"Pizza, Fast Food",2,700.0,INR,3.2,111,3.23,India,New Delhi,0,0
Green Chick Chop,Paschim Vihar,"Raw Meats, North Indian, Fast Food",1,350.0,INR,3.3,51,3.299,India,New Delhi,0,1
Grill Zone,Paschim Vihar,"Fast Food, Italian, Pizza",1,300.0,INR,3.4,23,3.33,India,New Delhi,0,1
Grover Mithaivala,Paschim Vihar,"Mithai, Street Food",1,100.0,INR,3.4,46,3.347,India,New Delhi,0,0
Hong Kong Express,Paschim Vihar,"Chinese, Thai",2,700.0,INR,3.2,50,3.249,India,New Delhi,0,1
Hot Spot Roll Corner,Paschim Vihar,Fast Food,1,150.0,INR,3.2,34,3.258,India,New Delhi,0,0
Jaiveer Naan & Chaap,Paschim Vihar,North Indian,1,400.0,INR,3.4,27,3.333,India,New Delhi,0,1
Jaiveer Naan & Chaap,Paschim Vihar,North Indian,1,300.0,INR,3.1,27,3.228,India,New Delhi,0,0
Kabab Hut,Paschim Vihar,North Indian,2,600.0,INR,2.9,37,3.128,India,New Delhi,0,1
Kabbaba,Paschim Vihar,"North Indian, Chinese, Fast Food",2,500.0,INR,3.3,31,3.298,India,New Delhi,0,1
McDonald's,Paschim Vihar,"Fast Food, Burger",2,500.0,INR,3.3,94,3.299,India,New Delhi,0,1
New Durga Corner,Paschim Vihar,South Indian,1,250.0,INR,3.2,37,3.256,India,New Delhi,0,0
New Durga Dosa Corner,Paschim Vihar,"South Indian, Fast Food",1,300.0,INR,3.0,43,3.16,India,New Delhi,0,1
Pishori Chicken,Paschim Vihar,North Indian,2,700.0,INR,3.4,46,3.347,India,New Delhi,0,0
Pizza Break,Paschim Vihar,"Pizza, Fast Food",2,800.0,INR,3.4,75,3.359,India,New Delhi,0,1
Pizza Hut Delivery,Paschim Vihar,"Italian, Pizza, Fast Food",2,800.0,INR,3.1,58,3.191,India,New Delhi,0,1
PK Shoppe,Paschim Vihar,Fast Food,1,200.0,INR,2.7,36,3.047,India,New Delhi,0,0
Pudding & Pie,Paschim Vihar,"Bakery, Desserts, Fast Food",1,450.0,INR,2.7,16,3.153,India,New Delhi,0,0
Punjabi Angithi,Paschim Vihar,"North Indian, South Indian, Chinese",1,400.0,INR,3.3,31,3.298,India,New Delhi,0,0
Punjabi Handi,Paschim Vihar,"North Indian, Chinese",2,650.0,INR,3.4,39,3.342,India,New Delhi,0,1
Quality Cake Shop,Paschim Vihar,"Desserts, Fast Food, Chinese",1,350.0,INR,3.2,92,3.234,India,New Delhi,0,1
Rahul's Rasoi,Paschim Vihar,"North Indian, Chinese",2,600.0,INR,2.5,78,2.811,India,New Delhi,0,1
RTW,Paschim Vihar,Street Food,1,150.0,INR,2.6,49,2.952,India,New Delhi,0,0
Sahib e Aalam,Paschim Vihar,"North Indian, Mughlai",1,450.0,INR,3.2,49,3.249,India,New Delhi,0,0
Shree Durga Dosa,Paschim Vihar,"South Indian, Chinese",1,250.0,INR,3.4,35,3.34,India,New Delhi,0,0
Shree Durga Dosa,Paschim Vihar,"South Indian, Chinese",1,250.0,INR,2.7,27,3.088,India,New Delhi,0,0
Shree Rathnam,Paschim Vihar,"South Indian, North Indian, Chinese",2,800.0,INR,3.2,95,3.234,India,New Delhi,1,1
Sunil Momos.Com,Paschim Vihar,Chinese,1,200.0,INR,3.4,65,3.355,India,New Delhi,0,1
Temptation Food,Paschim Vihar,"Chinese, Fast Food",1,300.0,INR,2.8,29,3.115,India,New Delhi,0,0
Wheelyz,Paschim Vihar,"North Indian, Chinese, Fast Food",2,550.0,INR,3.2,32,3.259,India,New Delhi,0,0
Ashok Meat Wala,Paschim Vihar,Mughlai,2,500.0,INR,3.6,40,3.432,India,New Delhi,0,0
Biryani Sons & Co.,Paschim Vihar,"Biryani, North Indian",1,400.0,INR,3.8,63,3.578,India,New Delhi,0,1
Curry Tree,Paschim Vihar,North Indian,2,700.0,INR,3.5,18,3.351,India,New Delhi,0,0
Deli 63,Paschim Vihar,"Fast Food, Street Food",1,300.0,INR,3.6,52,3.452,India,New Delhi,0,1
Friends Shawarma,Paschim Vihar,"North Indian, Mughlai",1,350.0,INR,3.5,107,3.435,India,New Delhi,0,0
Ganesh Restaurant,Paschim Vihar,"North Indian, Mughlai",2,550.0,INR,3.8,105,3.638,India,New Delhi,0,1
Kake Da Hotel,Paschim Vihar,North Indian,2,600.0,INR,3.6,29,3.408,India,New Delhi,0,1
Nirmal Vada Pav,Paschim Vihar,Street Food,1,200.0,INR,3.5,75,3.419,India,New Delhi,0,1
Oasis Baklawa,Paschim Vihar,Fast Food,1,400.0,INR,3.5,76,3.42,India,New Delhi,0,1
Puri Bakers,Paschim Vihar,"Bakery, Fast Food",1,300.0,INR,3.6,108,3.504,India,New Delhi,0,1
Wonder Taste of Spices,Paschim Vihar,"North Indian, Chinese, Fast Food",2,600.0,INR,3.6,75,3.479,India,New Delhi,0,1
Biryaniwala,Paschim Vihar,"Biryani, North Indian",1,300.0,INR,2.1,68,2.607,India,New Delhi,0,1
Firangi N More,Paschim Vihar,"Chinese, Fast Food",1,400.0,INR,2.2,43,2.79,India,New Delhi,0,1
Pakwan,Paschim Vihar,"North Indian, Chinese, Mughlai",2,700.0,INR,2.1,45,2.73,India,New Delhi,0,1
Subway,Paschim Vihar,"American, Fast Food, Salad, Healthy Food",2,500.0,INR,2.3,31,2.916,India,New Delhi,0,1
24x7,Patparganj,"North Indian, Continental, Chinese",3,1200.0,INR,3.1,18,3.245,India,New Delhi,1,0
Cafe Cook,Patparganj,"Fast Food, Desserts",1,400.0,INR,2.8,15,3.183,India,New Delhi,0,1
La-Nawaab,Patparganj,"North Indian, Mughlai, Chinese",2,500.0,INR,3.0,5,3.27,India,New Delhi,0,0
Roadside Cafe,Patparganj,"Chinese, North Indian",1,450.0,INR,2.8,55,3.037,India,New Delhi,0,1
Royal India Food Plaza,Patparganj,North Indian,1,400.0,INR,3.2,12,3.279,India,New Delhi,0,0
Sir John Bakery Cafe,Patparganj,"Bakery, Desserts, Fast Food",2,500.0,INR,3.4,27,3.333,India,New Delhi,0,1
Bikku Bakes,Patparganj,"Bakery, Desserts",1,300.0,INR,3.7,59,3.515,India,New Delhi,0,0
Giani,Patparganj,"Ice Cream, Desserts",1,400.0,INR,3.5,65,3.412,India,New Delhi,0,0
Zune - Piccadily Hotel,"Piccadily Hotel, Janakpuri","North Indian, Kashmiri, Mughlai",4,2000.0,INR,2.6,67,2.898,India,New Delhi,1,0
361 Restaurant & Banquet,Pitampura,"North Indian, Chinese, Seafood",3,1100.0,INR,3.4,67,3.356,India,New Delhi,1,1
6 Pack Momos,Pitampura,Chinese,1,300.0,INR,2.8,7,3.236,India,New Delhi,0,0
Amritsari Kulcha,Pitampura,North Indian,1,100.0,INR,3.1,4,3.283,India,New Delhi,0,0
Bake Houz,Pitampura,Bakery,1,300.0,INR,3.0,4,3.275,India,New Delhi,0,1
Ben's Foods,Pitampura,"North Indian, Chinese",1,350.0,INR,3.2,9,3.283,India,New Delhi,0,1
Bobby Punjabi Rasoi,Pitampura,"North Indian, Mughlai",2,650.0,INR,2.6,113,2.814,India,New Delhi,0,1
Bromfy Public House,Pitampura,"Continental, Italian, North Indian, Lebanese",3,1600.0,INR,2.8,27,3.123,India,New Delhi,0,0
BTW,Pitampura,"Street Food, South Indian",1,400.0,INR,2.8,63,3.02,India,New Delhi,0,0
Chacha Shankar,Pitampura,North Indian,2,650.0,INR,3.2,29,3.262,India,New Delhi,0,0
Chaska,Pitampura,"North Indian, South Indian, Chinese, Fast Food",2,500.0,INR,3.2,161,3.223,India,New Delhi,0,1
Chatore.e.e,Pitampura,"North Indian, Mughlai, Chinese",1,400.0,INR,3.2,38,3.255,India,New Delhi,0,1
Chawla's Tandoori Xpress,Pitampura,"North Indian, Mughlai",2,600.0,INR,2.5,75,2.819,India,New Delhi,0,0
Chawla's Tandoori Xpress,Pitampura,"North Indian, Mughlai",2,600.0,INR,3.2,45,3.251,India,New Delhi,0,0
Chinese Hut,Pitampura,Chinese,1,450.0,INR,2.9,60,3.081,India,New Delhi,0,1
Culinaria,Pitampura,"North Indian, Chinese, Continental, Thai",3,1000.0,INR,3.3,10,3.298,India,New Delhi,1,0
Deli Cake Cafe,Pitampura,"Bakery, Fast Food, Chinese",1,250.0,INR,3.4,33,3.338,India,New Delhi,0,1
Domino's Pizza,Pitampura,"Pizza, Fast Food",2,700.0,INR,3.2,73,3.24,India,New Delhi,0,0
Domino's Pizza,Pitampura,"Pizza, Fast Food",2,700.0,INR,2.6,65,2.903,India,New Delhi,0,0
Dragon Hut,Pitampura,"Chinese, Fast Food",1,400.0,INR,3.3,72,3.299,India,New Delhi,0,1
Frontier Restaurant,Pitampura,"North Indian, Chinese",2,600.0,INR,2.5,7,3.199,India,New Delhi,0,0
Giani's,Pitampura,"Ice Cream, Desserts",1,400.0,INR,3.1,36,3.215,India,New Delhi,0,1
Giani,Pitampura,"Ice Cream, Desserts",1,400.0,INR,2.9,6,3.255,India,New Delhi,0,0
Grand Bikaner,Pitampura,"Mithai, Street Food",1,200.0,INR,3.0,5,3.27,India,New Delhi,0,1
Hill Chillz 26,Pitampura,"Ice Cream, Desserts",1,150.0,INR,3.1,41,3.208,India,New Delhi,0,0
K's Town,Pitampura,"North Indian, Mughlai",2,500.0,INR,2.8,20,3.155,India,New Delhi,0,1
Laxmi Ice Cream Parlour,Pitampura,"Ice Cream, Desserts",1,200.0,INR,3.1,12,3.259,India,New Delhi,0,0
Make My Day,Pitampura,"Desserts, Bakery, Fast Food",1,400.0,INR,3.1,25,3.232,India,New Delhi,0,1
McDonald's,Pitampura,"Fast Food, Burger",2,500.0,INR,3.3,58,3.299,India,New Delhi,0,1
Mikky Peshawari,Pitampura,"North Indian, Mughlai",2,600.0,INR,2.8,49,3.051,India,New Delhi,0,1
Moroca,Pitampura,Fast Food,1,350.0,INR,3.2,31,3.26,India,New Delhi,0,1
New Punjabi Dhaba and Caterers,Pitampura,"North Indian, Chinese",1,400.0,INR,3.2,39,3.255,India,New Delhi,0,0
Pandey Chinese Hut,Pitampura,"Chinese, Fast Food",2,500.0,INR,2.7,43,3.021,India,New Delhi,0,1
Pandey Chinese Hut,Pitampura,"Chinese, Fast Food",2,500.0,INR,2.7,7,3.224,India,New Delhi,0,1
Peppers & Pipes,Pitampura,"Chinese, Italian, Continental",2,600.0,INR,3.1,15,3.252,India,New Delhi,0,1
Punjabi Zaika,Pitampura,"North Indian, Chinese",1,400.0,INR,3.3,110,3.299,India,New Delhi,0,0
Punjabi's Eating Hub,Pitampura,"North Indian, Chinese",2,550.0,INR,3.3,31,3.298,India,New Delhi,0,1
Punjabian Di Shaan,Pitampura,"North Indian, Mughlai, Chinese",2,500.0,INR,2.6,4,3.246,India,New Delhi,0,1
Puran Chand,Pitampura,North Indian,2,750.0,INR,2.6,48,2.956,India,New Delhi,0,1
Ram Chinese Food,Pitampura,Chinese,1,400.0,INR,2.9,9,3.237,India,New Delhi,0,0
Rooftop,Pitampura,"North Indian, Chinese, Italian",2,600.0,INR,3.3,24,3.298,India,New Delhi,0,1
Ruchi's Food Junction,Pitampura,"North Indian, Mughlai",1,400.0,INR,2.7,8,3.215,India,New Delhi,0,1
Sahni Veg & Non Veg,Pitampura,"North Indian, Mughlai",2,600.0,INR,3.1,26,3.23,India,New Delhi,0,0
Shiv Chinese Chat Bhandar,Pitampura,Chinese,1,400.0,INR,3.1,13,3.257,India,New Delhi,0,0
Shutup 'N' Eat,Pitampura,"North Indian, Fast Food",2,500.0,INR,3.2,158,3.223,India,New Delhi,0,1
Sindhi Chicken Corner,Pitampura,"North Indian, Mughlai",2,600.0,INR,3.0,80,3.114,India,New Delhi,0,1
Smokshh The Lounge,Pitampura,"Cafe, North Indian, Chinese",2,600.0,INR,3.4,25,3.332,India,New Delhi,0,0
Subway,Pitampura,"American, Fast Food, Salad, Healthy Food",2,500.0,INR,3.3,77,3.299,India,New Delhi,0,1
The Blessing Bliss,Pitampura,"North Indian, Continental, Chinese",3,1000.0,INR,3.4,21,3.328,India,New Delhi,1,0
The Butter Cup,Pitampura,"Bakery, Desserts",1,400.0,INR,3.0,7,3.261,India,New Delhi,0,0
The Cake Bucks,Pitampura,"Bakery, Fast Food, Chinese",1,300.0,INR,3.3,85,3.299,India,New Delhi,0,1
The Taste of Delhi,Pitampura,North Indian,2,500.0,INR,3.3,128,3.299,India,New Delhi,0,1
The Taste,Pitampura,"Chinese, Fast Food",1,250.0,INR,3.0,4,3.275,India,New Delhi,0,0
VadaPav 'n' Frankie,Pitampura,Fast Food,1,100.0,INR,3.0,5,3.27,India,New Delhi,0,0
Vaishnav Chat & Caterers,Pitampura,"Street Food, North Indian",1,300.0,INR,3.3,34,3.298,India,New Delhi,0,0
Yellowtail,Pitampura,"North Indian, Chinese, Fast Food",2,600.0,INR,3.1,19,3.243,India,New Delhi,0,1
Baker's Stop,Pitampura,"Bakery, Desserts, Fast Food",1,350.0,INR,3.7,71,3.534,India,New Delhi,0,0
Bansal Sweets,Pitampura,Mithai,1,100.0,INR,3.9,91,3.686,India,New Delhi,0,0
Bharat Sweets,Pitampura,"Mithai, Street Food",1,250.0,INR,3.5,26,3.367,India,New Delhi,0,0
Dosa Corner,Pitampura,"South Indian, Chinese",1,300.0,INR,3.6,93,3.494,India,New Delhi,0,0
Green Chick Chop,Pitampura,"Raw Meats, North Indian, Fast Food",1,350.0,INR,3.6,68,3.472,India,New Delhi,0,0
Greenvich,Pitampura,"Chinese, Continental",1,350.0,INR,3.6,40,3.432,India,New Delhi,0,0
Hamburg To Hyderabad,Pitampura,"Hyderabadi, Fast Food",1,300.0,INR,3.9,63,3.633,India,New Delhi,0,1
I Food You,Pitampura,"Continental, North Indian",2,600.0,INR,3.9,92,3.688,India,New Delhi,0,1
Kay's Chicken Corner,Pitampura,"Mughlai, North Indian, Chinese",2,700.0,INR,3.6,103,3.501,India,New Delhi,0,0
Lanche,Pitampura,"Fast Food, Healthy Food",2,600.0,INR,3.7,105,3.57,India,New Delhi,0,0
Marshmallow Cakes & More,Pitampura,Bakery,1,300.0,INR,3.5,10,3.331,India,New Delhi,0,0
Om Corner,Pitampura,Street Food,1,100.0,INR,3.7,57,3.512,India,New Delhi,0,0
Peshawari,Pitampura,North Indian,2,500.0,INR,3.6,79,3.483,India,New Delhi,0,0
Puri Bakers,Pitampura,"Bakery, Fast Food",1,300.0,INR,3.9,72,3.653,India,New Delhi,0,1
Republic Of Food Lovers,Pitampura,Fast Food,1,400.0,INR,3.6,27,3.403,India,New Delhi,0,0
Sharma Bakers,Pitampura,Bakery,1,200.0,INR,3.5,33,3.378,India,New Delhi,0,1
Street Hawkers,Pitampura,"Chinese, Beverages",1,350.0,INR,3.5,32,3.376,India,New Delhi,0,1
The Midnight Heroes,Pitampura,"North Indian, Biryani, Chinese, Fast Food",2,950.0,INR,3.6,379,3.565,India,New Delhi,0,1
Tilak Munjal-R Panchkuian Samose Wale,Pitampura,Street Food,1,100.0,INR,3.5,98,3.432,India,New Delhi,0,1
Giri Momos Centre & Chinese Fast Food,Pitampura,Chinese,1,300.0,INR,2.4,69,2.777,India,New Delhi,0,1
Laalwala's,Pitampura,"North Indian, Mithai, South Indian, Street Food, Chinese",2,500.0,INR,2.4,37,2.916,India,New Delhi,0,1
Sagar Ratna,Pitampura,"South Indian, North Indian, Chinese",2,600.0,INR,2.3,131,2.576,India,New Delhi,0,1
Babu Shahi Bawarchi,Pragati Maidan,Biryani,1,300.0,INR,3.3,100,3.299,India,New Delhi,0,0
Cafe Lota,Pragati Maidan,"North Indian, South Indian, Bihari",3,1200.0,INR,4.5,2213,4.473,India,New Delhi,0,0
Bombay's Royal China,Prashant Vihar,"Chinese, Fast Food",2,600.0,INR,3.2,17,3.273,India,New Delhi,0,0
Chin China,Prashant Vihar,Chinese,1,150.0,INR,3.1,9,3.267,India,New Delhi,0,0
Cholkat,Prashant Vihar,"Bakery, Desserts",2,500.0,INR,3.0,4,3.275,India,New Delhi,0,0
Deluxe Butter Omlette,Prashant Vihar,Fast Food,1,200.0,INR,3.3,13,3.298,India,New Delhi,0,0
Giani's,Prashant Vihar,"Ice Cream, Desserts",1,400.0,INR,3.0,12,3.24,India,New Delhi,0,0
Kanha Sweets,Prashant Vihar,"Street Food, Mithai",1,150.0,INR,2.8,24,3.136,India,New Delhi,0,0
Liquid,Prashant Vihar,"North Indian, Mughlai, Chinese",4,2400.0,INR,3.2,11,3.28,India,New Delhi,1,0
Papa Chinese Veg Food,Prashant Vihar,Chinese,1,350.0,INR,2.8,12,3.201,India,New Delhi,0,0
Punjab To China,Prashant Vihar,"Chinese, North Indian",2,550.0,INR,3.2,19,3.271,India,New Delhi,0,0
Asia 21,Preet Vihar,"Asian, North Indian, Japanese",3,1800.0,INR,2.9,48,3.103,India,New Delhi,1,1
Barkat,Preet Vihar,"North Indian, Mughlai",2,800.0,INR,3.4,67,3.356,India,New Delhi,1,1
Bikanervala,Preet Vihar,"North Indian, South Indian, Fast Food, Street Food, Chinese, Mithai",2,500.0,INR,3.4,81,3.361,India,New Delhi,0,0
Chawla's,Preet Vihar,"North Indian, Mughlai, Chinese",2,800.0,INR,3.4,135,3.372,India,New Delhi,0,0
Cilantro Woodapple,Preet Vihar,"North Indian, Continental, Mughlai",2,800.0,INR,3.0,8,3.256,India,New Delhi,1,0
Domino's Pizza,Preet Vihar,"Pizza, Fast Food",2,700.0,INR,2.8,102,2.964,India,New Delhi,0,0
Giani's,Preet Vihar,"Ice Cream, Desserts",1,400.0,INR,3.2,51,3.248,India,New Delhi,0,1
Gopala,Preet Vihar,"Mithai, Street Food",1,250.0,INR,2.9,6,3.255,India,New Delhi,0,0
Green Chick Chop,Preet Vihar,"Raw Meats, North Indian, Fast Food",1,350.0,INR,3.0,4,3.275,India,New Delhi,0,0
Gupta Chat Corner,Preet Vihar,"Street Food, Mughlai",1,300.0,INR,3.3,47,3.299,India,New Delhi,0,0
Kake Da Hotel,Preet Vihar,North Indian,2,600.0,INR,2.7,15,3.16,India,New Delhi,0,1
Karim's,Preet Vihar,"Mughlai, North Indian",2,700.0,INR,2.5,84,2.798,India,New Delhi,0,1
Katyal Pure Vegetarian,Preet Vihar,"Chinese, North Indian, Mughlai",1,300.0,INR,3.0,10,3.248,India,New Delhi,0,0
Kunal Dhaba,Preet Vihar,North Indian,1,150.0,INR,3.2,18,3.272,India,New Delhi,0,0
Midnight Hunger,Preet Vihar,"North Indian, Chinese, Mughlai",1,400.0,INR,3.1,9,3.267,India,New Delhi,0,0
Moon Bite,Preet Vihar,"North Indian, Chinese",1,300.0,INR,3.1,177,3.143,India,New Delhi,0,1
Nirula's Ice Cream,Preet Vihar,"Desserts, Ice Cream",1,250.0,INR,3.0,5,3.27,India,New Delhi,0,0
Pash!,Preet Vihar,Bakery,1,200.0,INR,3.1,6,3.276,India,New Delhi,0,0
Rashi's De La Creme,Preet Vihar,Bakery,1,350.0,INR,3.1,7,3.273,India,New Delhi,0,0
Rupa Dairy,Preet Vihar,"Mithai, Street Food",1,200.0,INR,2.9,6,3.255,India,New Delhi,0,0
Sandy's Punjabi Rasoi,Preet Vihar,"North Indian, Mughlai, Chinese",2,500.0,INR,3.2,24,3.266,India,New Delhi,0,0
Shree Rathnam,Preet Vihar,"South Indian, North Indian, Chinese",2,800.0,INR,3.3,121,3.299,India,New Delhi,1,1
Tandoori Planet,Preet Vihar,North Indian,1,250.0,INR,3.4,32,3.337,India,New Delhi,0,0
Tandoori Tadka,Preet Vihar,"North Indian, Chinese",1,450.0,INR,3.3,17,3.298,India,New Delhi,0,1
Urban Owl,Preet Vihar,"North Indian, Chinese",2,500.0,INR,3.1,8,3.27,India,New Delhi,0,0
4th Street Cafe,Preet Vihar,Fast Food,2,500.0,INR,3.5,145,3.448,India,New Delhi,0,1
Late Lateefe,Preet Vihar,"North Indian, Mughlai, Chinese",2,600.0,INR,3.5,44,3.392,India,New Delhi,0,1
Mr. Brown,Preet Vihar,"Bakery, Desserts, Fast Food",2,500.0,INR,3.7,50,3.499,India,New Delhi,0,1
The Riding Guns Cafe,Preet Vihar,Cafe,2,850.0,INR,3.6,100,3.499,India,New Delhi,0,0
The Chinese Hut,Preet Vihar,"Chinese, North Indian",2,550.0,INR,2.4,62,2.801,India,New Delhi,0,1
Linx - Premier Inn,"Premier Inn, Shalimar Bagh","North Indian, Chinese",4,2000.0,INR,3.0,32,3.181,India,New Delhi,1,0
The 87 - Premier Inn,"Premier Inn, Shalimar Bagh",North Indian,4,2200.0,INR,3.1,18,3.245,India,New Delhi,1,0
Stallion - Pride Plaza Hotel,"Pride Plaza Hotel, Aerocity",North Indian,4,2500.0,INR,3.1,7,3.273,India,New Delhi,1,0
Aditya's Kulcha Express,Punjabi Bagh,Street Food,1,250.0,INR,3.3,18,3.298,India,New Delhi,0,1
Allterian By Chanson,Punjabi Bagh,"Continental, Italian",3,1300.0,INR,3.4,140,3.373,India,New Delhi,1,0
Amuse Lounge,Punjabi Bagh,"Fast Food, Chinese, North Indian",2,800.0,INR,3.3,49,3.299,India,New Delhi,1,0
Bikanervala,Punjabi Bagh,"North Indian, South Indian, Fast Food, Street Food, Chinese, Beverages, Mithai",2,550.0,INR,3.2,129,3.227,India,New Delhi,0,1
Cakes Dot Com,Punjabi Bagh,Bakery,1,300.0,INR,3.2,24,3.266,India,New Delhi,0,1
Chez Papillons by Bonjour Chocolates,Punjabi Bagh,Cafe,2,800.0,INR,3.3,10,3.298,India,New Delhi,0,1
Chicago Pizza,Punjabi Bagh,Pizza,2,600.0,INR,2.6,10,3.181,India,New Delhi,0,1
Choco Doux,Punjabi Bagh,"Bakery, Desserts",2,500.0,INR,3.1,8,3.27,India,New Delhi,0,0
Cocoberry,Punjabi Bagh,Desserts,1,300.0,INR,3.2,50,3.249,India,New Delhi,0,1
Curries N More,Punjabi Bagh,"North Indian, Mughlai",2,800.0,INR,3.2,25,3.265,India,New Delhi,0,1
Dili's Chawla Chik Inn,Punjabi Bagh,North Indian,2,650.0,INR,3.1,45,3.204,India,New Delhi,0,0
Dimsum Vs Sushi,Punjabi Bagh,"Japanese, Chinese",2,800.0,INR,3.4,24,3.331,India,New Delhi,0,1
Domino's Pizza,Punjabi Bagh,"Pizza, Fast Food",2,700.0,INR,3.2,112,3.23,India,New Delhi,0,0
Everest Momos & Chinese Fast Food,Punjabi Bagh,Chinese,1,350.0,INR,3.2,17,3.273,India,New Delhi,0,0
Food Plaza,Punjabi Bagh,Chinese,2,500.0,INR,3.2,23,3.267,India,New Delhi,0,0
Giani,Punjabi Bagh,"Ice Cream, Desserts",1,400.0,INR,3.4,37,3.341,India,New Delhi,0,1
Grillz & Gravy,Punjabi Bagh,"North Indian, Chinese, Mughlai",2,600.0,INR,3.3,57,3.299,India,New Delhi,0,1
Kabab,Punjabi Bagh,"North Indian, Mughlai",2,600.0,INR,3.2,23,3.267,India,New Delhi,0,1
Khalsa,Punjabi Bagh,North Indian,2,550.0,INR,2.7,55,2.984,India,New Delhi,0,1
Kumar Pastry Shop,Punjabi Bagh,"Chinese, Bakery",1,300.0,INR,3.3,48,3.299,India,New Delhi,0,0
Little Chef,Punjabi Bagh,"North Indian, Mughlai, Chinese, Fast Food",2,600.0,INR,3.4,128,3.371,India,New Delhi,0,1
Mafia 2.0,Punjabi Bagh,"North Indian, Continental, Italian, Thai, Chinese",3,1300.0,INR,3.4,198,3.379,India,New Delhi,1,1
Makhni's,Punjabi Bagh,"North Indian, Mughlai, Chinese",2,500.0,INR,2.7,78,2.933,India,New Delhi,0,0
Moksha,Punjabi Bagh,"Chinese, North Indian, Italian",2,600.0,INR,3.2,54,3.247,India,New Delhi,0,0
Moti Mahal Delux,Punjabi Bagh,"North Indian, Mughlai, Chinese",3,1200.0,INR,2.5,70,2.832,India,New Delhi,1,1
Pudding & Pie,Punjabi Bagh,"Bakery, Fast Food",1,450.0,INR,3.0,27,3.193,India,New Delhi,0,0
Republic of Chicken,Punjabi Bagh,"Raw Meats, Fast Food",1,400.0,INR,3.1,15,3.252,India,New Delhi,0,0
Shree Rathnam,Punjabi Bagh,"South Indian, North Indian, Chinese",2,800.0,INR,3.4,111,3.368,India,New Delhi,1,1
Soo Yung by the backyard,Punjabi Bagh,"Chinese, Thai",3,1200.0,INR,3.4,84,3.362,India,New Delhi,1,1
Subway,Punjabi Bagh,"American, Fast Food, Salad, Healthy Food",2,500.0,INR,2.6,167,2.761,India,New Delhi,0,1
The Cake Shop,Punjabi Bagh,"Bakery, Fast Food",1,150.0,INR,3.3,42,3.299,India,New Delhi,0,0
The Night Shift,Punjabi Bagh,North Indian,2,800.0,INR,3.1,103,3.165,India,New Delhi,0,1
The Night Walkers,Punjabi Bagh,"North Indian, Chinese, Continental, Fast Food",2,500.0,INR,3.4,18,3.325,India,New Delhi,0,0
The Submarine Lounge,Punjabi Bagh,"Chinese, North Indian, Continental, Italian",3,1800.0,INR,3.4,148,3.374,India,New Delhi,1,1
Tikka Junction,Punjabi Bagh,"North Indian, Chinese, Mughlai",2,750.0,INR,3.4,27,3.333,India,New Delhi,0,1
Twenty Four Seven,Punjabi Bagh,"Fast Food, North Indian",1,300.0,INR,3.2,24,3.266,India,New Delhi,0,0
WTF - Wraps Toast Fries,Punjabi Bagh,"Chinese, Fast Food, North Indian",1,450.0,INR,3.2,63,3.243,India,New Delhi,0,0
Food Scouts,Punjabi Bagh,"North Indian, Chinese, Continental",2,700.0,INR,4.6,61,4.013,India,New Delhi,0,1
Alkakori,Punjabi Bagh,"North Indian, Mughlai",2,850.0,INR,3.6,198,3.539,India,New Delhi,0,1
Arabian Delites,Punjabi Bagh,"Lebanese, Arabian",2,600.0,INR,3.6,68,3.472,India,New Delhi,0,1
Blue Water Grille,Punjabi Bagh,"North Indian, Mughlai, Chinese, Seafood",2,700.0,INR,3.5,180,3.456,India,New Delhi,0,1
Cafe Coffee Day,Punjabi Bagh,Cafe,1,450.0,INR,3.6,58,3.46,India,New Delhi,0,0
D_ner Grill,Punjabi Bagh,"Fast Food, Turkish",2,900.0,INR,3.9,75,3.659,India,New Delhi,0,1
Drinks At Stake - Bar Exchange,Punjabi Bagh,"North Indian, Chinese, Italian, Continental",3,1200.0,INR,3.8,96,3.628,India,New Delhi,1,0
Ghungroo Club & Bar - By Gautam Gambhir,Punjabi Bagh,North Indian,3,1500.0,INR,3.8,140,3.668,India,New Delhi,1,0
Gupta Chat Corner,Punjabi Bagh,"Fast Food, Street Food",1,300.0,INR,3.7,96,3.562,India,New Delhi,0,0
Gupta Sweets & Namkeen,Punjabi Bagh,"Street Food, Mithai",1,150.0,INR,3.5,36,3.382,India,New Delhi,0,0
hug!,Punjabi Bagh,Desserts,1,300.0,INR,3.5,19,3.353,India,New Delhi,0,1
Lucky's Bakery and Patisserie,Punjabi Bagh,"Bakery, Desserts",1,400.0,INR,3.9,89,3.683,India,New Delhi,0,1
McDonald's,Punjabi Bagh,"Fast Food, Burger",2,500.0,INR,3.7,141,3.595,India,New Delhi,0,1
Mughal Darbar,Punjabi Bagh,"North Indian, Mughlai, Chinese",2,650.0,INR,3.5,150,3.449,India,New Delhi,0,1
Nutritious Nation,Punjabi Bagh,"Healthy Food, Continental, Juices, Salad",2,900.0,INR,3.6,64,3.467,India,New Delhi,1,1
Paapi Paet,Punjabi Bagh,"Fast Food, Beverages",2,550.0,INR,3.6,68,3.472,India,New Delhi,0,1
The Derby Cookhouse,Punjabi Bagh,"Continental, Italian, North Indian",3,1800.0,INR,3.6,47,3.444,India,New Delhi,1,1
The Midnight Heroes,Punjabi Bagh,"North Indian, Biryani, Chinese, Fast Food",2,950.0,INR,3.6,203,3.54,India,New Delhi,0,1
World Art Dining - Brew House,Punjabi Bagh,"North Indian, Finger Food, Italian, Chinese",3,1900.0,INR,3.8,121,3.653,India,New Delhi,1,0
Yo! China,Punjabi Bagh,Chinese,3,1200.0,INR,3.6,127,3.515,India,New Delhi,1,1
Bake Me A Cake,Punjabi Bagh,"Bakery, Desserts",2,750.0,INR,4.0,147,3.822,India,New Delhi,0,0
Bakerz Lodge,Punjabi Bagh,"Bakery, Desserts",1,250.0,INR,4.1,99,3.831,India,New Delhi,0,1
Hawalat Lounge & Bar,Punjabi Bagh,"North Indian, Continental, Italian",3,1000.0,INR,4.0,126,3.8,India,New Delhi,1,0
Al Bake,PVR Anupam Complex,"Lebanese, Chinese",2,500.0,INR,3.2,159,3.223,India,New Delhi,0,0
Domino's Pizza,PVR Anupam Complex,"Pizza, Fast Food",2,700.0,INR,2.5,253,2.632,India,New Delhi,0,0
Madhuban,PVR Anupam Complex,"North Indian, Mughlai, Chinese",2,850.0,INR,3.1,151,3.149,India,New Delhi,1,0
Pind Balluchi,PVR Anupam Complex,"North Indian, Mughlai",3,1300.0,INR,2.8,249,2.883,India,New Delhi,1,0
Subway,PVR Anupam Complex,"American, Fast Food, Salad, Healthy Food",2,500.0,INR,3.2,115,3.23,India,New Delhi,0,1
Burger King,PVR Anupam Complex,"Burger, Fast Food",2,500.0,INR,3.6,116,3.509,India,New Delhi,0,1
Lebanese Point,PVR Anupam Complex,Lebanese,1,450.0,INR,3.7,223,3.626,India,New Delhi,0,0
McDonald's,PVR Anupam Complex,"Fast Food, Burger",2,500.0,INR,3.6,219,3.544,India,New Delhi,0,1
Nukkadwala,PVR Anupam Complex,"Fast Food, Street Food",1,300.0,INR,3.8,79,3.605,India,New Delhi,0,1
The Bunk House,PVR Anupam Complex,"Italian, Continental, North Indian",3,1500.0,INR,3.9,96,3.694,India,New Delhi,1,0
The Kathis,PVR Anupam Complex,"Fast Food, North Indian",1,300.0,INR,2.4,109,2.682,India,New Delhi,0,1
Locale,PVR Anupam Complex,"North Indian, Chinese, Mexican, Italian, Thai, Lebanese",3,1400.0,INR,4.4,317,4.25,India,New Delhi,1,1
The Coffee Shop,PVR Anupam Complex,"Cafe, Italian",3,1200.0,INR,4.4,326,4.253,India,New Delhi,0,1
Chakhna Food Point,Qutab Institutional Area,"North Indian, Fast Food",1,250.0,INR,2.9,6,3.255,India,New Delhi,0,0
Da Pizza Corner,Qutab Institutional Area,Pizza,2,600.0,INR,2.9,4,3.268,India,New Delhi,0,1
Parashar's,Qutab Institutional Area,"Chinese, North Indian",1,250.0,INR,2.9,4,3.268,India,New Delhi,0,0
Abdul Muradabadi Chicken,R K Puram,North Indian,1,350.0,INR,2.9,11,3.226,India,New Delhi,0,0
Anupam Sweets,R K Puram,"Mithai, Street Food",1,100.0,INR,2.5,17,3.095,India,New Delhi,0,0
Colonel's Kababz,R K Puram,"North Indian, Mughlai",2,900.0,INR,3.2,67,3.242,India,New Delhi,1,1
Green Chick Chop,R K Puram,"Raw Meats, North Indian, Fast Food",1,350.0,INR,3.0,10,3.248,India,New Delhi,0,0
Jasmine Fast Food Centre,R K Puram,"North Indian, South Indian, Chinese",1,200.0,INR,2.9,11,3.226,India,New Delhi,0,0
Khalsa Restaurant,R K Puram,North Indian,2,600.0,INR,2.9,102,3.031,India,New Delhi,0,1
Kitchen King,R K Puram,"North Indian, Chinese",1,450.0,INR,2.6,53,2.939,India,New Delhi,0,1
Laxmi Corner,R K Puram,North Indian,1,150.0,INR,3.0,5,3.27,India,New Delhi,0,0
Nazeer Delicacies,R K Puram,"North Indian, Mughlai",2,650.0,INR,3.3,163,3.299,India,New Delhi,0,1
Vdesi,R K Puram,"Chinese, North Indian",1,400.0,INR,3.1,5,3.279,India,New Delhi,0,0
Alkakori Alkauser,R K Puram,"Mughlai, North Indian",2,800.0,INR,3.7,629,3.67,India,New Delhi,0,1
Mathew's Cafe,R K Puram,South Indian,1,200.0,INR,3.7,148,3.598,India,New Delhi,0,0
Supreme Bakery,R K Puram,"Bakery, Fast Food",1,250.0,INR,3.9,193,3.776,India,New Delhi,0,0
The Midnight Heroes,R K Puram,"North Indian, Biryani, Chinese, Fast Food",2,950.0,INR,3.6,447,3.57,India,New Delhi,0,1
"Ada ""e"" Haandi's",R K Puram,"North Indian, Mughlai, Chinese",2,750.0,INR,2.4,30,2.961,India,New Delhi,0,1
Karnataka Food Centre,R K Puram,South Indian,1,400.0,INR,4.1,881,4.057,India,New Delhi,0,0
Cafe Coffee Day,Race Course,Cafe,1,450.0,INR,2.9,9,3.237,India,New Delhi,0,0
Savannah Bar - Radisson Blu Plaza Delhi,"Radisson Blu Plaza Delhi, Mahipalpur",Finger Food,4,2500.0,INR,3.3,24,3.298,India,New Delhi,1,0
Neung Roi - Radisson Blu Plaza Delhi,"Radisson Blu Plaza Delhi, Mahipalpur",Thai,4,3000.0,INR,4.5,295,4.326,India,New Delhi,1,0
R The Lounge - Radisson Blu Plaza Delhi,"Radisson Blu Plaza Delhi, Mahipalpur",Cafe,3,1000.0,INR,3.7,33,3.457,India,New Delhi,0,0
The Pastry Shop - Radisson Blu Plaza Delhi,"Radisson Blu Plaza Delhi, Mahipalpur",Bakery,3,1000.0,INR,3.6,26,3.401,India,New Delhi,0,0
NYC - Radisson Blu Plaza Delhi,"Radisson Blu Plaza Delhi, Mahipalpur","North Indian, Continental, Italian",4,3000.0,INR,4.4,315,4.249,India,New Delhi,1,0
The Great Kabab Factory - Radisson Blu Plaza Delhi,"Radisson Blu Plaza Delhi, Mahipalpur","North Indian, Mughlai",4,3000.0,INR,4.2,532,4.122,India,New Delhi,1,0
Cup Cakes - Radisson Blu,"Radisson Blu, Paschim Vihar","Desserts, Bakery",4,2000.0,INR,3.1,40,3.21,India,New Delhi,0,0
Oro The Bar - Radisson Blu,"Radisson Blu, Paschim Vihar",Finger Food,4,2500.0,INR,3.3,36,3.298,India,New Delhi,1,0
McDonald's,Rajendra Place,"Fast Food, Burger",2,500.0,INR,3.4,91,3.364,India,New Delhi,0,1
Mughal Mahal,Rajendra Place,"Mughlai, North Indian, Chinese",3,1100.0,INR,3.2,221,3.218,India,New Delhi,0,1
Imly,Rajendra Place,"Street Food, North Indian, Chinese, Continental",2,700.0,INR,3.9,1485,3.88,India,New Delhi,0,0
Lanterns Kitchen & Bar,Rajendra Place,"Italian, North Indian, Chinese, Mughlai",3,1200.0,INR,3.8,1082,3.778,India,New Delhi,0,0
27 China Street,Rajinder Nagar,"Chinese, Fast Food",1,450.0,INR,3.4,76,3.359,India,New Delhi,0,0
Ada'e Handi,Rajinder Nagar,"North Indian, Mughlai, Chinese",2,600.0,INR,2.5,31,2.992,India,New Delhi,0,1
Alkauser,Rajinder Nagar,"North Indian, Mughlai",2,850.0,INR,3.4,58,3.352,India,New Delhi,0,1
Barbeque Creation By Kadhai Tadka,Rajinder Nagar,"North Indian, Chinese, Mughlai",2,800.0,INR,2.5,78,2.811,India,New Delhi,1,1
Baskin Robbins,Rajinder Nagar,Ice Cream,1,300.0,INR,3.3,32,3.298,India,New Delhi,0,0
Bikaner Sweets Corner,Rajinder Nagar,"Mithai, Street Food",1,150.0,INR,2.8,11,3.208,India,New Delhi,0,0
Biryaniwala,Rajinder Nagar,Biryani,1,450.0,INR,2.6,26,3.059,India,New Delhi,0,0
Cafe Coffee Day,Rajinder Nagar,Cafe,1,450.0,INR,2.9,37,3.128,India,New Delhi,0,1
Chinese Corner,Rajinder Nagar,"Chinese, Fast Food",1,350.0,INR,2.6,29,3.041,India,New Delhi,0,0
Choice Corner,Rajinder Nagar,Street Food,1,120.0,INR,3.0,6,3.266,India,New Delhi,0,0
Chowringhee,Rajinder Nagar,"North Indian, Chinese",2,600.0,INR,2.7,5,3.243,India,New Delhi,0,1
Darshan Dhaba,Rajinder Nagar,"North Indian, Beverages",1,100.0,INR,2.7,16,3.153,India,New Delhi,0,0
Domino's Pizza,Rajinder Nagar,"Pizza, Fast Food",2,700.0,INR,2.9,119,3.018,India,New Delhi,0,0
Durga Dhaba,Rajinder Nagar,North Indian,1,200.0,INR,2.9,6,3.255,India,New Delhi,0,0
Flashback Midnight Hunger,Rajinder Nagar,"Italian, Continental, Fast Food, Chinese",2,600.0,INR,3.4,50,3.349,India,New Delhi,0,1
Flavours of Punjab,Rajinder Nagar,"North Indian, Chinese",2,750.0,INR,2.5,165,2.685,India,New Delhi,1,1
Flirty Momo's,Rajinder Nagar,Chinese,1,350.0,INR,3.1,12,3.259,India,New Delhi,0,0
Food Factory,Rajinder Nagar,"North Indian, Chinese, Mughlai",2,500.0,INR,3.0,14,3.232,India,New Delhi,0,1
Foodies Joint,Rajinder Nagar,"Fast Food, North Indian, Chinese",1,300.0,INR,3.4,20,3.327,India,New Delhi,0,0
Fresh Meat CO,Rajinder Nagar,"Raw Meats, Fast Food",1,300.0,INR,2.9,4,3.268,India,New Delhi,0,0
Friends Restaurant,Rajinder Nagar,North Indian,1,300.0,INR,2.8,117,2.949,India,New Delhi,0,0
Giani,Rajinder Nagar,"Ice Cream, Desserts",1,300.0,INR,3.3,40,3.299,India,New Delhi,0,0
Green Chick Chop,Rajinder Nagar,"Raw Meats, North Indian, Fast Food",1,350.0,INR,3.2,17,3.273,India,New Delhi,0,0
Havmor Ice Cream,Rajinder Nagar,"Ice Cream, Desserts",1,200.0,INR,2.8,7,3.236,India,New Delhi,0,1
Hot Pot,Rajinder Nagar,"Chinese, Fast Food",1,300.0,INR,2.5,111,2.748,India,New Delhi,0,0
Hyderabadi Biryani Parlour,Rajinder Nagar,"Biryani, North Indian",1,300.0,INR,2.9,66,3.071,India,New Delhi,0,0
iGNiTE,Rajinder Nagar,"North Indian, Chinese",2,650.0,INR,3.0,110,3.093,India,New Delhi,0,1
Just Cakez,Rajinder Nagar,Bakery,2,500.0,INR,3.2,6,3.287,India,New Delhi,0,1
Kay's Bar-Be-Que,Rajinder Nagar,North Indian,1,400.0,INR,3.0,6,3.266,India,New Delhi,0,0
Kolkata Kathi Roll,Rajinder Nagar,Fast Food,1,100.0,INR,2.6,24,3.071,India,New Delhi,0,0
Madras Cafe,Rajinder Nagar,"South Indian, Chinese",1,350.0,INR,2.7,29,3.078,India,New Delhi,0,0
Mama's Chinese Kitchen,Rajinder Nagar,Chinese,2,750.0,INR,3.0,58,3.138,India,New Delhi,0,0
Mama's Nu Khana Khazana,Rajinder Nagar,"North Indian, Chinese, Mughlai",2,900.0,INR,2.6,169,2.759,India,New Delhi,1,0
Marathi Katta,Rajinder Nagar,"Fast Food, Maharashtrian, North Indian",1,250.0,INR,2.7,11,3.19,India,New Delhi,0,1
Mitra Da Dhaba,Rajinder Nagar,North Indian,1,350.0,INR,2.8,55,3.037,India,New Delhi,0,1
Moti Mahal Delux - Kebab Trail,Rajinder Nagar,"North Indian, Mughlai, Chinese",3,1000.0,INR,3.2,102,3.232,India,New Delhi,1,1
Nirula's Ice Cream,Rajinder Nagar,"Ice Cream, Desserts",1,250.0,INR,2.9,10,3.231,India,New Delhi,0,0
Oberoi Biryani,Rajinder Nagar,"Biryani, North Indian",2,600.0,INR,2.6,135,2.788,India,New Delhi,0,0
Pappu Ka Dhaba,Rajinder Nagar,North Indian,1,300.0,INR,3.1,25,3.232,India,New Delhi,0,0
Peshawar Sweets Shop,Rajinder Nagar,"Street Food, Mithai",1,150.0,INR,3.4,79,3.36,India,New Delhi,0,0
Piyu Kitchen,Rajinder Nagar,"North Indian, Chinese",2,800.0,INR,3.2,13,3.277,India,New Delhi,0,1
Posh Spice,Rajinder Nagar,Fast Food,1,300.0,INR,3.0,12,3.24,India,New Delhi,0,0
Prince Chicken & Mutton Shop,Rajinder Nagar,"Raw Meats, North Indian",2,600.0,INR,2.6,22,3.084,India,New Delhi,0,0
Punjab Chicken & Bar-Be-Que,Rajinder Nagar,North Indian,2,600.0,INR,2.9,5,3.261,India,New Delhi,0,0
Republic of Chicken,Rajinder Nagar,"Raw Meats, Fast Food",1,400.0,INR,2.8,33,3.1,India,New Delhi,0,0
Sagar Ratna,Rajinder Nagar,"South Indian, North Indian, Chinese",2,600.0,INR,2.7,120,2.876,India,New Delhi,0,1
Sardar A Pure Meat Shop,Rajinder Nagar,"Raw Meats, Fast Food",1,300.0,INR,3.0,7,3.261,India,New Delhi,0,0
Shama Chicken Corner,Rajinder Nagar,Mughlai,1,300.0,INR,3.0,4,3.275,India,New Delhi,0,0
Shawarma King's,Rajinder Nagar,Fast Food,1,250.0,INR,3.1,7,3.273,India,New Delhi,0,0
Sindh Sweet Corner,Rajinder Nagar,"Mithai, Street Food",1,200.0,INR,2.7,22,3.115,India,New Delhi,0,0
Singh Tawa Corner,Rajinder Nagar,North Indian,2,600.0,INR,2.6,10,3.181,India,New Delhi,0,1
Singh's Kitchen,Rajinder Nagar,"Chinese, Fast Food",1,400.0,INR,2.7,84,2.923,India,New Delhi,0,1
South Indian Cafe,Rajinder Nagar,South Indian,1,250.0,INR,2.7,18,3.139,India,New Delhi,0,0
Subway,Rajinder Nagar,"American, Fast Food, Salad, Healthy Food",2,500.0,INR,3.4,152,3.375,India,New Delhi,0,1
Swaad Bar-Be-Que,Rajinder Nagar,"North Indian, Chinese",2,600.0,INR,3.2,27,3.263,India,New Delhi,0,0
Tadak Punjabi,Rajinder Nagar,North Indian,1,300.0,INR,2.7,41,3.028,India,New Delhi,0,0
Tandoori Delights,Rajinder Nagar,"North Indian, Mughlai",2,500.0,INR,2.5,40,2.943,India,New Delhi,0,1
The Culinary Pitaara,Rajinder Nagar,"North Indian, Chinese",2,900.0,INR,2.8,7,3.236,India,New Delhi,0,1
The Grill Cafe,Rajinder Nagar,"Cafe, Fast Food, Pizza",1,250.0,INR,3.4,21,3.328,India,New Delhi,0,1
The Sunset,Rajinder Nagar,Mughlai,2,500.0,INR,2.6,7,3.212,India,New Delhi,0,1
Tomatoes Kitchen,Rajinder Nagar,"North Indian, Chinese, Fast Food",2,700.0,INR,2.9,135,3.007,India,New Delhi,0,1
Udupi Eating House,Rajinder Nagar,South Indian,1,350.0,INR,3.2,53,3.247,India,New Delhi,0,0
Wrapss,Rajinder Nagar,"Chinese, Fast Food",1,350.0,INR,3.1,140,3.152,India,New Delhi,0,1
Burger Point,Rajinder Nagar,"Burger, Fast Food",1,300.0,INR,3.7,25,3.432,India,New Delhi,0,1
Kings,Rajinder Nagar,"Desserts, Ice Cream",1,300.0,INR,3.6,83,3.486,India,New Delhi,0,0
Millionaire - Powered by Wrapss,Rajinder Nagar,"Burger, Fast Food",1,400.0,INR,3.5,27,3.368,India,New Delhi,0,1
Punjabi Chaap Corner,Rajinder Nagar,"Fast Food, North Indian",1,400.0,INR,3.6,107,3.504,India,New Delhi,0,1
Spooky Sky,Rajinder Nagar,"Italian, Chinese, North Indian",2,650.0,INR,3.5,38,3.385,India,New Delhi,0,1
Standard Corner,Rajinder Nagar,North Indian,1,100.0,INR,3.6,87,3.49,India,New Delhi,0,0
The Canteen,Rajinder Nagar,"Cafe, South Indian, North Indian, Bakery",2,550.0,INR,3.5,126,3.442,India,New Delhi,0,1
The Diet Kitchen,Rajinder Nagar,"Continental, Healthy Food",2,700.0,INR,3.5,39,3.386,India,New Delhi,0,1
The Flashback,Rajinder Nagar,"Cafe, Italian, Chinese",2,700.0,INR,3.7,617,3.67,India,New Delhi,0,1
The Mashal,Rajinder Nagar,"Mughlai, North Indian",2,500.0,INR,3.5,26,3.367,India,New Delhi,0,1
Aggarwal Sweets India,Rajinder Nagar,"Mithai, Street Food",1,200.0,INR,2.4,52,2.84,India,New Delhi,0,0
Dilli Treat,Rajinder Nagar,"North Indian, South Indian, Chinese",2,500.0,INR,4.2,251,4.05,India,New Delhi,0,1
Dukes Pastry Shop,Rajinder Nagar,"Bakery, Fast Food",1,300.0,INR,4.2,474,4.114,India,New Delhi,0,1
HotMess Bakes,Rajinder Nagar,"Bakery, Fast Food",2,750.0,INR,4.1,101,3.834,India,New Delhi,0,1
London Street Kitchen,Rajinder Nagar,"North Indian, Mughlai, Chinese",2,600.0,INR,4.2,163,3.988,India,New Delhi,1,1
Bablu Chic-Inn,Rajouri Garden,"Mughlai, North Indian",2,750.0,INR,2.6,25,3.065,India,New Delhi,0,1
Babu Jhatka,Rajouri Garden,North Indian,2,500.0,INR,2.8,5,3.252,India,New Delhi,0,0
Bal Gopal,Rajouri Garden,"North Indian, Mughlai",2,500.0,INR,3.4,49,3.348,India,New Delhi,0,1
Bharat Sweets,Rajouri Garden,Mithai,1,100.0,INR,3.0,11,3.244,India,New Delhi,0,0
Cafe Blue Tomato,Rajouri Garden,"Continental, North Indian, Chinese, Cafe",3,1400.0,INR,3.2,411,3.211,India,New Delhi,1,0
Cafe TAB,Rajouri Garden,Cafe,2,500.0,INR,3.0,17,3.222,India,New Delhi,0,1
Cake-O-Licious,Rajouri Garden,Bakery,1,400.0,INR,3.3,11,3.298,India,New Delhi,0,0
Chaap Point,Rajouri Garden,Fast Food,1,250.0,INR,3.2,23,3.267,India,New Delhi,0,0
Chawla Family Restaurant,Rajouri Garden,"North Indian, Chinese, Mughlai",2,700.0,INR,2.9,8,3.243,India,New Delhi,0,1
Chawla Family Restaurant,Rajouri Garden,"North Indian, Chinese",2,700.0,INR,3.2,93,3.234,India,New Delhi,0,1
Chawla Restaurant,Rajouri Garden,"North Indian, Chinese",2,600.0,INR,3.1,25,3.232,India,New Delhi,0,1
Chawlas 2,Rajouri Garden,"North Indian, Mughlai",2,800.0,INR,3.0,27,3.193,India,New Delhi,1,0
Chicken Addiction,Rajouri Garden,North Indian,2,500.0,INR,3.1,21,3.239,India,New Delhi,0,1
Crave Busters,Rajouri Garden,"North Indian, Chinese, Continental",3,1100.0,INR,3.4,224,3.381,India,New Delhi,0,1
Garage,Rajouri Garden,North Indian,2,650.0,INR,3.0,4,3.275,India,New Delhi,0,0
Gola Sizzlers,Rajouri Garden,"Mughlai, North Indian, Chinese",3,1300.0,INR,3.4,246,3.383,India,New Delhi,0,0
Golden Tandoor,Rajouri Garden,"North Indian, Chinese",2,700.0,INR,3.2,41,3.254,India,New Delhi,0,0
Green Chick Chop,Rajouri Garden,"Raw Meats, North Indian, Fast Food",1,350.0,INR,3.1,14,3.254,India,New Delhi,0,0
Indo Traditional Kulfi,Rajouri Garden,Ice Cream,1,100.0,INR,3.1,5,3.279,India,New Delhi,0,0
Invitation Foodex,Rajouri Garden,"North Indian, Chinese, Mughlai",2,600.0,INR,3.2,7,3.285,India,New Delhi,0,1
King's Kabab,Rajouri Garden,"North Indian, Mughlai, Chinese",2,700.0,INR,3.2,16,3.274,India,New Delhi,0,0
New Kadimi,Rajouri Garden,"North Indian, South Indian, Chinese",2,800.0,INR,3.3,90,3.299,India,New Delhi,1,1
Paramjeet Machi Wala,Rajouri Garden,"North Indian, Mughlai",2,750.0,INR,3.4,53,3.35,India,New Delhi,0,1
Polka Pastry & Snack Bar,Rajouri Garden,"Bakery, Fast Food",1,350.0,INR,3.4,33,3.338,India,New Delhi,0,1
Punnu Biryani,Rajouri Garden,"North Indian, Biryani, Fast Food",2,600.0,INR,2.6,41,2.983,India,New Delhi,0,1
Raju Chinese Food,Rajouri Garden,Chinese,1,400.0,INR,3.2,49,3.249,India,New Delhi,0,0
Sandoz,Rajouri Garden,"North Indian, Chinese",2,550.0,INR,3.3,22,3.298,India,New Delhi,0,0
Scoop Junction,Rajouri Garden,"Ice Cream, Desserts",1,200.0,INR,3.3,14,3.298,India,New Delhi,0,0
Shri Durga Dosa Corner,Rajouri Garden,South Indian,1,300.0,INR,3.0,14,3.232,India,New Delhi,0,0
Soni Bakers,Rajouri Garden,"Bakery, Desserts, Fast Food, Street Food, Chinese, Beverages",1,400.0,INR,3.4,179,3.378,India,New Delhi,0,0
Subway,Rajouri Garden,"American, Fast Food, Salad, Healthy Food",2,500.0,INR,2.7,114,2.882,India,New Delhi,0,1
The Tandoor,Rajouri Garden,"North Indian, Chinese",2,750.0,INR,2.6,45,2.967,India,New Delhi,1,1
Twenty Four Seven,Rajouri Garden,"Fast Food, North Indian",1,300.0,INR,3.2,22,3.268,India,New Delhi,0,0
Unique Tasty Bites,Rajouri Garden,Chinese,1,400.0,INR,3.0,10,3.248,India,New Delhi,0,0
Band Baaja Baaraat,Rajouri Garden,North Indian,3,1300.0,INR,4.6,128,4.234,India,New Delhi,1,0
Kopper Kadai,Rajouri Garden,North Indian,3,1400.0,INR,4.8,83,4.235,India,New Delhi,0,0
Naturals Ice Cream,Rajouri Garden,Ice Cream,1,150.0,INR,4.7,474,4.566,India,New Delhi,0,1
Qubitos - The Terrace Cafe,Rajouri Garden,"Thai, European, Mexican, North Indian, Chinese, Cafe",3,1500.0,INR,4.5,778,4.427,India,New Delhi,1,0
The California Boulevard,Rajouri Garden,"American, Asian, European, Seafood",4,2000.0,INR,4.6,1691,4.563,India,New Delhi,1,0
Anjlika Pastry Shop,Rajouri Garden,"Bakery, Desserts, Fast Food",1,400.0,INR,3.9,170,3.763,India,New Delhi,0,0
Atul Chaat Corner,Rajouri Garden,Street Food,1,100.0,INR,3.8,413,3.746,India,New Delhi,0,0
Bake A Wish,Rajouri Garden,"Bakery, Fast Food",1,400.0,INR,3.7,43,3.484,India,New Delhi,0,1
Berco's,Rajouri Garden,"Chinese, Thai",3,1100.0,INR,3.6,364,3.563,India,New Delhi,0,1
Bikanervala,Rajouri Garden,"North Indian, South Indian, Fast Food, Street Food, Chinese, Beverages, Desserts, Mithai",2,550.0,INR,3.8,334,3.735,India,New Delhi,0,0
Bintang Sweet Thrills,Rajouri Garden,"Desserts, Ice Cream",1,200.0,INR,3.5,21,3.357,India,New Delhi,0,0
Boombox Cafe Reloaded,Rajouri Garden,"North Indian, Mexican, Chinese, Italian",3,1100.0,INR,3.9,605,3.854,India,New Delhi,1,0
Cafe Foto Club,Rajouri Garden,"North Indian, Fast Food, Italian, Chinese, Cafe",3,1400.0,INR,3.8,280,3.724,India,New Delhi,0,1
Capital Grill,Rajouri Garden,"Continental, North Indian, Chinese",3,1650.0,INR,3.8,316,3.731,India,New Delhi,1,1
CG's - Lounge Cafe Bar,Rajouri Garden,"Continental, North Indian",3,1700.0,INR,3.9,88,3.682,India,New Delhi,1,0
Dhaba,Rajouri Garden,"Chinese, North Indian",3,1100.0,INR,3.7,662,3.672,India,New Delhi,0,0
Domino's Pizza,Rajouri Garden,"Pizza, Fast Food",2,700.0,INR,3.5,194,3.458,India,New Delhi,0,0
Garam Dharam,Rajouri Garden,North Indian,3,1300.0,INR,3.7,282,3.639,India,New Delhi,1,1
Gayway Bakery,Rajouri Garden,"Bakery, Fast Food",1,300.0,INR,3.6,120,3.511,India,New Delhi,0,0
Giani's,Rajouri Garden,"Ice Cream, Desserts",1,400.0,INR,3.9,122,3.725,India,New Delhi,0,1
Grub House,Rajouri Garden,"Italian, North Indian, Continental",3,1700.0,INR,3.5,313,3.472,India,New Delhi,1,0
Habibi,Rajouri Garden,"Middle Eastern, Mediterranean, North Indian",3,1250.0,INR,3.7,196,3.618,India,New Delhi,1,1
High Street Caf,Rajouri Garden,"North Indian, Continental, Chinese, Italian",3,1250.0,INR,3.8,374,3.741,India,New Delhi,1,1
Hungry Heroes,Rajouri Garden,Continental,2,800.0,INR,3.8,96,3.628,India,New Delhi,1,1
IKKA - The Ace Bar,Rajouri Garden,"Continental, North Indian, Chinese, Italian, Finger Food",3,1200.0,INR,3.6,751,3.581,India,New Delhi,1,0
Jungle Jamboree,Rajouri Garden,"Continental, Chinese, Thai, Mughlai, North Indian",3,1500.0,INR,3.9,168,3.762,India,New Delhi,1,0
Lord of the Drinks Chamber,Rajouri Garden,"European, Chinese, North Indian, Italian",4,2200.0,INR,3.9,404,3.834,India,New Delhi,1,0
Marine Drivve - Club & Courtyard,Rajouri Garden,"North Indian, Chinese, Continental",4,2000.0,INR,3.8,52,3.554,India,New Delhi,1,0
McDonald's,Rajouri Garden,"Fast Food, Burger",2,500.0,INR,3.7,161,3.605,India,New Delhi,0,1
Mister Gulati Bakers,Rajouri Garden,Bakery,2,500.0,INR,3.8,160,3.68,India,New Delhi,0,1
My Fit Food,Rajouri Garden,"Healthy Food, Italian, Juices, Beverages",2,550.0,INR,3.7,81,3.546,India,New Delhi,0,1
Otik Cake Shop,Rajouri Garden,"Bakery, Desserts, Fast Food",1,250.0,INR,3.8,166,3.684,India,New Delhi,0,1
Pind Balluchi,Rajouri Garden,"North Indian, Mughlai",2,800.0,INR,3.6,622,3.577,India,New Delhi,1,0
SardarBuksh Coffee & Co.,Rajouri Garden,"Beverages, Desserts",1,250.0,INR,3.6,23,3.393,India,New Delhi,0,0
Sethi's Restaurant & Barbeque,Rajouri Garden,"North Indian, Chinese",2,700.0,INR,3.7,422,3.657,India,New Delhi,0,1
Sufiaana,Rajouri Garden,"North Indian, Mughlai, Lebanese",4,2000.0,INR,3.8,300,3.728,India,New Delhi,1,1
The Burger Club,Rajouri Garden,"Burger, Fast Food",2,500.0,INR,3.9,606,3.854,India,New Delhi,0,1
The Junkyard Caf,Rajouri Garden,"North Indian, Mediterranean, Asian",3,1400.0,INR,3.8,305,3.729,India,New Delhi,1,0
The Masterpiece Cafe,Rajouri Garden,"Cafe, Continental, Italian, North Indian",3,1200.0,INR,3.5,35,3.381,India,New Delhi,1,0
The Momoz Hub,Rajouri Garden,"Chinese, North Indian, Street Food",2,500.0,INR,3.6,74,3.478,India,New Delhi,0,1
The Post Office Cafe,Rajouri Garden,"Continental, Fast Food, North Indian, Asian",3,1600.0,INR,3.6,742,3.581,India,New Delhi,1,1
The Royal Turban,Rajouri Garden,"North Indian, Chinese",3,1300.0,INR,3.8,608,3.762,India,New Delhi,1,1
The Vintage Bakers,Rajouri Garden,"Bakery, Desserts, Fast Food",2,600.0,INR,3.7,46,3.49,India,New Delhi,0,1
Wok In The Clouds,Rajouri Garden,"Chinese, Thai, Continental, North Indian",3,1500.0,INR,3.7,699,3.673,India,New Delhi,0,1
Crazy Cow,Rajouri Garden,Chinese,2,600.0,INR,2.2,126,2.512,India,New Delhi,0,1
AMPM Caf & Bar,Rajouri Garden,"Continental, Italian, American",3,1400.0,INR,4.1,1980,4.08,India,New Delhi,0,0
Caf Foreground,Rajouri Garden,"Cafe, Asian, Italian, North Indian",3,1500.0,INR,4.2,91,3.88,India,New Delhi,1,1
Calendar's Kitchen by Satish Kaushik,Rajouri Garden,"Continental, Italian, North Indian, Chinese",3,1000.0,INR,4.0,115,3.787,India,New Delhi,1,0
Desee Dakshin Coastal Cafe,Rajouri Garden,"North Indian, Mangalorean, Chinese",3,1350.0,INR,4.0,345,3.911,India,New Delhi,1,1
Food Scouts,Rajouri Garden,"North Indian, Chinese, Continental",2,700.0,INR,4.4,229,4.202,India,New Delhi,0,1
Ghar Bistro Cafe,Rajouri Garden,"Continental, North Indian, Chinese, Mughlai, Asian",2,800.0,INR,4.4,153,4.128,India,New Delhi,1,0
Goosebumps,Rajouri Garden,"Ice Cream, Desserts, Beverages",1,300.0,INR,4.2,89,3.875,India,New Delhi,0,1
Kalol- Bar Te Kitchen,Rajouri Garden,"North Indian, Mughlai, Chinese",3,1200.0,INR,4.0,60,3.681,India,New Delhi,1,0
Lights Camera Action - Air Bar,Rajouri Garden,"North Indian, Continental",3,1300.0,INR,4.4,1636,4.367,India,New Delhi,0,0
Midnight Hunger Hub,Rajouri Garden,"North Indian, Fast Food, Italian, Asian",2,800.0,INR,4.3,58,3.836,India,New Delhi,0,1
National Highway 44,Rajouri Garden,"Kashmiri, North Indian, Mughlai, South Indian, Maharashtrian, Gujarati",3,1100.0,INR,4.4,676,4.324,India,New Delhi,1,0
Pirates of Grill,Rajouri Garden,"North Indian, Continental, Mughlai, Asian",3,1500.0,INR,4.1,2514,4.084,India,New Delhi,0,0
Prem Di Hatti,Rajouri Garden,"North Indian, Street Food",1,200.0,INR,4.0,220,3.87,India,New Delhi,0,0
Showstopper,Rajouri Garden,"Continental, North Indian, Chinese, Asian",3,1000.0,INR,4.1,163,3.912,India,New Delhi,1,0
Spotlight Bistro & Bar,Rajouri Garden,"Continental, North Indian, Chinese",3,1300.0,INR,4.0,129,3.804,India,New Delhi,1,1
The Diet Kitchen,Rajouri Garden,"Continental, Healthy Food",2,700.0,INR,4.1,31,3.605,India,New Delhi,0,0
The Drunk House,Rajouri Garden,"North Indian, Italian, Chinese",3,1300.0,INR,4.2,289,4.067,India,New Delhi,0,0
The Headquarter,Rajouri Garden,"Continental, Italian, Mediterranean, Asian",3,1200.0,INR,4.1,153,3.902,India,New Delhi,1,1
Tippling Street,Rajouri Garden,"Continental, Modern Indian, Asian",3,1000.0,INR,4.0,91,3.751,India,New Delhi,0,0
"34, Chowringhee Lane",Rohini,Fast Food,1,300.0,INR,3.3,85,3.299,India,New Delhi,0,0
Apni Rasoi,Rohini,North Indian,1,300.0,INR,3.0,76,3.118,India,New Delhi,0,0
Apsara Restaurant,Rohini,"Fast Food, North Indian, Chinese, South Indian, Ice Cream",1,450.0,INR,2.7,114,2.882,India,New Delhi,0,1
Ashu Bhature Wala,Rohini,Street Food,1,200.0,INR,3.3,79,3.299,India,New Delhi,0,0
Bakery Wala - The Cake Shop,Rohini,"Bakery, Chinese, Fast Food",1,350.0,INR,3.4,59,3.353,India,New Delhi,0,1
Bikanervala,Rohini,"North Indian, Chinese, South Indian, Street Food, Fast Food, Mithai",2,550.0,INR,3.4,110,3.368,India,New Delhi,0,1
Chalte Firte Momos & Special Foods,Rohini,"Chinese, Fast Food",1,350.0,INR,3.2,212,3.219,India,New Delhi,0,1
Chicken Khurana,Rohini,"North Indian, Mughlai",2,550.0,INR,2.7,128,2.868,India,New Delhi,0,1
Chit Chat,Rohini,"North Indian, Chinese, Raw Meats",2,700.0,INR,3.1,68,3.184,India,New Delhi,0,1
Domino's Pizza,Rohini,"Pizza, Fast Food",2,700.0,INR,3.3,82,3.299,India,New Delhi,0,0
Gurdasman Punjabi Khana & Caterers,Rohini,North Indian,1,250.0,INR,3.3,64,3.299,India,New Delhi,0,0
KFC,Rohini,"American, Fast Food",2,500.0,INR,3.1,60,3.19,India,New Delhi,0,1
Malika Bakers Pastry Shop,Rohini,"Bakery, Fast Food",1,150.0,INR,3.4,95,3.365,India,New Delhi,0,0
McDonald's,Rohini,"Fast Food, Burger",2,500.0,INR,3.4,108,3.368,India,New Delhi,0,1
Nakshatra Punjabi Rasoi,Rohini,"North Indian, Chinese, South Indian",1,450.0,INR,3.3,116,3.299,India,New Delhi,0,1
New Eleven to Eleven,Rohini,"North Indian, Chinese",3,1000.0,INR,3.0,126,3.084,India,New Delhi,0,1
Pasta Hut,Rohini,Fast Food,1,400.0,INR,3.3,34,3.298,India,New Delhi,0,0
Patiala Shahi,Rohini,"North Indian, Mughlai",2,650.0,INR,3.4,78,3.36,India,New Delhi,0,1
Pavitra Bakers,Rohini,"Bakery, Chinese, Fast Food",1,450.0,INR,3.2,73,3.24,India,New Delhi,0,1
Punjabi Rasoi,Rohini,"North Indian, South Indian, Fast Food",2,800.0,INR,2.8,164,2.916,India,New Delhi,0,1
Puratan - Family Restaurant & Bar,Rohini,"North Indian, Chinese",3,1000.0,INR,3.3,156,3.299,India,New Delhi,1,1
Sardar A Pure Meat Shop,Rohini,"Raw Meats, Fast Food, North Indian",1,150.0,INR,3.4,59,3.353,India,New Delhi,0,1
Spice Court,Rohini,"Chinese, North Indian, Mughlai",3,1000.0,INR,2.6,59,2.92,India,New Delhi,1,1
Subway,Rohini,"American, Fast Food, Salad, Healthy Food",2,500.0,INR,3.3,132,3.299,India,New Delhi,0,1
Urban Garden Cafe,Rohini,"Fast Food, Italian",1,400.0,INR,3.1,20,3.241,India,New Delhi,0,0
Behrouz Biryani,Rohini,Biryani,2,600.0,INR,3.6,45,3.441,India,New Delhi,0,1
BTW,Rohini,"South Indian, Street Food, Mithai",1,400.0,INR,3.5,75,3.419,India,New Delhi,0,0
Chalte Firte Momos & Special Foods,Rohini,Fast Food,1,350.0,INR,3.5,55,3.404,India,New Delhi,0,1
Domino's Pizza,Rohini,"Pizza, Fast Food",2,700.0,INR,3.5,123,3.441,India,New Delhi,0,0
Gaurav Pastry Palace,Rohini,"Bakery, Chinese",1,250.0,INR,3.6,95,3.496,India,New Delhi,0,0
Jhakkas,Rohini,"Street Food, South Indian",1,250.0,INR,3.5,175,3.455,India,New Delhi,0,0
Kebab Xpress,Rohini,"North Indian, Mughlai",2,600.0,INR,3.5,62,3.41,India,New Delhi,0,1
Keventers,Rohini,Beverages,1,400.0,INR,3.8,43,3.53,India,New Delhi,0,0
McDonald's,Rohini,"Fast Food, Burger",2,500.0,INR,3.5,67,3.413,India,New Delhi,0,1
Moti Mahal Delux,Rohini,"North Indian, Mughlai, Chinese",2,800.0,INR,3.5,159,3.452,India,New Delhi,1,1
Mr. Sub,Rohini,Fast Food,1,400.0,INR,3.5,42,3.39,India,New Delhi,0,1
Nik's Kitchen,Rohini,"North Indian, Chinese",2,500.0,INR,3.8,56,3.563,India,New Delhi,0,1
Punjabi Dhaba,Rohini,North Indian,1,200.0,INR,3.6,98,3.498,India,New Delhi,0,0
Satvik Rasoi,Rohini,North Indian,2,700.0,INR,3.8,31,3.49,India,New Delhi,0,1
Shree Gopal Ji Chole Bhature,Rohini,Street Food,1,200.0,INR,3.9,129,3.732,India,New Delhi,0,0
South Indian Corner,Rohini,"South Indian, Chinese",1,250.0,INR,3.5,62,3.41,India,New Delhi,0,0
The Chocolate Villa,Rohini,"Bakery, Desserts, Fast Food",1,350.0,INR,3.9,257,3.802,India,New Delhi,0,1
Vaishno Punjabi Dhaba,Rohini,North Indian,1,400.0,INR,3.5,70,3.416,India,New Delhi,0,1
WTF - What's the Food?,Rohini,"North Indian, Chinese, Fast Food",1,450.0,INR,3.5,83,3.424,India,New Delhi,0,1
Handi Chhareyan Di,Rohini,"North Indian, Chinese",2,550.0,INR,2.3,128,2.58,India,New Delhi,0,1
Svaruchi Bhoj,Rohini,"North Indian, South Indian, Chinese",2,600.0,INR,2.4,62,2.801,India,New Delhi,0,0
Caffe 9,Rohini,"North Indian, Continental, European, American, Mediterranean",3,1400.0,INR,4.2,69,3.821,India,New Delhi,1,1
Jai Vaishno Rasoi,Rohini,North Indian,1,250.0,INR,4.2,171,3.996,India,New Delhi,0,1
Chidya Ghar - Roseate House,"Roseate House, Aerocity",Continental,4,3700.0,INR,2.9,4,3.268,India,New Delhi,0,0
DEL - Roseate House,"Roseate House, Aerocity","Continental, American, North Indian",4,3000.0,INR,3.6,30,3.411,India,New Delhi,1,0
Adish,Safdarjung,"North Indian, Chinese, South Indian",2,700.0,INR,3.1,45,3.204,India,New Delhi,0,0
Amritsari Dhaba,Safdarjung,"North Indian, Chinese",2,500.0,INR,3.2,18,3.272,India,New Delhi,0,0
Amritsari Xpress,Safdarjung,North Indian,1,300.0,INR,3.0,6,3.266,India,New Delhi,0,0
Anupam Sweets,Safdarjung,Mithai,1,250.0,INR,2.6,12,3.162,India,New Delhi,0,0
B Two,Safdarjung,Chinese,1,400.0,INR,3.0,7,3.261,India,New Delhi,0,0
Babbu Da Punjabi Dhaba,Safdarjung,North Indian,1,300.0,INR,3.3,27,3.298,India,New Delhi,0,0
Baker's Byte,Safdarjung,Fast Food,1,200.0,INR,3.3,34,3.298,India,New Delhi,0,0
Bamboo Hut,Safdarjung,"Naga, Tibetan",2,500.0,INR,3.4,15,3.321,India,New Delhi,0,1
Bengal Sweet Corner,Safdarjung,"North Indian, South Indian, Chinese, Street Food, Mithai",2,550.0,INR,2.8,90,2.978,India,New Delhi,0,1
Cafe Coffee Day - The Lounge,Safdarjung,Cafe,2,750.0,INR,2.5,32,2.986,India,New Delhi,0,0
Cafe Coffee Day,Safdarjung,Cafe,1,450.0,INR,2.8,16,3.177,India,New Delhi,0,0
Cake Away,Safdarjung,"Cafe, Bakery",2,700.0,INR,3.0,5,3.27,India,New Delhi,0,0
Chanky Restruoo,Safdarjung,Chinese,2,500.0,INR,3.0,12,3.24,India,New Delhi,0,0
Chawla Fast Food,Safdarjung,"North Indian, South Indian, Chinese",1,300.0,INR,2.9,4,3.268,India,New Delhi,0,0
Chawnsan Chef,Safdarjung,"Mughlai, North Indian, Chinese",2,700.0,INR,3.4,13,3.319,India,New Delhi,0,1
China King,Safdarjung,Chinese,2,500.0,INR,3.1,8,3.27,India,New Delhi,0,0
Dec,Safdarjung,"Pizza, Continental, Beverages",1,300.0,INR,3.3,15,3.298,India,New Delhi,0,0
Desi Zaika,Safdarjung,"North Indian, Chinese",2,800.0,INR,2.6,83,2.862,India,New Delhi,0,1
Druk,Safdarjung,"Tibetan, Chinese",1,400.0,INR,2.8,53,3.041,India,New Delhi,0,0
Flavours of Tibet,Safdarjung,"Tibetan, Chinese",2,500.0,INR,3.3,141,3.299,India,New Delhi,0,1
Get Lost in Flavours,Safdarjung,"North Indian, Chinese",2,650.0,INR,2.6,70,2.891,India,New Delhi,0,1
Giani,Safdarjung,"Ice Cream, Desserts",1,300.0,INR,2.9,9,3.237,India,New Delhi,0,0
Green Chick Chop,Safdarjung,"Raw Meats, North Indian, Fast Food",1,350.0,INR,3.3,30,3.298,India,New Delhi,0,0
Grover Dhaba,Safdarjung,North Indian,1,300.0,INR,3.1,16,3.25,India,New Delhi,0,0
Gupta's Rasoi,Safdarjung,North Indian,1,350.0,INR,2.8,60,3.026,India,New Delhi,0,1
Hangchuaa's Chinese Food Corner,Safdarjung,Chinese,2,600.0,INR,3.1,35,3.216,India,New Delhi,0,1
High On Burgers,Safdarjung,Fast Food,1,300.0,INR,3.2,37,3.256,India,New Delhi,0,1
Hot Paprika,Safdarjung,"Chinese, Fast Food",2,500.0,INR,2.7,26,3.093,India,New Delhi,0,1
Jalsa,Safdarjung,Chinese,1,450.0,INR,2.7,6,3.233,India,New Delhi,0,1
KPG Express,Safdarjung,Chinese,2,500.0,INR,3.3,33,3.298,India,New Delhi,0,0
Le Himalaya,Safdarjung,"Tibetan, Chinese",2,700.0,INR,3.1,34,3.217,India,New Delhi,0,1
Lunia Italian,Safdarjung,"Pizza, Fast Food",1,350.0,INR,3.4,25,3.332,India,New Delhi,0,0
Mahipal Dhaba,Safdarjung,North Indian,1,200.0,INR,2.8,8,3.229,India,New Delhi,0,0
Morong Ki,Safdarjung,Naga,1,400.0,INR,3.0,7,3.261,India,New Delhi,0,0
Moti Mahal Delux - Tandooori Trail,Safdarjung,"North Indian, Mughlai",2,800.0,INR,2.7,90,2.913,India,New Delhi,0,1
Pooja Take Away Kitchen,Safdarjung,"North Indian, Chinese, Fast Food",1,400.0,INR,2.7,11,3.19,India,New Delhi,0,0
Red Chilli,Safdarjung,"North Indian, Chinese, Mughlai",2,900.0,INR,3.0,64,3.13,India,New Delhi,0,1
Saturn,Safdarjung,"Fast Food, North Indian",2,600.0,INR,2.8,9,3.222,India,New Delhi,0,1
Smokey Flavours,Safdarjung,"North Indian, Mughlai",2,500.0,INR,3.3,13,3.298,India,New Delhi,0,0
Subway,Safdarjung,"American, Fast Food, Salad, Healthy Food",2,500.0,INR,2.9,188,2.983,India,New Delhi,0,1
Sugar Loft,Safdarjung,"Bakery, Desserts",2,500.0,INR,3.4,26,3.332,India,New Delhi,0,0
Sugary Affairs,Safdarjung,"Bakery, Desserts",2,600.0,INR,3.0,6,3.266,India,New Delhi,0,0
The Baking Fusion,Safdarjung,"Bakery, Desserts",1,400.0,INR,3.1,8,3.27,India,New Delhi,0,0
The Belly Giggles,Safdarjung,"Naga, Tibetan, Chinese, Bakery",2,600.0,INR,3.0,4,3.275,India,New Delhi,0,0
The Chef Restaurant,Safdarjung,Chinese,1,400.0,INR,3.4,63,3.355,India,New Delhi,0,0
Yo Tibet,Safdarjung,"Chinese, Tibetan, Fast Food",2,500.0,INR,3.3,150,3.299,India,New Delhi,0,0
Cafe Rock 'n' Rolla,Safdarjung,"Fast Food, American, Italian",2,600.0,INR,3.6,103,3.501,India,New Delhi,0,1
Charcoal,Safdarjung,"European, North Indian",3,1300.0,INR,3.7,210,3.623,India,New Delhi,1,1
Chawla Chicken,Safdarjung,"North Indian, Mughlai",2,500.0,INR,3.5,40,3.387,India,New Delhi,0,1
Freedom Corner,Safdarjung,"Chinese, Tibetan",2,600.0,INR,3.5,123,3.441,India,New Delhi,0,1
Kori's,Safdarjung,"Cafe, Korean",2,600.0,INR,3.6,110,3.505,India,New Delhi,0,1
Mizo Diner,Safdarjung,"North Indian, Tibetan",2,600.0,INR,3.7,154,3.601,India,New Delhi,0,0
Rainbows,Safdarjung,"Fast Food, Desserts",1,400.0,INR,3.5,51,3.4,India,New Delhi,0,1
Rajinder Xpress,Safdarjung,"North Indian, Chinese, Mughlai",2,800.0,INR,3.8,310,3.73,India,New Delhi,0,0
RDX,Safdarjung,"North Indian, Chinese, Mughlai",3,1000.0,INR,3.9,223,3.79,India,New Delhi,1,0
Sumo Sushi,Safdarjung,Sushi,3,1000.0,INR,3.9,21,3.476,India,New Delhi,0,1
The Categorical Eat Pham,Safdarjung,North Eastern,2,600.0,INR,3.7,94,3.56,India,New Delhi,0,0
The Hungry Monkey,Safdarjung,"European, Italian",4,2300.0,INR,3.7,622,3.67,India,New Delhi,1,0
Treat Up Cafe and Restaurant,Safdarjung,"Cafe, American, Continental, Nepalese",2,500.0,INR,3.6,31,3.413,India,New Delhi,0,0
Weird Time Food,Safdarjung,"Continental, Fast Food",2,600.0,INR,3.6,49,3.447,India,New Delhi,0,1
Cafe Coffee Day,Safdarjung,Cafe,1,450.0,INR,2.4,28,2.975,India,New Delhi,0,0
Zustt Yummy,Safdarjung,"North Indian, Chinese, Fast Food",2,500.0,INR,2.3,54,2.78,India,New Delhi,0,0
Cafe Hashtag LoL,Safdarjung,"Cafe, North Indian, Chinese",3,1200.0,INR,4.2,49,3.744,India,New Delhi,1,0
Dirty Apron,Safdarjung,"European, Asian",4,2000.0,INR,4.3,96,3.957,India,New Delhi,1,1
Hornbill,Safdarjung,Naga,1,400.0,INR,4.0,149,3.823,India,New Delhi,0,0
Napoli Pizza,Safdarjung,Pizza,2,800.0,INR,4.0,41,3.614,India,New Delhi,0,1
Rajinder Da Dhaba,Safdarjung,"North Indian, Mughlai, Chinese",2,800.0,INR,4.3,3530,4.286,India,New Delhi,0,0
The Piano Man Jazz Club,Safdarjung,"Mexican, American",3,1800.0,INR,4.2,420,4.104,India,New Delhi,1,1
Tossin Pizza,Safdarjung,"Pizza, Italian",2,900.0,INR,4.1,647,4.042,India,New Delhi,1,1
Big Belly Burger,Sainik Farms,Fast Food,1,200.0,INR,2.7,6,3.233,India,New Delhi,0,1
Bikaner Choice,Sainik Farms,"Mithai, Street Food",1,100.0,INR,2.8,14,3.189,India,New Delhi,0,0
Bikaner Misthan,Sainik Farms,"Mithai, Street Food, North Indian, South Indian, Chinese",1,350.0,INR,2.7,16,3.153,India,New Delhi,0,0
Da Yummy Pizza,Sainik Farms,"Pizza, Fast Food",2,500.0,INR,2.7,4,3.253,India,New Delhi,0,1
Food Nursary,Sainik Farms,"North Indian, Mughlai",1,350.0,INR,2.8,5,3.252,India,New Delhi,0,1
Puja Sandwich House,Sainik Farms,Fast Food,1,300.0,INR,2.7,16,3.153,India,New Delhi,0,0
PVR Bhojanalay,Sainik Farms,"Street Food, North Indian",1,100.0,INR,2.7,17,3.146,India,New Delhi,0,0
The Bake Studio,Sainik Farms,"Bakery, Desserts",1,450.0,INR,3.1,12,3.259,India,New Delhi,0,0
The Blue Tandoor,Sainik Farms,"North Indian, Mughlai",3,1000.0,INR,2.9,13,3.215,India,New Delhi,0,0
Pandit Ji Ki Apni Rasoi,Sainik Farms,North Indian,1,300.0,INR,2.4,4,3.231,India,New Delhi,0,1
Alam Muradabadi Chicken Biryani,Saket,"North Indian, Biryani",1,250.0,INR,3.0,5,3.27,India,New Delhi,0,0
Boheme Bar & Grill,Saket,"North Indian, Chinese, Italian",3,1300.0,INR,3.3,118,3.299,India,New Delhi,1,1
Budapest Kitchen & Bar,Saket,"Finger Food, North Indian, Continental, Chinese, Italian",3,1500.0,INR,3.0,4,3.275,India,New Delhi,1,0
Dark House,Saket,"Chinese, Italian, Fast Food",1,400.0,INR,2.8,24,3.136,India,New Delhi,0,1
Henry's Cafe,Saket,"Pizza, North Indian, Continental",2,700.0,INR,3.4,42,3.344,India,New Delhi,0,1
Kathi Zone,Saket,Fast Food,1,200.0,INR,3.3,20,3.298,India,New Delhi,0,0
Kehar Cafe & Restaurant,Saket,"North Indian, Mughlai, Chinese",2,600.0,INR,2.8,16,3.177,India,New Delhi,0,0
Kumaon Dhaba & Service,Saket,North Indian,1,100.0,INR,3.0,8,3.256,India,New Delhi,0,0
Let'z Eat,Saket,"North Indian, Mughlai, Chinese, Fast Food",2,600.0,INR,2.7,11,3.19,India,New Delhi,0,1
Lite Eat Cafe,Saket,Fast Food,1,300.0,INR,3.0,4,3.275,India,New Delhi,0,0
Malabar Dosa Hut,Saket,South Indian,1,150.0,INR,3.2,15,3.275,India,New Delhi,0,0
New Red Onion,Saket,"North Indian, Chinese",2,800.0,INR,2.5,20,3.07,India,New Delhi,1,0
Pizza Hut,Saket,"Italian, Pizza, Fast Food",3,1000.0,INR,3.1,237,3.134,India,New Delhi,0,1
The Tiffin Hut,Saket,North Indian,1,300.0,INR,3.2,10,3.281,India,New Delhi,0,0
The Upper Crust,Saket,"Pizza, Fast Food",2,550.0,INR,3.0,15,3.229,India,New Delhi,0,0
Touch of Punjab,Saket,"North Indian, Mughlai",2,700.0,INR,2.9,33,3.139,India,New Delhi,0,0
Tulicakes,Saket,"Bakery, Desserts",1,300.0,INR,3.4,31,3.337,India,New Delhi,0,0
Wanchai By Kylin,Saket,"Asian, Chinese",2,700.0,INR,3.2,121,3.228,India,New Delhi,0,0
Wow! India,Saket,"North Indian, Chinese",1,300.0,INR,2.7,4,3.253,India,New Delhi,0,1
All About Food,Saket,"Chinese, Asian, Mediterranean, Continental",2,750.0,INR,3.9,305,3.815,India,New Delhi,0,1
Costa Coffee,Saket,Cafe,2,600.0,INR,3.7,118,3.58,India,New Delhi,0,0
Hey' Sugar Delhi,Saket,"Bakery, Desserts",2,500.0,INR,3.7,60,3.517,India,New Delhi,0,0
India Grill - Hilton Garden Inn,Saket,"Continental, Italian, North Indian",4,3000.0,INR,3.6,184,3.535,India,New Delhi,1,0
Jugmug Thela,Saket,Beverages,1,200.0,INR,3.8,25,3.465,India,New Delhi,0,0
Mucchad Di Chai,Saket,"Fast Food, Beverages",1,200.0,INR,3.7,36,3.466,India,New Delhi,0,0
SS ONN THE GO,Saket,Street Food,2,500.0,INR,3.6,66,3.47,India,New Delhi,0,0
The Junkyard Cafe,Saket,"North Indian, Mediterranean, Asian",3,1500.0,INR,3.8,220,3.707,India,New Delhi,1,0
The Pizza Corner,Saket,"Fast Food, Pizza",2,600.0,INR,2.1,39,2.773,India,New Delhi,0,1
Wah Ji Wah,Saket,"North Indian, Chinese",1,450.0,INR,2.1,112,2.47,India,New Delhi,0,1
Blue Tokai Coffee Roasters,Saket,Cafe,1,350.0,INR,4.4,269,4.227,India,New Delhi,0,1
Ice Pan Creamery,Saket,"Ice Cream, Desserts",1,250.0,INR,4.2,92,3.882,India,New Delhi,0,0
Rose Cafe,Saket,"Cafe, Italian, Lebanese, Continental, Mediterranean",3,1000.0,INR,4.1,1653,4.076,India,New Delhi,0,0
Nueva,"Sangam Courtyard, RK Puram",South American,4,2500.0,INR,3.3,14,3.298,India,New Delhi,1,0
Cafe Diva,"Sangam Courtyard, RK Puram","European, Italian",4,2000.0,INR,3.8,109,3.642,India,New Delhi,1,0
Starbucks,"Sangam Courtyard, RK Puram",Cafe,2,700.0,INR,3.7,74,3.538,India,New Delhi,0,0
Cafe Delhi Heights,"Sangam Courtyard, RK Puram","Continental, American, Italian, Seafood, North Indian, Cafe",4,2000.0,INR,4.0,304,3.901,India,New Delhi,1,0
Delhi Club House,"Sangam Courtyard, RK Puram","North Indian, Continental, Asian",3,1700.0,INR,4.1,416,4.014,India,New Delhi,0,0
The Fatty Bao,"Sangam Courtyard, RK Puram","Asian, Sushi",3,1800.0,INR,4.1,695,4.046,India,New Delhi,1,0
Ziu,"Sangam Courtyard, RK Puram",Thai,3,1500.0,INR,4.1,259,3.97,India,New Delhi,0,0
Al-Arabi Restaurant,Sarita Vihar,"Arabian, North Indian",2,600.0,INR,2.9,7,3.249,India,New Delhi,0,0
Bikaner Sweets,Sarita Vihar,"Mithai, Street Food",1,100.0,INR,3.0,9,3.252,India,New Delhi,0,0
Chawla's_,Sarita Vihar,North Indian,2,500.0,INR,3.0,19,3.215,India,New Delhi,0,0
DELI2NITE,Sarita Vihar,"North Indian, Fast Food, Chinese",2,700.0,INR,2.6,15,3.136,India,New Delhi,0,1
Green Chick Chop,Sarita Vihar,"Raw Meats, North Indian, Fast Food",1,350.0,INR,3.3,14,3.298,India,New Delhi,0,0
Laziz Fast Food & Laziz Khana,Sarita Vihar,"North Indian, Chinese",1,350.0,INR,2.8,7,3.236,India,New Delhi,0,0
New Zaika Kathi Rolls,Sarita Vihar,Fast Food,1,300.0,INR,3.1,8,3.27,India,New Delhi,0,0
Sardar Ji Chaap & Rolls,Sarita Vihar,Fast Food,1,200.0,INR,3.2,7,3.285,India,New Delhi,0,0
Shri Bala Ji,Sarita Vihar,North Indian,1,150.0,INR,3.0,14,3.232,India,New Delhi,0,0
The Kitchen Exotica,Sarita Vihar,"North Indian, Chinese",2,600.0,INR,3.0,9,3.252,India,New Delhi,0,0
Wake And Bake,Sarita Vihar,"Bakery, Desserts",2,500.0,INR,3.2,16,3.274,India,New Delhi,0,0
Neha's Biscotte,Sarita Vihar,"Bakery, Desserts",1,400.0,INR,3.5,40,3.387,India,New Delhi,0,0
Midnight Delight,Sarita Vihar,"North Indian, Chinese",1,400.0,INR,2.4,8,3.174,India,New Delhi,0,1
Ashok & Ashok Meat Dhaba,Sarojini Nagar,North Indian,2,650.0,INR,3.2,11,3.28,India,New Delhi,0,1
Durga Sweets Corner,Sarojini Nagar,"Mithai, Street Food",1,100.0,INR,3.2,16,3.274,India,New Delhi,0,0
Hot Pot,Sarojini Nagar,"Fast Food, Street Food",1,150.0,INR,2.7,16,3.153,India,New Delhi,0,0
Kwic Bitte Restaurant,Sarojini Nagar,"Chinese, South Indian",1,300.0,INR,3.3,38,3.299,India,New Delhi,0,0
Khandani Pakodewala,Sarojini Nagar,Street Food,1,100.0,INR,3.7,223,3.626,India,New Delhi,0,0
Kulcha King,Sarojini Nagar,Street Food,1,200.0,INR,3.8,168,3.685,India,New Delhi,0,1
Alfa Kathi Rolls,Satyaniketan,Fast Food,1,250.0,INR,2.6,23,3.078,India,New Delhi,0,0
Angeethi Express,Satyaniketan,"North Indian, Chinese, Fast Food",1,400.0,INR,3.2,11,3.28,India,New Delhi,0,0
Backbenchers,Satyaniketan,"Cafe, Continental, Italian, North Indian",2,700.0,INR,3.4,178,3.377,India,New Delhi,0,0
Bake Day,Satyaniketan,"Bakery, Fast Food",1,400.0,INR,3.2,82,3.237,India,New Delhi,0,1
Balaji Dhaba,Satyaniketan,North Indian,1,300.0,INR,2.7,11,3.19,India,New Delhi,0,0
Bhukkad,Satyaniketan,North Indian,2,500.0,INR,3.2,8,3.284,India,New Delhi,0,1
Cafe Coffee Day,Satyaniketan,Cafe,1,450.0,INR,3.3,78,3.299,India,New Delhi,0,0
Cafe Cones & Curries,Satyaniketan,"Fast Food, North Indian",1,400.0,INR,3.1,6,3.276,India,New Delhi,0,0
Cafe Trance & Lounge,Satyaniketan,"Cafe, Fast Food",2,500.0,INR,2.6,21,3.091,India,New Delhi,0,0
Chinese Hut,Satyaniketan,Chinese,2,500.0,INR,3.2,33,3.259,India,New Delhi,0,1
Chocolate Square,Satyaniketan,"Bakery, Desserts",1,300.0,INR,3.4,76,3.359,India,New Delhi,0,0
Chocolate Temptation,Satyaniketan,"Bakery, Desserts",2,500.0,INR,3.3,62,3.299,India,New Delhi,0,1
Flirty Momo's,Satyaniketan,Chinese,1,350.0,INR,3.0,8,3.256,India,New Delhi,0,0
Food Junkies,Satyaniketan,"North Indian, Chinese, Mughlai",1,300.0,INR,3.2,11,3.28,India,New Delhi,0,0
Frozen Fantasy,Satyaniketan,"Desserts, Beverages",1,300.0,INR,3.3,31,3.298,India,New Delhi,0,0
Hooters,Satyaniketan,"Continental, Mexican, Fast Food, North Indian, Chinese",2,500.0,INR,3.1,6,3.276,India,New Delhi,0,0
Katwalk Lounge,Satyaniketan,"Cafe, Italian",2,600.0,INR,3.3,22,3.298,India,New Delhi,0,0
Mom Hand Momos,Satyaniketan,Chinese,1,100.0,INR,3.3,8,3.298,India,New Delhi,0,0
Muradabadi Biryani Centre,Satyaniketan,Mughlai,1,450.0,INR,2.9,20,3.184,India,New Delhi,0,0
NCR Cafe,Satyaniketan,"Cafe, Chinese, Fast Food",2,800.0,INR,3.0,4,3.275,India,New Delhi,0,0
Peri Peri Momos,Satyaniketan,"Chinese, Fast Food",1,300.0,INR,3.2,9,3.283,India,New Delhi,0,0
Rosart Chocolate,Satyaniketan,Desserts,1,200.0,INR,3.4,15,3.321,India,New Delhi,0,0
Shanghai Restaurant,Satyaniketan,"North Indian, Mughlai, Chinese",1,300.0,INR,2.5,23,3.046,India,New Delhi,0,0
SharpShooters Roof Top Cafe,Satyaniketan,"Cafe, Chinese, Italian",1,450.0,INR,3.0,18,3.219,India,New Delhi,0,0
Stuti Restaurant,Satyaniketan,North Indian,1,250.0,INR,3.0,26,3.196,India,New Delhi,0,0
The Addictions,Satyaniketan,"North Indian, Chinese",1,450.0,INR,2.6,31,3.03,India,New Delhi,0,0
The Kahuna,Satyaniketan,"Chinese, Continental, Italian, North Indian",2,800.0,INR,3.1,27,3.228,India,New Delhi,0,0
Turn Up,Satyaniketan,"North Indian, Chinese",3,1200.0,INR,3.0,6,3.266,India,New Delhi,0,0
Wow! Momo,Satyaniketan,"Chinese, Fast Food",1,350.0,INR,3.4,154,3.375,India,New Delhi,0,0
Echoes Satyaniketan,Satyaniketan,"Cafe, Continental, Italian, Mexican, Chinese, American",2,600.0,INR,4.7,1563,4.657,India,New Delhi,0,0
#OFF Campus,Satyaniketan,"Cafe, Continental, Italian, Fast Food",2,800.0,INR,3.7,216,3.624,India,New Delhi,1,1
2 Bandits Lounge & Bar,Satyaniketan,"Italian, Continental, Mexican, North Indian",3,1500.0,INR,3.9,1316,3.878,India,New Delhi,1,0
"34, Chowringhee Lane",Satyaniketan,Fast Food,1,350.0,INR,3.5,345,3.474,India,New Delhi,0,0
Amigo's Hub,Satyaniketan,"Cafe, Fast Food",2,500.0,INR,3.7,193,3.617,India,New Delhi,0,1
CAD M CAD B,Satyaniketan,"Fast Food, Italian, Beverages",2,600.0,INR,3.5,60,3.408,India,New Delhi,0,1
Cafe 121,Satyaniketan,"Continental, American, Italian, North Indian, Chinese",2,600.0,INR,3.6,23,3.393,India,New Delhi,0,1
Cafe Hera Pheri,Satyaniketan,"Cafe, Italian, Chinese, North Indian",2,500.0,INR,3.8,401,3.744,India,New Delhi,0,0
Cafe Tansen,Satyaniketan,"North Indian, Chinese",2,950.0,INR,3.5,20,3.355,India,New Delhi,1,0
Caf Befikre,Satyaniketan,"Chinese, Continental",2,600.0,INR,3.8,80,3.607,India,New Delhi,0,1
Caf 101,Satyaniketan,"Cafe, Italian, North Indian",2,600.0,INR,3.6,365,3.564,India,New Delhi,0,1
Canteen Till I Die,Satyaniketan,"Cafe, Fast Food",1,300.0,INR,3.9,91,3.686,India,New Delhi,0,0
China Bowl,Satyaniketan,"Chinese, Thai, Japanese, Tibetan",2,800.0,INR,3.9,363,3.827,India,New Delhi,0,1
Chowringhee,Satyaniketan,"Street Food, Chinese, North Indian",2,600.0,INR,3.6,364,3.563,India,New Delhi,0,1
Crazy Kitchen Lounge & Terrace,Satyaniketan,"North Indian, Chinese, Italian",2,700.0,INR,3.9,176,3.767,India,New Delhi,0,1
FrenZone,Satyaniketan,"North Indian, Chinese, Fast Food, Cafe",2,800.0,INR,3.9,288,3.811,India,New Delhi,1,1
Giani,Satyaniketan,"Ice Cream, Desserts",1,400.0,INR,3.5,27,3.368,India,New Delhi,0,1
Grill Master,Satyaniketan,Fast Food,1,300.0,INR,3.7,26,3.435,India,New Delhi,0,1
High On Burgers,Satyaniketan,"Fast Food, Burger",1,300.0,INR,3.5,115,3.439,India,New Delhi,0,1
Kev's,Satyaniketan,Fast Food,1,100.0,INR,3.9,184,3.771,India,New Delhi,0,0
Madira,Satyaniketan,"Cafe, North Indian, Chinese",2,800.0,INR,3.6,67,3.471,India,New Delhi,0,0
Nature Hut Cafe,Satyaniketan,"Chinese, Thai, Continental, Fast Food, North Indian",2,750.0,INR,3.9,117,3.72,India,New Delhi,1,1
Papa Buns,Satyaniketan,Cafe,1,250.0,INR,3.6,25,3.398,India,New Delhi,0,0
Pirates of Campus,Satyaniketan,"Cafe, North Indian, Continental, Italian",2,700.0,INR,3.7,43,3.484,India,New Delhi,0,1
Subway,Satyaniketan,"American, Fast Food, Salad, Healthy Food",2,500.0,INR,3.6,144,3.522,India,New Delhi,0,1
Sushiya Express,Satyaniketan,"Sushi, Asian",2,800.0,INR,3.7,74,3.538,India,New Delhi,0,1
The Chai Story,Satyaniketan,Cafe,1,300.0,INR,3.9,142,3.743,India,New Delhi,0,0
The Food Truck Cafe,Satyaniketan,Cafe,2,800.0,INR,3.9,35,3.546,India,New Delhi,0,0
The Punter House,Satyaniketan,"Cafe, Continental, Mexican, Italian, North Indian, Chinese",2,800.0,INR,3.7,177,3.611,India,New Delhi,1,0
Thikaana,Satyaniketan,"Cafe, Continental, Italian, Chinese",2,550.0,INR,3.6,83,3.486,India,New Delhi,0,0
Tin Town Caf,Satyaniketan,"Cafe, North Indian, Continental, Chinese",2,600.0,INR,3.9,142,3.743,India,New Delhi,0,1
Uptown Cafe,Satyaniketan,"Cafe, Continental, Chinese, North Indian, Italian",3,1000.0,INR,3.6,244,3.549,India,New Delhi,1,1
Vadapav Junction,Satyaniketan,Street Food,1,150.0,INR,3.7,48,3.495,India,New Delhi,0,1
Pizza Hut Delivery,Satyaniketan,"Italian, Pizza",2,800.0,INR,2.3,114,2.604,India,New Delhi,0,1
Wrapss,Satyaniketan,"Chinese, Fast Food",1,350.0,INR,2.2,41,2.803,India,New Delhi,0,1
Big Yellow Door,Satyaniketan,"Cafe, Fast Food, Italian",2,600.0,INR,4.2,3311,4.187,India,New Delhi,0,0
Bombay Brunch,Satyaniketan,"Street Food, South Indian",1,400.0,INR,4.1,295,3.984,India,New Delhi,0,1
Burgrill,Satyaniketan,"Burger, Fast Food",1,450.0,INR,4.4,178,4.158,India,New Delhi,0,1
Cafe Kazbaah,Satyaniketan,"Cafe, Italian, Continental",2,600.0,INR,4.0,49,3.645,India,New Delhi,0,0
Eat Golf Repeat,Satyaniketan,"Cafe, Italian, Continental, Mexican",2,800.0,INR,4.1,37,3.639,India,New Delhi,0,0
Espress-o-Ville,Satyaniketan,"Cafe, Continental, Italian",2,600.0,INR,4.0,48,3.642,India,New Delhi,0,0
Frosty Rollies,Satyaniketan,"Desserts, Ice Cream",1,250.0,INR,4.0,44,3.626,India,New Delhi,0,0
Pipeline Cafe,Satyaniketan,"Cafe, North Indian, Chinese, Continental",2,650.0,INR,4.0,355,3.913,India,New Delhi,0,1
QRO Gourmeteriia BY DARK HOUSE KAFE,Satyaniketan,"Cafe, Continental, Italian, Chinese, North Indian",2,600.0,INR,4.2,349,4.087,India,New Delhi,0,1
Superstar Caf,Satyaniketan,"Cafe, Continental, Italian",2,600.0,INR,4.2,530,4.122,India,New Delhi,0,1
TBH - The Big House Cafe,Satyaniketan,"Cafe, Continental, North Indian, Chinese, Mexican",2,700.0,INR,4.0,107,3.776,India,New Delhi,0,1
The Biryani Co.,Satyaniketan,"Hyderabadi, Biryani, North Indian",2,650.0,INR,4.2,295,4.069,India,New Delhi,0,1
Wood Box Cafe,Satyaniketan,"Cafe, Fast Food, Italian, Chinese",2,850.0,INR,4.1,1479,4.074,India,New Delhi,1,1
Young Wild Free Cafe,Satyaniketan,"Cafe, Italian, Chinese, Continental",2,500.0,INR,4.1,658,4.043,India,New Delhi,0,0
A-One Green Sweet Corner,SDA,"Mithai, Street Food",1,200.0,INR,2.9,4,3.268,India,New Delhi,0,0
Cake Symphony,SDA,"Bakery, Desserts",2,600.0,INR,3.1,15,3.252,India,New Delhi,0,0
Charu Nanda's Home Baked Cakes,SDA,"Bakery, Desserts",1,300.0,INR,3.1,7,3.273,India,New Delhi,0,0
Costa Coffee,SDA,Cafe,2,600.0,INR,3.4,53,3.35,India,New Delhi,0,0
IndoCheen,SDA,Chinese,2,500.0,INR,3.2,49,3.249,India,New Delhi,0,0
The Staircase Cafe by Doggy Style,SDA,"Continental, Italian",2,700.0,INR,2.6,100,2.832,India,New Delhi,0,1
Twisted Tacos,SDA,Mexican,2,850.0,INR,3.4,69,3.357,India,New Delhi,0,1
Typsy Crow,SDA,"North Indian, Continental",3,1000.0,INR,2.9,15,3.206,India,New Delhi,0,0
Urban Dhaba,SDA,"North Indian, Chinese, Mughlai",2,550.0,INR,2.5,40,2.943,India,New Delhi,0,1
Barista,SDA,Cafe,2,650.0,INR,3.6,104,3.502,India,New Delhi,0,1
Keventers,SDA,Beverages,1,400.0,INR,3.6,18,3.377,India,New Delhi,0,0
Little Punjab,SDA,North Indian,1,200.0,INR,3.7,85,3.551,India,New Delhi,0,0
Miam,SDA,"Bakery, Desserts",2,800.0,INR,3.9,47,3.589,India,New Delhi,0,0
Tippy Tippy Tap,"Sector 15, Dwarka","Bakery, Fast Food",1,300.0,INR,3.1,9,3.267,India,New Delhi,0,0
Alaturka,"Select Citywalk Mall, Saket",Turkish,2,600.0,INR,3.4,202,3.38,India,New Delhi,0,1
Chicago Pizza,"Select Citywalk Mall, Saket",Pizza,2,600.0,INR,3.4,271,3.384,India,New Delhi,0,1
Fast Trax,"Select Citywalk Mall, Saket",Fast Food,1,250.0,INR,3.4,203,3.38,India,New Delhi,0,0
Khan Chacha,"Select Citywalk Mall, Saket",Mughlai,2,650.0,INR,3.4,504,3.391,India,New Delhi,0,1
Pa Pa Ya,"Select Citywalk Mall, Saket","Asian, Chinese, Thai, Japanese",4,2000.0,INR,4.7,268,4.479,India,New Delhi,0,0
Barista,"Select Citywalk Mall, Saket",Cafe,2,650.0,INR,3.6,99,3.498,India,New Delhi,0,0
Bings Cafe,"Select Citywalk Mall, Saket","Korean, Beverages, Desserts",2,650.0,INR,3.9,179,3.768,India,New Delhi,1,1
Fat Lulu's,"Select Citywalk Mall, Saket","Pizza, Italian",3,1250.0,INR,3.8,298,3.728,India,New Delhi,0,1
Harry's Bar + Cafe,"Select Citywalk Mall, Saket","Mediterranean, American, Asian",3,1600.0,INR,3.6,392,3.566,India,New Delhi,1,0
Joy Luck Moon,"Select Citywalk Mall, Saket",Chinese,3,1800.0,INR,3.5,385,3.477,India,New Delhi,1,1
Keventers,"Select Citywalk Mall, Saket",Beverages,1,400.0,INR,3.9,383,3.83,India,New Delhi,0,0
L'Opera,"Select Citywalk Mall, Saket","Bakery, Desserts, Fast Food",1,400.0,INR,3.8,157,3.679,India,New Delhi,0,1
Pita Pit,"Select Citywalk Mall, Saket","Healthy Food, Salad",2,600.0,INR,3.7,217,3.625,India,New Delhi,0,1
Saravana Bhavan,"Select Citywalk Mall, Saket",South Indian,2,500.0,INR,3.9,197,3.778,India,New Delhi,0,0
Starbucks,"Select Citywalk Mall, Saket",Cafe,2,700.0,INR,3.9,725,3.861,India,New Delhi,0,0
The Coffee Bean & Tea Leaf,"Select Citywalk Mall, Saket",Cafe,2,700.0,INR,3.7,417,3.657,India,New Delhi,0,0
The Coffee Bean & Tea Leaf,"Select Citywalk Mall, Saket",Cafe,2,700.0,INR,3.6,127,3.515,India,New Delhi,0,0
Habibi Express,"Select Citywalk Mall, Saket","Lebanese, Arabian, Moroccan",2,900.0,INR,2.2,122,2.519,India,New Delhi,0,1
Andrea's Eatery,"Select Citywalk Mall, Saket","Italian, Mexican, Spanish, Thai, Vietnamese, Indonesian, American",4,2000.0,INR,4.3,130,4.021,India,New Delhi,1,0
Drool Waffles,"Select Citywalk Mall, Saket",Desserts,2,500.0,INR,4.2,228,4.038,India,New Delhi,0,0
Elma's at Good Earth,"Select Citywalk Mall, Saket","Cafe, Continental, Italian",3,1500.0,INR,4.0,61,3.684,India,New Delhi,1,0
H_agen-Dazs,"Select Citywalk Mall, Saket","Desserts, Ice Cream",2,700.0,INR,4.0,649,3.95,India,New Delhi,0,0
Krispy Kreme,"Select Citywalk Mall, Saket","Desserts, Beverages",1,350.0,INR,4.0,734,3.955,India,New Delhi,0,1
Movenpick,"Select Citywalk Mall, Saket","Ice Cream, Desserts",2,650.0,INR,4.0,135,3.81,India,New Delhi,0,1
Punjab Grill,"Select Citywalk Mall, Saket","North Indian, Mughlai",3,1950.0,INR,4.2,1971,4.178,India,New Delhi,1,1
Aapka Bhojanalaya,Shahdara,"North Indian, Fast Food, South Indian",1,200.0,INR,2.8,5,3.252,India,New Delhi,0,0
Aayana Foods,Shahdara,"North Indian, Mughlai",1,450.0,INR,3.1,14,3.254,India,New Delhi,0,0
Aggarwal Sweet India,Shahdara,"Mithai, Street Food",1,100.0,INR,2.9,4,3.268,India,New Delhi,0,0
Amchur,Shahdara,North Indian,1,450.0,INR,2.9,6,3.255,India,New Delhi,0,0
Anand Ji de Choley Bhatoore,Shahdara,North Indian,1,150.0,INR,2.7,5,3.243,India,New Delhi,0,0
Annapoorna,Shahdara,Street Food,1,100.0,INR,3.1,19,3.243,India,New Delhi,0,0
Big Bite,Shahdara,"North Indian, Chinese, Fast Food",1,300.0,INR,3.0,22,3.207,India,New Delhi,0,0
Ceaser Fast Food Centre,Shahdara,"North Indian, Mughlai",2,500.0,INR,2.8,9,3.222,India,New Delhi,0,0
Chanana Ice Cream Parlour,Shahdara,Ice Cream,1,100.0,INR,2.9,4,3.268,India,New Delhi,0,0
Chaska,Shahdara,North Indian,1,250.0,INR,3.0,10,3.248,India,New Delhi,0,0
Chowranghee,Shahdara,Fast Food,1,300.0,INR,2.9,4,3.268,India,New Delhi,0,0
Darbaar Chicken,Shahdara,"North Indian, Mughlai",2,550.0,INR,3.0,14,3.232,India,New Delhi,0,0
Dilli Darbar,Shahdara,"North Indian, Chinese, South Indian",1,400.0,INR,3.3,34,3.298,India,New Delhi,0,0
Domino's Pizza,Shahdara,"Pizza, Fast Food",2,700.0,INR,2.8,31,3.107,India,New Delhi,0,0
Empire,Shahdara,Street Food,1,100.0,INR,2.9,5,3.261,India,New Delhi,0,0
Giani,Shahdara,"Ice Cream, Desserts",1,400.0,INR,3.1,8,3.27,India,New Delhi,0,0
Goldy Da Dhaba,Shahdara,North Indian,1,300.0,INR,3.0,6,3.266,India,New Delhi,0,0
Gufa Restaurant,Shahdara,"Chinese, North Indian",1,300.0,INR,3.2,14,3.276,India,New Delhi,0,0
Gulshan,Shahdara,North Indian,2,600.0,INR,3.3,25,3.298,India,New Delhi,0,0
Hira Sweets,Shahdara,Mithai,1,200.0,INR,3.3,19,3.298,India,New Delhi,0,0
Hot Shop,Shahdara,Chinese,1,300.0,INR,3.3,27,3.298,India,New Delhi,0,0
Janta Eating House,Shahdara,North Indian,1,150.0,INR,3.3,40,3.299,India,New Delhi,0,0
Madras Cafe,Shahdara,"South Indian, Fast Food",1,250.0,INR,3.4,28,3.334,India,New Delhi,0,0
Mitra Da Dhaba & Caterers,Shahdara,North Indian,1,200.0,INR,3.0,14,3.232,India,New Delhi,0,0
Mr. Momo,Shahdara,"Fast Food, Chinese",1,350.0,INR,2.7,18,3.139,India,New Delhi,0,0
New Anand Sagar,Shahdara,"North Indian, Chinese, Street Food",1,350.0,INR,2.8,5,3.252,India,New Delhi,0,0
New Tayal's Restaurant,Shahdara,"Chinese, South Indian",1,300.0,INR,2.8,11,3.208,India,New Delhi,0,0
Paramjeet Fish & Chicken Point,Shahdara,North Indian,2,550.0,INR,3.1,15,3.252,India,New Delhi,0,0
Pizza Diet,Shahdara,"Pizza, Fast Food",1,450.0,INR,2.8,6,3.244,India,New Delhi,0,0
Pizza Diet,Shahdara,"Pizza, Fast Food",1,450.0,INR,2.7,29,3.078,India,New Delhi,0,0
Pizzalicious,Shahdara,"Pizza, Fast Food",1,400.0,INR,3.0,9,3.252,India,New Delhi,0,0
Prem Punjab,Shahdara,"North Indian, Chinese",1,300.0,INR,2.8,11,3.208,India,New Delhi,0,0
Priya Panchvati,Shahdara,"South Indian, Fast Food, Chinese",2,550.0,INR,2.9,10,3.231,India,New Delhi,0,0
Ram Singh Chaat Bhandaar,Shahdara,Street Food,1,100.0,INR,3.1,13,3.257,India,New Delhi,0,0
Ramchander Bhalushahi Wale,Shahdara,Mithai,1,150.0,INR,3.2,11,3.28,India,New Delhi,0,0
Shahi Food Corner,Shahdara,North Indian,1,150.0,INR,3.0,9,3.252,India,New Delhi,0,0
Titu Chaat Corner,Shahdara,"Street Food, Fast Food",1,200.0,INR,2.9,6,3.255,India,New Delhi,0,0
Vinayak Restaurant,Shahdara,"North Indian, Chinese",1,450.0,INR,2.7,24,3.104,India,New Delhi,0,0
Vrinda's Food,Shahdara,"North Indian, Chinese, South Indian, Bakery",2,600.0,INR,2.9,6,3.255,India,New Delhi,0,0
Walia's Dawat Mahal,Shahdara,"North Indian, Chinese",2,550.0,INR,3.1,22,3.237,India,New Delhi,0,0
Crazy Delights,Shahdara,Bakery,1,300.0,INR,3.5,14,3.342,India,New Delhi,0,0
Anandini - The Tea Room,Shahpur Jat,Tea,2,500.0,INR,3.4,18,3.325,India,New Delhi,0,0
Slice of Italy,Shahpur Jat,"Italian, Pizza, Bakery",2,700.0,INR,2.6,274,2.708,India,New Delhi,1,1
The Coffee Garage,Shahpur Jat,Cafe,2,800.0,INR,3.4,112,3.368,India,New Delhi,0,0
The Fashion Street Caf,Shahpur Jat,"Cafe, North Indian, Chinese, South Indian",2,650.0,INR,3.2,18,3.272,India,New Delhi,0,1
Urban Village,Shahpur Jat,North Indian,1,400.0,INR,3.4,13,3.319,India,New Delhi,0,0
Greenr Cafe,Shahpur Jat,Cafe,3,1100.0,INR,4.6,112,4.198,India,New Delhi,0,1
Boom Food,Shahpur Jat,"Asian, North Indian",3,1100.0,INR,3.8,56,3.563,India,New Delhi,0,1
Cafe Red,Shahpur Jat,Cafe,3,1100.0,INR,3.6,260,3.551,India,New Delhi,1,1
Hyderabad House,Shahpur Jat,"Hyderabadi, North Indian",2,700.0,INR,3.5,67,3.413,India,New Delhi,0,1
Le ROFL,Shahpur Jat,"Cafe, Continental, Chinese, Italian",3,1200.0,INR,3.8,177,3.689,India,New Delhi,1,1
Ma Cuisine,Shahpur Jat,"North Indian, Continental, Salad",1,400.0,INR,3.6,43,3.437,India,New Delhi,0,0
Mumbai Matinee,Shahpur Jat,"North Indian, Italian, Continental",3,1000.0,INR,3.5,84,3.424,India,New Delhi,1,1
Old Town Cafe,Shahpur Jat,Cafe,2,800.0,INR,3.6,119,3.51,India,New Delhi,0,1
Spanish Delights,Shahpur Jat,Ice Cream,1,200.0,INR,3.5,23,3.361,India,New Delhi,0,0
Sweet Nothings By Avanti Mathur,Shahpur Jat,"Desserts, Bakery",2,600.0,INR,3.7,40,3.476,India,New Delhi,0,0
Threads,Shahpur Jat,Cafe,2,700.0,INR,3.8,59,3.569,India,New Delhi,0,1
Bats On Delivery,Shahpur Jat,"North Indian, Fast Food",2,700.0,INR,2.3,82,2.678,India,New Delhi,0,1
Asia Central,Shahpur Jat,"Asian, Chinese, Thai, Vietnamese",3,1000.0,INR,4.2,264,4.056,India,New Delhi,0,1
Biryani By Kilo,Shahpur Jat,"Biryani, Mughlai",2,700.0,INR,4.0,24,3.525,India,New Delhi,0,1
Cafe 5H By The Kitchen Connect,Shahpur Jat,"Cafe, Continental, Italian",2,700.0,INR,4.0,88,3.745,India,New Delhi,0,1
Hearken Caf,Shahpur Jat,Cafe,2,900.0,INR,4.0,55,3.665,India,New Delhi,0,1
Puppychino,Shahpur Jat,"Cafe, Continental, Italian",3,1000.0,INR,4.4,165,4.144,India,New Delhi,0,1
Remember Me Caf,Shahpur Jat,"Cafe, Continental, Italian, Mexican",3,1000.0,INR,4.0,134,3.809,India,New Delhi,1,1
Sugarama Patisserie,Shahpur Jat,"Bakery, Desserts",2,500.0,INR,4.2,292,4.068,India,New Delhi,0,1
The Last Mughal (TLM),Shahpur Jat,"North Indian, Mughlai",2,750.0,INR,4.4,52,3.86,India,New Delhi,0,1
The Mad Teapot/The Wishing Chair,Shahpur Jat,"Cafe, Bakery, Italian",3,1000.0,INR,4.1,251,3.967,India,New Delhi,1,0
Fusion Dosa Cafe,Shakarpur,"South Indian, Fast Food",1,300.0,INR,3.3,13,3.298,India,New Delhi,0,0
Goyal Eating Point,Shakarpur,North Indian,1,200.0,INR,2.8,11,3.208,India,New Delhi,0,0
Haveliram,Shakarpur,North Indian,1,450.0,INR,2.9,6,3.255,India,New Delhi,0,0
Meet You There,Shakarpur,"Chinese, North Indian",2,500.0,INR,2.6,94,2.842,India,New Delhi,0,0
Shree Bhog Pure Veg Restaurant,Shakarpur,"North Indian, Chinese",1,200.0,INR,3.0,7,3.261,India,New Delhi,0,0
The Crust,Shakarpur,"Pizza, Fast Food",2,500.0,INR,3.1,16,3.25,India,New Delhi,0,0
Vijay Eating Point,Shakarpur,"North Indian, Chinese",1,450.0,INR,2.9,4,3.268,India,New Delhi,0,0
Aggarwal Restaurant,Shalimar Bagh,"South Indian, Chinese",1,350.0,INR,3.1,14,3.254,India,New Delhi,0,0
Ane China,Shalimar Bagh,"Chinese, Fast Food",1,400.0,INR,2.7,11,3.19,India,New Delhi,0,0
Arora's Veg. Corner,Shalimar Bagh,North Indian,1,300.0,INR,3.4,18,3.325,India,New Delhi,0,0
Ashu Thali Wala,Shalimar Bagh,North Indian,1,250.0,INR,3.0,11,3.244,India,New Delhi,0,0
Bangla Sweets & Pastry Shop,Shalimar Bagh,Mithai,1,100.0,INR,2.9,8,3.243,India,New Delhi,0,0
Baskin Robbins,Shalimar Bagh,Ice Cream,1,300.0,INR,3.4,21,3.328,India,New Delhi,0,0
Believe in Taste,Shalimar Bagh,"North Indian, Chinese, Fast Food",1,400.0,INR,3.0,7,3.261,India,New Delhi,0,0
Bharat Sweet House,Shalimar Bagh,Mithai,1,200.0,INR,3.2,8,3.284,India,New Delhi,0,0
Bikaner Kesarvala,Shalimar Bagh,"Mithai, Street Food",1,150.0,INR,3.2,24,3.266,India,New Delhi,0,0
Cafe Coffee Day,Shalimar Bagh,Cafe,1,450.0,INR,3.1,5,3.279,India,New Delhi,0,0
Chawla's Chic Inn,Shalimar Bagh,"North Indian, Chinese",2,700.0,INR,3.0,71,3.123,India,New Delhi,0,1
Chhappan Bhog,Shalimar Bagh,"Mithai, Street Food",1,200.0,INR,3.2,9,3.283,India,New Delhi,0,0
Chinese Hut Fast Food,Shalimar Bagh,Chinese,1,350.0,INR,3.0,13,3.236,India,New Delhi,0,0
Domino's Pizza,Shalimar Bagh,"Pizza, Fast Food",2,700.0,INR,3.0,28,3.191,India,New Delhi,0,0
Frontier,Shalimar Bagh,Bakery,1,200.0,INR,3.1,10,3.264,India,New Delhi,0,0
Giani,Shalimar Bagh,"Ice Cream, Desserts",1,400.0,INR,3.3,13,3.298,India,New Delhi,0,0
Hot Pot Snacks,Shalimar Bagh,Fast Food,1,200.0,INR,3.4,53,3.35,India,New Delhi,0,0
Keventers,Shalimar Bagh,Beverages,1,400.0,INR,3.1,4,3.283,India,New Delhi,0,0
Kishan Dhaba,Shalimar Bagh,North Indian,1,150.0,INR,3.0,4,3.275,India,New Delhi,0,0
Madras Dosa & Chinese,Shalimar Bagh,"South Indian, Chinese",2,500.0,INR,2.7,91,2.912,India,New Delhi,0,0
Mehfil Tawa Tandoor,Shalimar Bagh,North Indian,1,350.0,INR,3.1,9,3.267,India,New Delhi,0,0
Mitthu Tikki Wala,Shalimar Bagh,"North Indian, Street Food, Chinese",1,300.0,INR,3.2,21,3.269,India,New Delhi,0,0
Mitthu Tikki Wala,Shalimar Bagh,"Fast Food, North Indian",1,300.0,INR,3.4,46,3.347,India,New Delhi,0,0
Pandit Ji Ka Dhaba,Shalimar Bagh,North Indian,1,150.0,INR,2.9,6,3.255,India,New Delhi,0,0
Punjabi Angeethi,Shalimar Bagh,"North Indian, South Indian, Chinese",2,600.0,INR,3.2,28,3.262,India,New Delhi,0,1
Ram Chinese Food,Shalimar Bagh,"Chinese, Fast Food",1,400.0,INR,3.1,23,3.235,India,New Delhi,0,0
Sardar Ji Punjabi Jayeka,Shalimar Bagh,"North Indian, Mughlai",1,250.0,INR,2.9,4,3.268,India,New Delhi,0,0
SFC,Shalimar Bagh,Fast Food,1,250.0,INR,2.8,11,3.208,India,New Delhi,0,0
SGF - Spice Grill Flame,Shalimar Bagh,"North Indian, Chinese",2,500.0,INR,3.1,4,3.283,India,New Delhi,0,0
Shalimar Vyanjan,Shalimar Bagh,"North Indian, Chinese",1,400.0,INR,3.0,9,3.252,India,New Delhi,0,0
Shri Rudram,Shalimar Bagh,"North Indian, Chinese",2,500.0,INR,3.1,5,3.279,India,New Delhi,0,0
Smile Bakers,Shalimar Bagh,"Bakery, Desserts, Chinese, Fast Food",1,200.0,INR,3.1,12,3.259,India,New Delhi,0,0
Spice Sea,Shalimar Bagh,"North Indian, Chinese",2,600.0,INR,3.3,13,3.298,India,New Delhi,0,0
Street 5,Shalimar Bagh,Chinese,1,350.0,INR,2.8,10,3.214,India,New Delhi,0,0
Subs n Shakes,Shalimar Bagh,"Fast Food, Beverages",1,400.0,INR,3.1,4,3.283,India,New Delhi,0,0
Subway,Shalimar Bagh,"American, Fast Food, Salad, Healthy Food",2,500.0,INR,2.6,46,2.963,India,New Delhi,0,1
Twenty Four Seven,Shalimar Bagh,"Fast Food, North Indian",1,300.0,INR,3.3,21,3.298,India,New Delhi,0,0
Wah G Wah,Shalimar Bagh,"North Indian, Chinese",1,450.0,INR,2.6,7,3.212,India,New Delhi,0,1
Aman-Deep Pure Veg,Shalimar Bagh,"North Indian, Chinese",1,400.0,INR,3.5,79,3.421,India,New Delhi,0,0
Kwality Pastry Parlour,Shalimar Bagh,"Bakery, Desserts",1,200.0,INR,3.5,51,3.4,India,New Delhi,0,0
McDonald's,Shalimar Bagh,"Fast Food, Burger",2,500.0,INR,3.5,39,3.386,India,New Delhi,0,1
Nagpal's,Shalimar Bagh,"Street Food, North Indian",1,200.0,INR,3.5,31,3.375,India,New Delhi,0,1
Peshawari's Deluxe,Shalimar Bagh,"North Indian, Mughlai",2,600.0,INR,3.7,195,3.618,India,New Delhi,0,1
Slic Chic,Shalimar Bagh,"Chinese, Fast Food",1,450.0,INR,3.8,178,3.69,India,New Delhi,0,0
Standard Ice Cream,Shalimar Bagh,"Desserts, Ice Cream",1,100.0,INR,3.5,31,3.375,India,New Delhi,0,0
Ever Bake,Shalimar Bagh,"Bakery, Chinese, Fast Food",1,350.0,INR,4.0,371,3.917,India,New Delhi,0,1
Grappa - Shangri-La's - Eros Hotel,"Shangri La's - Eros hotel, Janpath","Pizza, Salad, Finger Food",4,3500.0,INR,3.4,27,3.333,India,New Delhi,1,0
Shang Palace - Shangri-La's Eros Hotel,"Shangri La's - Eros hotel, Janpath",Chinese,4,5000.0,INR,3.7,65,3.525,India,New Delhi,1,0
Sorrento - Shangri-La's - Eros Hotel,"Shangri La's - Eros hotel, Janpath","Seafood, Italian",4,5000.0,INR,3.9,66,3.64,India,New Delhi,1,0
Mister Chai - Shangri-La's - Eros Hotel,"Shangri La's - Eros hotel, Janpath","Tea, Cafe",4,2000.0,INR,4.1,68,3.76,India,New Delhi,1,0
Tamra - Shangri-La's - Eros Hotel,"Shangri La's - Eros hotel, Janpath","North Indian, Continental, European, Chinese, Thai",4,3800.0,INR,4.3,400,4.189,India,New Delhi,1,0
Cafe Coffee Day,Shanti Niketan Marg,Cafe,1,450.0,INR,3.4,29,3.335,India,New Delhi,0,0
Domino's Pizza,Shanti Niketan Marg,"Pizza, Fast Food",2,700.0,INR,2.8,85,2.984,India,New Delhi,0,0
Shivas Cafe,Sheikh Sarai,Cafe,1,350.0,INR,3.1,14,3.254,India,New Delhi,0,0
Dakshin - Sheraton New Delhi Hotel,"Sheraton New Delhi Hotel, Saket",South Indian,4,4000.0,INR,4.0,315,3.904,India,New Delhi,1,0
Delhi Pavilion - Sheraton New Delhi Hotel,"Sheraton New Delhi Hotel, Saket","North Indian, Continental, Asian",4,3000.0,INR,4.0,160,3.833,India,New Delhi,1,0
Pan Asian - Sheraton New Delhi Hotel,"Sheraton New Delhi Hotel, Saket","Chinese, Thai, Japanese",4,3000.0,INR,4.2,327,4.08,India,New Delhi,1,0
Domino's Pizza,South Extension 1,"Pizza, Fast Food",2,700.0,INR,2.5,58,2.869,India,New Delhi,0,0
Kitchen of Awadh,South Extension 1,North Indian,2,800.0,INR,3.4,64,3.355,India,New Delhi,0,0
McDonald's,South Extension 1,"Fast Food, Burger",2,500.0,INR,3.3,73,3.299,India,New Delhi,0,0
ODT,South Extension 1,"Continental, North Indian, Italian",2,800.0,INR,3.3,12,3.298,India,New Delhi,1,0
Rainbows,South Extension 1,"Bakery, Fast Food",2,500.0,INR,2.6,24,3.071,India,New Delhi,0,1
Subway,South Extension 1,"American, Fast Food, Salad, Healthy Food",2,500.0,INR,3.4,167,3.376,India,New Delhi,0,1
Bombay Bhelpuri,South Extension 1,"Street Food, Beverages",1,150.0,INR,3.9,357,3.826,India,New Delhi,0,0
The Owl's Kitchen,South Extension 1,"North Indian, Italian, Fast Food",2,900.0,INR,3.5,174,3.455,India,New Delhi,0,1
Dare To Deliver,South Extension 1,"Chinese, Fast Food, North Indian",2,600.0,INR,2.3,59,2.758,India,New Delhi,0,0
Aggarwal Sweet and Restaurant,South Extension 2,"North Indian, Mithai",1,400.0,INR,2.9,18,3.192,India,New Delhi,0,0
Burger Lust,South Extension 2,Fast Food,1,100.0,INR,2.9,13,3.215,India,New Delhi,0,1
Cafe Coffee Day,South Extension 2,Cafe,1,450.0,INR,3.4,31,3.337,India,New Delhi,0,0
Cakes & Bakes,South Extension 2,"Bakery, Fast Food",1,250.0,INR,3.2,11,3.28,India,New Delhi,0,0
Chic Fillet,South Extension 2,Fast Food,1,300.0,INR,2.9,4,3.268,India,New Delhi,0,0
Chinese Express,South Extension 2,Chinese,2,500.0,INR,3.1,11,3.262,India,New Delhi,0,0
Costa Coffee,South Extension 2,Cafe,2,600.0,INR,3.1,6,3.276,India,New Delhi,0,0
Domino's Pizza,South Extension 2,"Pizza, Fast Food",2,700.0,INR,2.9,63,3.076,India,New Delhi,0,0
Gupta Fast Food,South Extension 2,"North Indian, Chinese",2,600.0,INR,3.4,29,3.335,India,New Delhi,0,0
Hangchuaa's Chinese Food Corner,South Extension 2,Chinese,2,600.0,INR,3.1,20,3.241,India,New Delhi,0,0
Kathi's,South Extension 2,Fast Food,1,400.0,INR,3.0,7,3.261,India,New Delhi,0,0
Kitchen & Chicken,South Extension 2,Chinese,2,600.0,INR,3.2,50,3.249,India,New Delhi,0,1
Meal A Deal,South Extension 2,"North Indian, Chinese",1,400.0,INR,2.8,13,3.195,India,New Delhi,0,0
Mohit Restaurant,South Extension 2,"North Indian, Chinese",2,600.0,INR,2.8,17,3.171,India,New Delhi,0,0
Princess Garden,South Extension 2,"Chinese, North Indian",3,1200.0,INR,2.7,31,3.069,India,New Delhi,1,0
Republic of Chicken,South Extension 2,"Raw Meats, Fast Food",1,400.0,INR,2.8,13,3.195,India,New Delhi,0,0
Sai Juice Point,South Extension 2,Beverages,1,150.0,INR,3.1,6,3.276,India,New Delhi,0,0
The Pirates Of China Town,South Extension 2,Chinese,1,350.0,INR,3.2,14,3.276,India,New Delhi,0,0
Voda Bar,South Extension 2,"Chinese, North Indian",4,2200.0,INR,3.2,28,3.262,India,New Delhi,1,0
All Things Yummy,South Extension 2,"Bakery, Desserts",1,350.0,INR,3.8,68,3.587,India,New Delhi,0,1
Cake Palace,South Extension 2,"Bakery, Fast Food",1,250.0,INR,3.8,160,3.68,India,New Delhi,0,0
Charan Singh Kulfi & Kala Khatta,South Extension 2,Ice Cream,1,100.0,INR,3.6,29,3.408,India,New Delhi,0,0
Chinese Hut,South Extension 2,Chinese,2,500.0,INR,3.6,87,3.49,India,New Delhi,0,0
Costa Coffee,South Extension 2,Cafe,2,600.0,INR,3.8,68,3.587,India,New Delhi,0,0
Daitchi,South Extension 2,"Chinese, Japanese",3,1100.0,INR,3.5,273,3.469,India,New Delhi,0,0
DomDom Biryani,South Extension 2,"Biryani, Mughlai, Bengali, North Indian",2,800.0,INR,3.7,89,3.555,India,New Delhi,0,1
Gupta's Restaurant,South Extension 2,North Indian,1,450.0,INR,3.5,104,3.434,India,New Delhi,0,1
Mama's,South Extension 2,"North Indian, Chinese, Mughlai",2,900.0,INR,3.5,40,3.387,India,New Delhi,0,0
McDonald's,South Extension 2,"Fast Food, Burger",2,500.0,INR,3.6,167,3.53,India,New Delhi,0,1
Moti Mahal Delux- Legendary Culinary,South Extension 2,"North Indian, Mughlai, Chinese",3,1500.0,INR,3.6,177,3.533,India,New Delhi,1,1
Qureshi's Kabab Corner,South Extension 2,"North Indian, Mughlai",2,650.0,INR,3.6,215,3.543,India,New Delhi,0,0
TukTuk,South Extension 2,"Asian, Chinese, Thai, Malaysian, Indonesian, Burmese",3,1000.0,INR,3.8,24,3.46,India,New Delhi,0,1
Circus,South Extension 2,"North Indian, Chinese, Italian",3,1300.0,INR,4.0,489,3.935,India,New Delhi,1,1
The Society Cafe,South Extension 2,"Cafe, Italian",2,800.0,INR,4.1,149,3.898,India,New Delhi,0,1
Club London,"Southern Park Mall, Saket","North Indian, Chinese, Finger Food",4,2500.0,INR,3.3,179,3.299,India,New Delhi,1,0
3 Pegs Down,"Southern Park Mall, Saket","Continental, Italian, North Indian",3,1200.0,INR,3.6,217,3.543,India,New Delhi,1,0
Chicago Pizza,"Spark Mall, Kamla Nagar",Pizza,2,600.0,INR,2.6,27,3.053,India,New Delhi,0,0
Maakhansingh,"Spark Mall, Kamla Nagar",North Indian,1,400.0,INR,2.9,18,3.192,India,New Delhi,0,1
Mad Over Donuts,"Spark Mall, Kamla Nagar",Desserts,1,450.0,INR,3.8,72,3.594,India,New Delhi,0,1
Starbucks,"Spark Mall, Kamla Nagar",Cafe,2,700.0,INR,3.7,147,3.598,India,New Delhi,0,0
World of Wok,"Spark Mall, Kamla Nagar",Chinese,2,500.0,INR,3.6,22,3.39,India,New Delhi,0,1
Alvi's Food Spot,"Star City Mall, Mayur Vihar Phase 1","North Indian, Mughlai",1,350.0,INR,3.2,17,3.273,India,New Delhi,0,0
Cafe Coffee Day,"Star City Mall, Mayur Vihar Phase 1",Cafe,1,450.0,INR,2.7,29,3.078,India,New Delhi,0,0
Code,"Star City Mall, Mayur Vihar Phase 1","North Indian, Mughlai, Chinese",2,850.0,INR,2.5,117,2.739,India,New Delhi,1,1
Haowin,"Star City Mall, Mayur Vihar Phase 1","Chinese, Continental, Thai",3,1100.0,INR,3.2,88,3.235,India,New Delhi,1,0
Mirror,"Star City Mall, Mayur Vihar Phase 1","North Indian, Chinese, Continental",3,1250.0,INR,3.3,131,3.299,India,New Delhi,1,0
Pizza Hut Delivery,"Star City Mall, Mayur Vihar Phase 1","Italian, Pizza, Fast Food",2,800.0,INR,2.7,87,2.918,India,New Delhi,0,1
Platinum Lounge,"Star City Mall, Mayur Vihar Phase 1","North Indian, Chinese, Continental",3,1400.0,INR,3.3,91,3.299,India,New Delhi,1,0
Aap Ki Rasoi Ghar,Subhash Nagar,"North Indian, Fast Food",1,250.0,INR,3.0,6,3.266,India,New Delhi,0,0
Aggarwal Sweet & Pastry,Subhash Nagar,"Mithai, Chinese",1,100.0,INR,2.8,5,3.252,India,New Delhi,0,0
Craving,Subhash Nagar,"Chinese, Fast Food",2,600.0,INR,3.1,10,3.264,India,New Delhi,0,0
Dakshin South Indian Hut,Subhash Nagar,South Indian,1,200.0,INR,3.0,4,3.275,India,New Delhi,0,0
Food & Travel Cafe,Subhash Nagar,"Fast Food, Italian",1,400.0,INR,3.2,10,3.281,India,New Delhi,0,0
Jolly Tandoori Zaika,Subhash Nagar,"North Indian, Chinese",1,400.0,INR,3.2,11,3.28,India,New Delhi,0,0
Lababdar Rasoi,Subhash Nagar,North Indian,1,200.0,INR,3.3,16,3.298,India,New Delhi,0,0
Madan Da Dhaba,Subhash Nagar,North Indian,1,150.0,INR,3.0,5,3.27,India,New Delhi,0,0
Nishtha,Subhash Nagar,"Street Food, Chinese",1,250.0,INR,3.3,21,3.298,India,New Delhi,0,0
P2 Tandoori Momos Station,Subhash Nagar,"Chinese, North Indian",1,200.0,INR,3.1,10,3.264,India,New Delhi,0,0
Punjabi's Veg Grill,Subhash Nagar,North Indian,1,350.0,INR,2.9,7,3.249,India,New Delhi,0,0
Sethi's The Cake Shop,Subhash Nagar,"Bakery, Fast Food",1,150.0,INR,2.8,16,3.177,India,New Delhi,0,0
Soya Grill,Subhash Nagar,"North Indian, Chinese",1,300.0,INR,3.0,4,3.275,India,New Delhi,0,0
Sunny Kebab Wala,Subhash Nagar,"North Indian, Fast Food",1,300.0,INR,3.3,15,3.298,India,New Delhi,0,0
Vaishno Bhojnalaya,Subhash Nagar,North Indian,1,150.0,INR,3.1,10,3.264,India,New Delhi,0,0
Valentine Coffee Bar,Subhash Nagar,"Beverages, Fast Food",1,400.0,INR,2.9,8,3.243,India,New Delhi,0,0
Zayka Delhi-6,Subhash Nagar,"North Indian, Mughlai",2,600.0,INR,3.1,11,3.262,India,New Delhi,0,0
Flirty Momo's,Subhash Nagar,Chinese,1,350.0,INR,2.4,26,2.99,India,New Delhi,0,0
Nathu's Sweets,Sunder Nagar,"North Indian, South Indian, Chinese, Street Food, Fast Food, Mithai, Desserts",2,600.0,INR,3.3,173,3.299,India,New Delhi,0,1
Basil & Thyme,Sunder Nagar,"Continental, European",4,2200.0,INR,3.6,127,3.515,India,New Delhi,1,0
Kamal's,Sunder Nagar,North Indian,2,550.0,INR,3.7,286,3.64,India,New Delhi,0,0
Orange Peel by Rasleen Kochhar,Sunder Nagar,"Bakery, Fast Food",2,700.0,INR,3.6,44,3.439,India,New Delhi,0,0
Masala House,Sunder Nagar,North Indian,3,1800.0,INR,4.0,169,3.84,India,New Delhi,1,1
Number 8,Sunder Nagar,"Continental, North Indian, European, Asian",4,2200.0,INR,4.0,165,3.837,India,New Delhi,0,0
Keventers,"T3 Domestic Arrival, Aerocity",Beverages,1,400.0,INR,3.2,6,3.287,India,New Delhi,0,0
4700BC Popcorn,Tagore Garden,Fast Food,1,400.0,INR,3.2,24,3.266,India,New Delhi,0,1
Chennai X-Press,Tagore Garden,Fast Food,1,200.0,INR,2.9,6,3.255,India,New Delhi,0,0
Chinese Sigdi,Tagore Garden,Chinese,1,250.0,INR,3.0,5,3.27,India,New Delhi,0,0
Da Pizza Pind,Tagore Garden,"Pizza, Italian",1,250.0,INR,3.2,36,3.257,India,New Delhi,0,0
Faasos,Tagore Garden,"North Indian, Fast Food",2,600.0,INR,3.0,4,3.275,India,New Delhi,0,1
Frontier,Tagore Garden,Bakery,1,200.0,INR,2.9,5,3.261,India,New Delhi,0,0
Gyan Di Hatti,Tagore Garden,North Indian,1,200.0,INR,2.9,5,3.261,India,New Delhi,0,0
Hot Stuff,Tagore Garden,"Chinese, Fast Food",1,450.0,INR,3.3,14,3.298,India,New Delhi,0,0
KK Da Dhaba,Tagore Garden,North Indian,1,400.0,INR,3.4,55,3.351,India,New Delhi,0,1
Last Bencher's,Tagore Garden,Chinese,1,300.0,INR,3.0,6,3.266,India,New Delhi,0,0
Raj Bakers And Confectioners,Tagore Garden,"Fast Food, Bakery",1,100.0,INR,3.0,6,3.266,India,New Delhi,0,0
Taste Drive,Tagore Garden,Fast Food,1,250.0,INR,3.4,21,3.328,India,New Delhi,0,0
The Kafilla,Tagore Garden,North Indian,2,600.0,INR,3.0,5,3.27,India,New Delhi,0,0
Tibb's Frankie,Tagore Garden,Fast Food,1,250.0,INR,3.1,8,3.27,India,New Delhi,0,0
4 Barrels Caf & Lounge,Tagore Garden,"North Indian, Continental, Lebanese",3,1200.0,INR,3.5,24,3.363,India,New Delhi,1,1
Baadshah,Tagore Garden,"North Indian, Chinese",3,1000.0,INR,3.5,26,3.367,India,New Delhi,1,0
Behrouz Biryani,Tagore Garden,Biryani,2,600.0,INR,3.5,54,3.403,India,New Delhi,0,1
Galina Restaurant,Tagore Garden,North Indian,2,700.0,INR,3.5,38,3.385,India,New Delhi,0,0
Masala Factory,Tagore Garden,"North Indian, Chinese",2,500.0,INR,3.8,18,3.43,India,New Delhi,0,0
Ovenstory Pizza,Tagore Garden,"Pizza, Fast Food",2,500.0,INR,3.5,12,3.337,India,New Delhi,0,1
Punjab Grill,Tagore Garden,North Indian,3,1600.0,INR,4.3,1252,4.261,India,New Delhi,1,1
Insomnia - Taj Vivanta,"Taj Vivanta, Khan Market","Italian, Continental, Finger Food",4,3000.0,INR,3.3,50,3.299,India,New Delhi,1,0
Larry's China - Taj Vivanta,"Taj Vivanta, Khan Market",Chinese,4,3200.0,INR,3.7,147,3.598,India,New Delhi,1,0
Yellow Brick Road - Taj Vivanta,"Taj Vivanta, Khan Market","Continental, North Indian, South Indian, Italian",4,2500.0,INR,3.9,821,3.865,India,New Delhi,0,0
English Tadka,"TDI Mall, Rajouri Garden","North Indian, European",2,800.0,INR,3.3,152,3.299,India,New Delhi,1,0
Burger King,"TDI Mall, Rajouri Garden","Burger, Fast Food",2,500.0,INR,3.6,186,3.536,India,New Delhi,0,1
Pizza Hut,"TDI Mall, Rajouri Garden","Italian, Pizza, Fast Food",3,1000.0,INR,3.6,141,3.521,India,New Delhi,0,1
Cake Shop - The Ashok,"The Ashok, Chanakyapuri","Bakery, Desserts",2,500.0,INR,3.1,26,3.23,India,New Delhi,0,0
Samavar - The Ashok,"The Ashok, Chanakyapuri","Continental, North Indian, Chinese",4,2200.0,INR,3.2,48,3.25,India,New Delhi,1,0
Tea Lounge - The Ashok,"The Ashok, Chanakyapuri",Cafe,3,1600.0,INR,3.2,18,3.272,India,New Delhi,0,0
Frontier - The Ashok,"The Ashok, Chanakyapuri","North Indian, Mughlai",4,3600.0,INR,3.7,101,3.567,India,New Delhi,1,0
The Oudh - The Ashok,"The Ashok, Chanakyapuri",North Indian,4,3700.0,INR,3.6,100,3.499,India,New Delhi,1,0
Zerruco - The Ashok,"The Ashok, Chanakyapuri","Mediterranean, Italian",4,2500.0,INR,4.4,609,4.316,India,New Delhi,1,0
The Claridges Garden -The Claridges,"The Claridges, Aurangzeb Road","Cafe, American, Tea",4,2000.0,INR,3.1,5,3.279,India,New Delhi,0,0
Aura - The Claridges,"The Claridges, Aurangzeb Road",Continental,4,4100.0,INR,3.5,42,3.39,India,New Delhi,0,0
Dhaba - The Claridges,"The Claridges, Aurangzeb Road",North Indian,4,4300.0,INR,3.9,548,3.85,India,New Delhi,1,0
Jade - The Claridges,"The Claridges, Aurangzeb Road",Chinese,4,5000.0,INR,3.8,134,3.663,India,New Delhi,1,0
Pickwicks - The Claridges,"The Claridges, Aurangzeb Road","European, Continental",4,3600.0,INR,3.7,139,3.593,India,New Delhi,1,0
Ye Old Bakery - The Claridges,"The Claridges, Aurangzeb Road","Bakery, Desserts",3,1000.0,INR,3.7,65,3.525,India,New Delhi,0,0
Sevilla - The Claridges,"The Claridges, Aurangzeb Road","Spanish, Italian",4,4500.0,INR,4.3,800,4.241,India,New Delhi,1,0
GBar - The Grand New Delhi,"The Grand New Delhi, Vasant Kunj","American, Finger Food",4,2650.0,INR,3.3,145,3.299,India,New Delhi,1,0
Cascades - The Grand New Delhi,"The Grand New Delhi, Vasant Kunj","North Indian, Continental, Asian",4,3200.0,INR,3.6,97,3.497,India,New Delhi,1,0
1911 Bar - The Imperial,"The Imperial, Janpath","Finger Food, European",4,2000.0,INR,3.2,10,3.281,India,New Delhi,1,0
Nostalgia at 1911 Brasserie - The Imperial,"The Imperial, Janpath","European, Continental",4,6000.0,INR,3.2,12,3.279,India,New Delhi,1,0
Patiala Peg - The Imperial,"The Imperial, Janpath",Finger Food,4,3000.0,INR,3.3,25,3.298,India,New Delhi,1,0
1911 - The Imperial,"The Imperial, Janpath","North Indian, Chinese, South Indian, Italian",4,6000.0,INR,3.9,272,3.806,India,New Delhi,1,0
Daniell's Tavern - The Imperial,"The Imperial, Janpath",North Indian,4,4000.0,INR,3.7,59,3.515,India,New Delhi,1,0
La Baguette - The Imperial,"The Imperial, Janpath","Desserts, Bakery",2,900.0,INR,3.8,45,3.535,India,New Delhi,0,0
San Gimignano - The Imperial,"The Imperial, Janpath",Italian,4,5000.0,INR,3.7,104,3.569,India,New Delhi,1,0
The Atrium - The Imperial,"The Imperial, Janpath","European, Desserts",4,2500.0,INR,3.6,57,3.459,India,New Delhi,1,0
The Spice Route - The Imperial,"The Imperial, Janpath","Malaysian, Thai, Kerala, Vietnamese, Sri Lankan",4,6000.0,INR,4.0,259,3.886,India,New Delhi,1,0
Bao Cha,"The India Mall, New Friends Colony","Chinese, Thai, Asian",3,1000.0,INR,3.0,90,3.106,India,New Delhi,1,1
Nazeer Delicacies,"The India Mall, New Friends Colony","North Indian, Mughlai",2,900.0,INR,3.3,21,3.298,India,New Delhi,1,0
Open Oven,"The India Mall, New Friends Colony","Bakery, Desserts, Fast Food",1,250.0,INR,3.4,109,3.368,India,New Delhi,0,0
Slurp Pasta Express,"The India Mall, New Friends Colony","Cafe, Fast Food",1,300.0,INR,2.9,5,3.261,India,New Delhi,0,0
Urban Gala,"The India Mall, New Friends Colony","Chinese, Cafe",2,700.0,INR,2.8,19,3.16,India,New Delhi,0,0
Shree Rathnam,"The India Mall, New Friends Colony","South Indian, North Indian, Chinese",2,800.0,INR,3.5,96,3.431,India,New Delhi,1,1
Subway,"The India Mall, New Friends Colony","American, Fast Food, Salad, Healthy Food",2,500.0,INR,1.9,146,2.256,India,New Delhi,0,1
24/7 Pastry Shop - The Lalit New Delhi,"The Lalit New Delhi, Barakhamba Road","Bakery, Desserts",2,900.0,INR,3.3,46,3.299,India,New Delhi,0,0
Le Petit Cafe - The Lalit New Delhi,"The Lalit New Delhi, Barakhamba Road",Cafe,3,1600.0,INR,3.2,31,3.26,India,New Delhi,1,0
The Grill Room - The Lalit New Delhi,"The Lalit New Delhi, Barakhamba Road",Continental,4,4500.0,INR,3.4,51,3.349,India,New Delhi,1,0
24/7 Bar- The Lalit New Delhi,"The Lalit New Delhi, Barakhamba Road",Finger Food,4,3000.0,INR,3.5,45,3.393,India,New Delhi,0,0
24/7 Restaurant - The Lalit New Delhi,"The Lalit New Delhi, Barakhamba Road","Continental, North Indian, Italian, Asian",4,5100.0,INR,3.7,419,3.657,India,New Delhi,1,0
Baluchi - The Lalit New Delhi,"The Lalit New Delhi, Barakhamba Road","Mughlai, North Indian, South Indian",4,4500.0,INR,3.9,265,3.804,India,New Delhi,1,0
Kitty Su - The Lalit New Delhi,"The Lalit New Delhi, Barakhamba Road",Finger Food,4,5000.0,INR,3.7,747,3.675,India,New Delhi,0,0
Woks - The Lalit New Delhi,"The Lalit New Delhi, Barakhamba Road","Chinese, Seafood",4,4500.0,INR,3.6,62,3.465,India,New Delhi,1,0
Caf Knosh - The Leela Ambience Convention Hotel,The Leela Ambience Convention Hotel,"North Indian, Italian",4,2700.0,INR,3.9,186,3.772,India,New Delhi,1,0
Cherry Bar - The Leela Ambience Convention Hotel,The Leela Ambience Convention Hotel,Finger Food,4,2650.0,INR,3.6,48,3.446,India,New Delhi,1,0
Mei Kun - The Leela Ambience Convention Hotel,The Leela Ambience Convention Hotel,Thai,4,3500.0,INR,3.6,42,3.436,India,New Delhi,1,0
Dilli 32 - The Leela Ambience Convention Hotel,The Leela Ambience Convention Hotel,North Indian,4,3500.0,INR,4.0,184,3.85,India,New Delhi,1,0
Jamavar - The Leela Palace,"The Leela Palace, Chanakyapuri","North Indian, Mughlai",4,4000.0,INR,3.9,241,3.796,India,New Delhi,1,0
Le Cirque - The Leela Palace,"The Leela Palace, Chanakyapuri","French, Italian",4,5000.0,INR,3.8,199,3.699,India,New Delhi,1,0
MEGU - The Leela Palace,"The Leela Palace, Chanakyapuri","Japanese, Sushi",4,5500.0,INR,3.9,178,3.768,India,New Delhi,1,0
The Library - The Leela Palace,"The Leela Palace, Chanakyapuri","Italian, Continental",4,3500.0,INR,3.7,59,3.515,India,New Delhi,0,0
The Lobby Lounge - The Leela Palace,"The Leela Palace, Chanakyapuri","Cafe, Continental",4,2000.0,INR,3.6,32,3.415,India,New Delhi,0,0
The Lodhi Bakery - The Lodhi,"The Lodhi, Lodhi Road","Bakery, Desserts",1,400.0,INR,2.9,4,3.268,India,New Delhi,0,0
Elan - The Lodhi,"The Lodhi, Lodhi Road","North Indian, Continental, Italian",4,3000.0,INR,3.8,185,3.693,India,New Delhi,1,0
Agni - The Park,"The Park, Connaught Place","Mughlai, Italian, Finger Food, Middle Eastern",4,3000.0,INR,3.3,199,3.299,India,New Delhi,1,0
Mist - The Park,"The Park, Connaught Place","Continental, Italian, American, North Indian",4,3500.0,INR,3.3,169,3.299,India,New Delhi,1,0
Aqua - The Park,"The Park, Connaught Place","Continental, Italian, Mediterranean",4,4500.0,INR,3.8,773,3.769,India,New Delhi,1,0
Atrium Bar  & Lounge - The Suryaa New Delhi,"The Suryaa New Delhi, New Friends Colony",Finger Food,4,3000.0,INR,3.1,26,3.23,India,New Delhi,1,0
French Crust - The Suryaa New Delhi,"The Suryaa New Delhi, New Friends Colony","Cafe, Bakery",2,900.0,INR,3.3,19,3.298,India,New Delhi,0,0
Club BW - The Suryaa New Delhi,"The Suryaa New Delhi, New Friends Colony","Finger Food, Continental, Italian, Chinese",4,4400.0,INR,3.6,90,3.492,India,New Delhi,0,0
Sampan - The Suryaa New Delhi,"The Suryaa New Delhi, New Friends Colony","Thai, Chinese, Japanese",4,2500.0,INR,3.7,111,3.575,India,New Delhi,1,0
The Grill Room - The Taj Mahal Hotel,"The Taj Mahal Hotel, Mansingh Road","Mediterranean, European",4,5000.0,INR,3.1,15,3.252,India,New Delhi,0,0
Emperor's Lounge - The Taj Mahal Hotel,"The Taj Mahal Hotel, Mansingh Road",Cafe,4,2500.0,INR,3.8,79,3.605,India,New Delhi,0,0
Machan - The Taj Mahal Hotel,"The Taj Mahal Hotel, Mansingh Road","North Indian, European, Continental",4,5000.0,INR,3.9,696,3.86,India,New Delhi,0,0
Ricks Bar - The Taj Mahal Hotel,"The Taj Mahal Hotel, Mansingh Road","Malaysian, Thai",4,4200.0,INR,3.6,64,3.467,India,New Delhi,1,0
Wasabi by Morimoto - The Taj Mahal Hotel,"The Taj Mahal Hotel, Mansingh Road","Japanese, Sushi",4,6000.0,INR,3.9,183,3.771,India,New Delhi,1,0
House of Ming - The Taj Mahal Hotel,"The Taj Mahal Hotel, Mansingh Road",Chinese,4,5500.0,INR,4.0,398,3.922,India,New Delhi,1,0
Varq - The Taj Mahal Hotel,"The Taj Mahal Hotel, Mansingh Road","Seafood, North Indian",4,4500.0,INR,4.2,541,4.124,India,New Delhi,1,0
Capital Kitchen - Taj Palace Hotel,"The Taj Palace Hotel, Chanakyapuri","North Indian, European, Asian",4,2000.0,INR,3.7,42,3.481,India,New Delhi,1,0
Spicy Duck - Taj Palace Hotel,"The Taj Palace Hotel, Chanakyapuri",Asian,4,4000.0,INR,3.5,24,3.363,India,New Delhi,1,0
Orient Express - Taj Palace Hotel,"The Taj Palace Hotel, Chanakyapuri",European,4,8000.0,INR,4.0,145,3.82,India,New Delhi,1,0
The Tea Lounge - Taj Palace Hotel,"The Taj Palace Hotel, Chanakyapuri",Cafe,3,1500.0,INR,4.0,76,3.721,India,New Delhi,0,0
Bonitos - The Uppal,"The Uppal, Aerocity","Continental, Thai, Chinese, North Indian",4,3000.0,INR,3.2,28,3.262,India,New Delhi,1,0
Bonitos Blu - The Uppal,"The Uppal, Aerocity","North Indian, Asian, Continental",4,2500.0,INR,3.0,5,3.27,India,New Delhi,1,0
The Gourmet Shop - The Uppal,"The Uppal, Aerocity",Bakery,2,500.0,INR,3.0,4,3.275,India,New Delhi,0,0
Chopsticks,"The Village Restaurant Complex, Khel Gaon Marg","Chinese, Thai",3,1700.0,INR,3.6,350,3.562,India,New Delhi,1,1
TabulaBeach Cafe,"The Village Restaurant Complex, Khel Gaon Marg","European, American",3,1600.0,INR,3.8,637,3.763,India,New Delhi,1,0
Arriba - Mexican Grill & Tequileria,"The Village Restaurant Complex, Khel Gaon Marg",Mexican,4,2500.0,INR,4.1,146,3.895,India,New Delhi,1,0
Aggarwal Sweet Center,Tilak Nagar,"Mithai, Street Food",1,100.0,INR,2.9,6,3.255,India,New Delhi,0,0
Aggarwal Sweets,Tilak Nagar,"Street Food, Desserts",1,250.0,INR,2.7,11,3.19,India,New Delhi,0,0
Alag Khana Khazana,Tilak Nagar,"North Indian, Mughlai",1,450.0,INR,2.9,5,3.261,India,New Delhi,0,0
Bhape Di Hatti,Tilak Nagar,North Indian,1,200.0,INR,3.1,7,3.273,India,New Delhi,0,0
Bhappe Di Hatti,Tilak Nagar,North Indian,1,150.0,INR,3.1,8,3.27,India,New Delhi,0,0
Bhatura King,Tilak Nagar,Street Food,1,150.0,INR,2.9,7,3.249,India,New Delhi,0,0
Bhukkadzz Point,Tilak Nagar,Fast Food,1,300.0,INR,3.0,7,3.261,India,New Delhi,0,1
Bimbos,Tilak Nagar,"Chinese, Fast Food",1,350.0,INR,3.1,16,3.25,India,New Delhi,0,0
Brothers' Bakery,Tilak Nagar,"Fast Food, Bakery",1,350.0,INR,2.9,21,3.18,India,New Delhi,0,0
Chaap Nation,Tilak Nagar,"North Indian, Fast Food, Afghani",1,300.0,INR,3.0,4,3.275,India,New Delhi,0,0
Dev Burger,Tilak Nagar,Fast Food,1,300.0,INR,2.9,5,3.261,India,New Delhi,0,0
Green Chick Chop,Tilak Nagar,"Raw Meats, North Indian, Fast Food",1,350.0,INR,3.0,6,3.266,India,New Delhi,0,0
Green Chick Chop,Tilak Nagar,"Raw Meats, North Indian, Fast Food",1,350.0,INR,3.2,16,3.274,India,New Delhi,0,0
Hum Sabki Rasoi,Tilak Nagar,North Indian,1,300.0,INR,3.3,26,3.298,India,New Delhi,0,0
Janki Vaishno Dhaba,Tilak Nagar,North Indian,1,150.0,INR,3.0,4,3.275,India,New Delhi,0,0
Manmohan Food Plaza,Tilak Nagar,Fast Food,1,350.0,INR,2.6,10,3.181,India,New Delhi,0,0
Mr.Hunger,Tilak Nagar,"Burger, Fast Food",2,500.0,INR,3.0,5,3.27,India,New Delhi,0,0
Neelma Punjabi Dhaba,Tilak Nagar,North Indian,1,250.0,INR,2.9,8,3.243,India,New Delhi,0,0
New Raj Kachori Bhandar,Tilak Nagar,Street Food,1,100.0,INR,3.4,18,3.325,India,New Delhi,0,0
Punjabi Ninja,Tilak Nagar,North Indian,2,550.0,INR,3.0,7,3.261,India,New Delhi,0,0
Radha Swami Cool Hut,Tilak Nagar,"Beverages, Ice Cream",1,200.0,INR,3.1,7,3.273,India,New Delhi,0,0
Sagar Choley Bhatoorey,Tilak Nagar,Street Food,1,150.0,INR,3.2,26,3.264,India,New Delhi,0,0
Sehyog Alpahar,Tilak Nagar,"South Indian, Chinese",1,150.0,INR,3.2,10,3.281,India,New Delhi,0,0
South Indian Hut,Tilak Nagar,"South Indian, Chinese",1,300.0,INR,2.9,5,3.261,India,New Delhi,0,0
Vijay Corner,Tilak Nagar,"North Indian, Mughlai",1,300.0,INR,3.0,7,3.261,India,New Delhi,0,0
Mithlesh Ande Wala,Tilak Nagar,Street Food,1,150.0,INR,3.5,17,3.349,India,New Delhi,0,0
Roti N Boti,Tilak Nagar,"North Indian, Fast Food, Mughlai",1,300.0,INR,3.5,21,3.357,India,New Delhi,0,1
Khana Khazana,Tughlakabad Institutional Area,"North Indian, Mughlai, Chinese, Bakery",2,800.0,INR,3.7,281,3.639,India,New Delhi,0,0
Ahad Sons Restaurant,Uday Park,Kashmiri,2,750.0,INR,3.4,104,3.367,India,New Delhi,0,0
Jughead's Fast Food Corner,Uday Park,"Chinese, Fast Food, North Indian",2,500.0,INR,3.6,438,3.569,India,New Delhi,0,1
The Coffee Bond,Uday Park,Cafe,2,700.0,INR,4.2,73,3.833,India,New Delhi,0,1
Wow! Momo,"Unity One Mall, Janakpuri","Tibetan, Chinese",1,350.0,INR,2.9,77,3.056,India,New Delhi,0,1
Domino's Pizza,"Unity One Mall, Janakpuri","Pizza, Fast Food",2,700.0,INR,3.6,24,3.396,India,New Delhi,0,0
Haldiram's,"Unity One Mall, Janakpuri","Mithai, North Indian, South Indian",2,500.0,INR,3.7,59,3.515,India,New Delhi,0,0
Keventers,"Unity One Mall, Janakpuri",Beverages,1,400.0,INR,3.8,37,3.511,India,New Delhi,0,0
Pat 'N' Harry,"Unity One Mall, Janakpuri",American,1,400.0,INR,2.3,42,2.842,India,New Delhi,0,1
"34, Chowringhee Lane",Uttam Nagar,Fast Food,1,200.0,INR,3.1,5,3.279,India,New Delhi,0,1
Aggarwal Sweets,Uttam Nagar,Mithai,1,100.0,INR,2.8,5,3.252,India,New Delhi,0,0
Amritsari Dhaba,Uttam Nagar,North Indian,1,250.0,INR,2.9,10,3.231,India,New Delhi,0,0
Apna Swad,Uttam Nagar,"North Indian, Chinese, Fast Food",2,500.0,INR,2.9,4,3.268,India,New Delhi,0,1
ATM Food Corner,Uttam Nagar,North Indian,1,200.0,INR,3.0,4,3.275,India,New Delhi,0,0
Burger House,Uttam Nagar,"Burger, Fast Food",1,200.0,INR,2.8,4,3.261,India,New Delhi,0,1
Cafe De Bienka,Uttam Nagar,"Fast Food, Chinese",1,350.0,INR,2.7,12,3.182,India,New Delhi,0,0
Chatkaara Point,Uttam Nagar,"Fast Food, Chinese",1,250.0,INR,2.9,7,3.249,India,New Delhi,0,0
Dharma Punjabi Dhaba,Uttam Nagar,North Indian,1,300.0,INR,2.7,5,3.243,India,New Delhi,0,1
Domino's Pizza,Uttam Nagar,"Pizza, Fast Food",2,700.0,INR,2.5,6,3.212,India,New Delhi,0,0
Flavourz Factoree,Uttam Nagar,"Fast Food, Chinese, Bakery",1,300.0,INR,3.1,14,3.254,India,New Delhi,0,0
Gabbar Chowmein,Uttam Nagar,Fast Food,1,100.0,INR,3.0,4,3.275,India,New Delhi,0,0
Gayatri's Break Point Restaurant,Uttam Nagar,"North Indian, South Indian, Chinese, Fast Food",1,300.0,INR,3.1,4,3.283,India,New Delhi,0,0
Grover Sweets & Bakers,Uttam Nagar,"Street Food, Chinese, Mithai",1,150.0,INR,3.3,12,3.298,India,New Delhi,0,0
Khalsa Veg Corner,Uttam Nagar,"North Indian, Fast Food",1,300.0,INR,3.1,10,3.264,India,New Delhi,0,0
Lajawab Chinese Food,Uttam Nagar,"Chinese, North Indian, Fast Food",1,300.0,INR,3.0,4,3.275,India,New Delhi,0,0
Lajwab Bakery,Uttam Nagar,Bakery,1,100.0,INR,3.1,7,3.273,India,New Delhi,0,0
Maharani Rasoi,Uttam Nagar,North Indian,1,150.0,INR,3.0,5,3.27,India,New Delhi,0,0
Natkhat Bakers,Uttam Nagar,"Bakery, Fast Food",1,300.0,INR,3.1,4,3.283,India,New Delhi,0,1
Pastry Palace,Uttam Nagar,"Bakery, Street Food",1,350.0,INR,3.2,11,3.28,India,New Delhi,0,1
Punjabi Tadka,Uttam Nagar,"North Indian, Chinese",2,500.0,INR,2.7,11,3.19,India,New Delhi,0,1
Radha Swami Vaishno Dhaba,Uttam Nagar,North Indian,1,200.0,INR,3.0,6,3.266,India,New Delhi,0,0
Scoops,Uttam Nagar,"Beverages, Fast Food",1,200.0,INR,2.8,9,3.222,India,New Delhi,0,0
Shah Bakery,Uttam Nagar,"Fast Food, Bakery",1,400.0,INR,3.0,10,3.248,India,New Delhi,0,0
Shahi Kachauri Wale,Uttam Nagar,Street Food,1,50.0,INR,2.8,6,3.244,India,New Delhi,0,0
Shahi Kachauri,Uttam Nagar,Street Food,1,50.0,INR,2.8,4,3.261,India,New Delhi,0,0
Shri Bikaner Sweets,Uttam Nagar,"Fast Food, South Indian, Chinese, Mithai",1,250.0,INR,2.9,4,3.268,India,New Delhi,0,0
Shri Krishna Vaishno Dhaba,Uttam Nagar,North Indian,1,300.0,INR,3.0,5,3.27,India,New Delhi,0,0
Shri Murli Wala,Uttam Nagar,"North Indian, South Indian, Chinese, Street Food",1,400.0,INR,2.8,7,3.236,India,New Delhi,0,0
Shri Radha Ki Rasoi,Uttam Nagar,"North Indian, Chinese, South Indian",1,300.0,INR,2.8,6,3.244,India,New Delhi,0,0
Singh's Ice Cream Parlour,Uttam Nagar,"Ice Cream, Desserts, Fast Food",1,200.0,INR,3.0,8,3.256,India,New Delhi,0,0
Swastik Restaurant,Uttam Nagar,"Chinese, South Indian, North Indian",1,400.0,INR,2.7,6,3.233,India,New Delhi,0,1
Tanatan Corner,Uttam Nagar,North Indian,1,200.0,INR,2.9,7,3.249,India,New Delhi,0,0
Tasty Bite,Uttam Nagar,"North Indian, Chinese",2,650.0,INR,2.8,12,3.201,India,New Delhi,0,1
Wah Ji Wah,Uttam Nagar,North Indian,1,400.0,INR,2.4,4,3.231,India,New Delhi,0,1
Cafe Coffee Day,"V3S Mall, Laxmi Nagar",Cafe,1,450.0,INR,2.6,33,3.02,India,New Delhi,0,0
Chalte Firte Momos,"V3S Mall, Laxmi Nagar","Fast Food, Chinese",1,300.0,INR,2.6,23,3.078,India,New Delhi,0,0
Chutneez Restaurant Lounge & Bar,"V3S Mall, Laxmi Nagar","North Indian, Chinese, Mughlai",3,1200.0,INR,2.7,132,2.864,India,New Delhi,1,0
Domino's Pizza,"V3S Mall, Laxmi Nagar","Pizza, Fast Food",2,700.0,INR,3.4,25,3.332,India,New Delhi,0,0
Fattoush,"V3S Mall, Laxmi Nagar",Lebanese,1,200.0,INR,2.9,5,3.261,India,New Delhi,0,0
Keventers,"V3S Mall, Laxmi Nagar",Beverages,1,400.0,INR,3.3,25,3.298,India,New Delhi,0,0
Kutty's South Indian Cafe,"V3S Mall, Laxmi Nagar",South Indian,1,250.0,INR,3.4,99,3.366,India,New Delhi,0,0
Mandrain,"V3S Mall, Laxmi Nagar",Chinese,1,450.0,INR,2.8,7,3.236,India,New Delhi,0,0
Nazeer Foods,"V3S Mall, Laxmi Nagar","Mughlai, North Indian",2,600.0,INR,3.4,193,3.379,India,New Delhi,0,0
Nirula's Ice Cream,"V3S Mall, Laxmi Nagar","Desserts, Ice Cream",1,250.0,INR,3.0,38,3.169,India,New Delhi,0,1
Punjabi Tadka,"V3S Mall, Laxmi Nagar",North Indian,1,400.0,INR,2.8,5,3.252,India,New Delhi,0,0
Rocking Woods,"V3S Mall, Laxmi Nagar","North Indian, Chinese, Fast Food",3,1200.0,INR,2.6,86,2.856,India,New Delhi,1,1
Shawarma Wala,"V3S Mall, Laxmi Nagar",Fast Food,1,250.0,INR,2.5,18,3.086,India,New Delhi,0,0
Subway,"V3S Mall, Laxmi Nagar","American, Fast Food, Salad, Healthy Food",2,500.0,INR,2.5,163,2.687,India,New Delhi,0,1
The Yellow Chilli,"V3S Mall, Laxmi Nagar","North Indian, Mughlai",3,1500.0,INR,2.7,307,2.784,India,New Delhi,1,1
The Yummy Chilli,"V3S Mall, Laxmi Nagar","Mughlai, North Indian",2,600.0,INR,2.9,9,3.237,India,New Delhi,0,0
United Punjab,"V3S Mall, Laxmi Nagar","North Indian, Mughlai",2,600.0,INR,2.5,88,2.789,India,New Delhi,0,1
McDonald's,"V3S Mall, Laxmi Nagar","Fast Food, Burger",2,500.0,INR,3.6,160,3.528,India,New Delhi,0,1
Vintro,"V3S Mall, Laxmi Nagar",Cafe,1,350.0,INR,3.9,96,3.694,India,New Delhi,0,1
Wow! Momo,"V3S Mall, Laxmi Nagar","Tibetan, Chinese",1,350.0,INR,3.5,54,3.403,India,New Delhi,0,0
"34, Chowringhee Lane","V3S Mall, Laxmi Nagar",Fast Food,1,350.0,INR,2.3,45,2.825,India,New Delhi,0,0
Kebab Xpress,"V3S Mall, Laxmi Nagar","North Indian, Mughlai",2,600.0,INR,2.4,117,2.669,India,New Delhi,0,1
Moti Mahal Delux Tandoori Trail,"V3S Mall, Laxmi Nagar","North Indian, Mughlai",3,1000.0,INR,2.2,79,2.625,India,New Delhi,1,1
Pizza Hut,"V3S Mall, Laxmi Nagar","Italian, Pizza, Fast Food",3,1000.0,INR,2.4,224,2.564,India,New Delhi,0,1
The Golden Dragon,"V3S Mall, Laxmi Nagar","Chinese, Seafood, Japanese",3,1500.0,INR,2.4,43,2.882,India,New Delhi,1,0
Yo! China,"V3S Mall, Laxmi Nagar",Chinese,2,900.0,INR,2.0,191,2.269,India,New Delhi,1,1
Hawkers,Vasant Kunj,Chinese,2,600.0,INR,3.4,398,3.389,India,New Delhi,0,1
Nirula's,Vasant Kunj,"Fast Food, North Indian, Desserts, Ice Cream",3,1100.0,INR,3.0,145,3.076,India,New Delhi,0,1
Sagar Ratna,Vasant Kunj,"South Indian, North Indian",2,600.0,INR,2.8,133,2.936,India,New Delhi,0,1
Tribe,Vasant Kunj,"Continental, Seafood, North Indian",4,2200.0,INR,3.3,89,3.299,India,New Delhi,1,0
Angels in my Kitchen,Vasant Kunj,"Bakery, Desserts, Fast Food",1,350.0,INR,3.7,248,3.632,India,New Delhi,0,1
Beijing Street,Vasant Kunj,"Chinese, Thai, Fast Food",2,650.0,INR,3.8,122,3.654,India,New Delhi,0,1
Bun Intended,Vasant Kunj,"Burger, American, Fast Food",2,850.0,INR,3.8,123,3.655,India,New Delhi,0,1
Captain Chang,Vasant Kunj,"Chinese, Thai",3,1000.0,INR,3.9,40,3.565,India,New Delhi,0,1
Captain Grub,Vasant Kunj,"American, Fast Food",3,1000.0,INR,3.8,619,3.762,India,New Delhi,0,1
Clemency- The Restaurant & Cafe,Vasant Kunj,"Continental, Italian, North Indian, Chinese, Lebanese",2,900.0,INR,3.8,43,3.53,India,New Delhi,1,1
Flaming Chilli Pepper,Vasant Kunj,"Chinese, Italian, North Indian",2,900.0,INR,3.8,286,3.725,India,New Delhi,1,1
Hong Kong Express,Vasant Kunj,"Chinese, Thai",2,800.0,INR,3.7,164,3.606,India,New Delhi,0,1
Majeed's,Vasant Kunj,"Mughlai, North Indian",2,800.0,INR,3.5,170,3.454,India,New Delhi,0,1
Majlis-e-Mughal,Vasant Kunj,Mughlai,2,900.0,INR,3.5,95,3.43,India,New Delhi,1,1
Mickey's Kitchen,Vasant Kunj,"Continental, American, Italian",2,950.0,INR,3.9,191,3.775,India,New Delhi,0,1
Nanking,Vasant Kunj,"Chinese, Seafood",3,1500.0,INR,3.6,361,3.563,India,New Delhi,1,1
Nawab Dera,Vasant Kunj,"North Indian, Mughlai, Biryani",2,650.0,INR,3.8,141,3.668,India,New Delhi,0,1
The Cafe,Vasant Kunj,Cafe,3,1000.0,INR,3.8,20,3.441,India,New Delhi,0,1
The Village Caf,Vasant Kunj,"Cafe, American, Italian, North Indian, Chinese",2,700.0,INR,3.7,185,3.614,India,New Delhi,0,1
Cafe Connect,Vasant Kunj,"Cafe, Bakery",2,700.0,INR,4.2,193,4.014,India,New Delhi,0,1
Happy Hakka,Vasant Kunj,Chinese,2,650.0,INR,4.1,173,3.92,India,New Delhi,0,1
Indian Saffron Co.,Vasant Kunj,"North Indian, Mughlai",2,900.0,INR,4.2,62,3.797,India,New Delhi,0,1
DCK- Dana Choga's Kitchen,"Vasant Square Mall, Vasant Kunj","North Indian, Mughlai",2,800.0,INR,2.9,252,2.966,India,New Delhi,0,1
Domino's Pizza,"Vasant Square Mall, Vasant Kunj","Pizza, Fast Food",2,700.0,INR,2.8,145,2.928,India,New Delhi,0,0
Sagar Ratna,"Vasant Square Mall, Vasant Kunj","South Indian, North Indian",2,600.0,INR,3.3,87,3.299,India,New Delhi,0,0
Shree Bhagatram,"Vasant Square Mall, Vasant Kunj","North Indian, Chinese, South Indian, Mithai",2,650.0,INR,3.3,199,3.299,India,New Delhi,0,1
Subway,"Vasant Square Mall, Vasant Kunj","American, Fast Food, Salad, Healthy Food",2,500.0,INR,2.5,131,2.72,India,New Delhi,0,1
Biryani Blues,"Vasant Square Mall, Vasant Kunj","Biryani, Hyderabadi",2,750.0,INR,3.9,105,3.706,India,New Delhi,0,1
Kebab Gali,"Vasant Square Mall, Vasant Kunj","North Indian, Mughlai, Biryani",2,600.0,INR,3.9,380,3.83,India,New Delhi,0,1
KFC,"Vasant Square Mall, Vasant Kunj","American, Fast Food",2,500.0,INR,3.6,277,3.554,India,New Delhi,0,1
Tipu Sultan,"Vasant Square Mall, Vasant Kunj","North Indian, Mughlai",2,850.0,INR,3.7,364,3.651,India,New Delhi,1,1
Angels in my Kitchen,Vasant Vihar,"Bakery, Desserts, Fast Food",1,350.0,INR,3.2,22,3.268,India,New Delhi,0,1
Barista,Vasant Vihar,Cafe,2,650.0,INR,3.3,47,3.299,India,New Delhi,0,1
Bengal Sweet Palace,Vasant Vihar,"Mithai, Street Food",1,150.0,INR,3.3,28,3.298,India,New Delhi,0,0
Bread'D Bites,Vasant Vihar,"Bakery, Desserts, Fast Food",1,150.0,INR,3.1,14,3.254,India,New Delhi,0,0
Chinese Hut,Vasant Vihar,Chinese,1,400.0,INR,3.4,20,3.327,India,New Delhi,0,0
Foodland by Orchid,Vasant Vihar,"North Indian, South Indian, Mughlai",2,900.0,INR,2.9,6,3.255,India,New Delhi,1,0
From The Kitchen of Mala Bindra,Vasant Vihar,Bakery,1,250.0,INR,3.1,9,3.267,India,New Delhi,0,0
Go Kylin,Vasant Vihar,"Japanese, Chinese, Asian, Malaysian, Thai, Vietnamese",3,1500.0,INR,2.8,9,3.222,India,New Delhi,0,1
Green Chick Chop,Vasant Vihar,"Raw Meats, North Indian, Fast Food",1,350.0,INR,3.3,23,3.298,India,New Delhi,0,0
Hawkers,Vasant Vihar,Chinese,1,300.0,INR,2.7,26,3.093,India,New Delhi,0,1
HotPlate,Vasant Vihar,"Fast Food, North Indian",1,150.0,INR,3.1,8,3.27,India,New Delhi,0,0
New Janta Restaurant,Vasant Vihar,"North Indian, Mughlai",2,600.0,INR,3.1,31,3.222,India,New Delhi,0,0
Rainbows,Vasant Vihar,"Bakery, Fast Food",1,400.0,INR,3.2,28,3.262,India,New Delhi,0,1
Sinfully Yours,Vasant Vihar,"Bakery, Desserts",1,300.0,INR,3.3,18,3.298,India,New Delhi,0,1
Slice of Italy,Vasant Vihar,"Italian, Pizza, Bakery",2,700.0,INR,2.8,299,2.871,India,New Delhi,0,1
Spice Deli,Vasant Vihar,"North Indian, Chinese",3,1100.0,INR,3.3,52,3.299,India,New Delhi,1,1
Twenty Four Seven,Vasant Vihar,"Fast Food, North Indian",1,300.0,INR,3.1,9,3.267,India,New Delhi,0,0
Uncle Tom's Steamed Hot Dogs,Vasant Vihar,Fast Food,1,200.0,INR,3.3,40,3.299,India,New Delhi,0,0
AOWLS,Vasant Vihar,"Chinese, Fast Food",1,300.0,INR,3.5,37,3.384,India,New Delhi,0,1
Costa Coffee,Vasant Vihar,Cafe,2,600.0,INR,3.6,80,3.484,India,New Delhi,0,0
Georgia Dakota,Vasant Vihar,"Bakery, Desserts",1,450.0,INR,3.6,34,3.42,India,New Delhi,0,0
Instapizza After Hours,Vasant Vihar,"Pizza, Fast Food",2,900.0,INR,3.5,21,3.357,India,New Delhi,0,1
The Pint Room,Vasant Vihar,"Finger Food, Continental, Italian",3,1700.0,INR,3.7,76,3.54,India,New Delhi,1,0
Perch Wine & Coffee Bar,Vasant Vihar,"Cafe, European",4,2000.0,INR,4.3,114,3.994,India,New Delhi,0,0
Aggarwal Confectionary,Vasundhara Enclave,"Street Food, Bakery",1,50.0,INR,2.8,7,3.236,India,New Delhi,0,0
Aggarwal Sweet Corner,Vasundhara Enclave,"Mithai, Street Food",1,150.0,INR,2.9,16,3.201,India,New Delhi,0,0
Ananda's,Vasundhara Enclave,"South Indian, Chinese",1,350.0,INR,3.0,31,3.184,India,New Delhi,0,0
Ankur Family Restaurant,Vasundhara Enclave,"North Indian, Chinese",2,500.0,INR,2.8,7,3.236,India,New Delhi,0,0
Ayush Restaurant,Vasundhara Enclave,North Indian,1,400.0,INR,3.2,13,3.277,India,New Delhi,0,0
Chef's Paradise,Vasundhara Enclave,"North Indian, Mughlai, Chinese",1,400.0,INR,3.1,36,3.215,India,New Delhi,0,1
Domino's Pizza,Vasundhara Enclave,"Pizza, Fast Food",2,700.0,INR,2.6,17,3.12,India,New Delhi,0,0
Fatafat Fast Food,Vasundhara Enclave,"Chinese, Fast Food",1,450.0,INR,3.3,32,3.298,India,New Delhi,0,0
Giani,Vasundhara Enclave,"Ice Cream, Desserts",1,300.0,INR,3.0,5,3.27,India,New Delhi,0,0
Green Tea Fanatics,Vasundhara Enclave,"Beverages, Fast Food",1,250.0,INR,3.4,31,3.337,India,New Delhi,0,0
Khansama,Vasundhara Enclave,"North Indian, Mughlai",1,350.0,INR,3.3,30,3.298,India,New Delhi,0,0
Pauls Food,Vasundhara Enclave,"North Indian, Chinese",2,550.0,INR,2.9,14,3.21,India,New Delhi,0,0
Punjabi Vaishno Rasoi,Vasundhara Enclave,North Indian,1,200.0,INR,2.9,4,3.268,India,New Delhi,0,0
Republic of Chicken,Vasundhara Enclave,"Raw Meats, Fast Food",1,400.0,INR,2.9,10,3.231,India,New Delhi,0,0
Taj Sweets,Vasundhara Enclave,Mithai,1,100.0,INR,3.1,16,3.25,India,New Delhi,0,0
The Cake,Vasundhara Enclave,Bakery,1,200.0,INR,3.0,4,3.275,India,New Delhi,0,0
The Food Court,Vasundhara Enclave,"Fast Food, Chinese",1,400.0,INR,3.7,32,3.455,India,New Delhi,0,1
366 Junction,Vijay Nagar,"Cafe, North Indian, Chinese",2,800.0,INR,3.3,43,3.299,India,New Delhi,1,0
Black & Brew,Vijay Nagar,Chinese,1,300.0,INR,3.1,25,3.232,India,New Delhi,0,0
Hari Om Bhojanalaya,Vijay Nagar,North Indian,1,300.0,INR,3.4,43,3.345,India,New Delhi,0,0
Nalwa's Hotspot,Vijay Nagar,Chinese,1,300.0,INR,3.1,10,3.264,India,New Delhi,0,0
Pasta Hub,Vijay Nagar,Italian,1,200.0,INR,3.0,16,3.225,India,New Delhi,0,0
Rock n Wood Cafe,Vijay Nagar,"North Indian, Chinese",2,500.0,INR,3.4,168,3.376,India,New Delhi,0,1
Roll Corner,Vijay Nagar,Fast Food,1,200.0,INR,3.3,12,3.298,India,New Delhi,0,1
Shree Nandhini Cafe,Vijay Nagar,"South Indian, Chinese",1,350.0,INR,3.3,27,3.298,India,New Delhi,0,0
Sindhi Dhaba,Vijay Nagar,North Indian,1,200.0,INR,2.9,19,3.188,India,New Delhi,0,0
Take N Taste,Vijay Nagar,"North Indian, Chinese",1,400.0,INR,3.1,15,3.252,India,New Delhi,0,1
Taxi Bar & Cafe,Vijay Nagar,"North Indian, Chinese, Fast Food",2,800.0,INR,3.3,732,3.3,India,New Delhi,1,1
The Little Diner,Vijay Nagar,"Continental, Chinese, Italian, Cafe",2,800.0,INR,3.4,430,3.389,India,New Delhi,1,1
Cafeteria & Co.,Vijay Nagar,"Continental, Mexican",2,900.0,INR,4.6,1136,4.545,India,New Delhi,0,0
Burger Point,Vijay Nagar,"Burger, Fast Food",1,300.0,INR,3.8,114,3.647,India,New Delhi,0,0
Cafe All-Inn,Vijay Nagar,"Cafe, Mexican, Italian, North Indian, Chinese",2,600.0,INR,3.8,429,3.748,India,New Delhi,0,0
Chowringhee,Vijay Nagar,Fast Food,1,250.0,INR,3.5,65,3.412,India,New Delhi,0,1
Flamess Restaurant & Cafe Village,Vijay Nagar,"North Indian, Chinese, Continental, Italian, Mexican, Lebanese",2,700.0,INR,3.5,349,3.475,India,New Delhi,0,1
Jack 'n' Chill,Vijay Nagar,"American, Italian, Cafe",2,500.0,INR,3.6,480,3.571,India,New Delhi,0,0
Kake Di Hatti,Vijay Nagar,North Indian,1,400.0,INR,3.6,314,3.558,India,New Delhi,0,0
Mad Monkey,Vijay Nagar,"Cafe, Continental, Italian",2,800.0,INR,3.7,344,3.649,India,New Delhi,1,1
Manohar Cakes & Bikaneri,Vijay Nagar,"Mithai, Fast Food",1,150.0,INR,3.5,18,3.351,India,New Delhi,0,0
Shagun,Vijay Nagar,"Chinese, Thai, Tibetan, Japanese",2,800.0,INR,3.9,419,3.836,India,New Delhi,0,1
Shyam Chaat Bhandar,Vijay Nagar,Street Food,1,150.0,INR,3.5,27,3.368,India,New Delhi,0,0
Telegram,Vijay Nagar,"Cafe, North Indian, Continental, Chinese",2,700.0,INR,3.5,359,3.475,India,New Delhi,0,1
The University Bistro,Vijay Nagar,"Cafe, Italian, Continental, Mexican, Mediterranean",2,500.0,INR,3.6,555,3.575,India,New Delhi,0,1
736 A.D.,Vijay Nagar,"North Indian, Continental, Italian, Chinese",2,900.0,INR,4.1,506,4.028,India,New Delhi,0,0
Big Yellow Door,Vijay Nagar,"Cafe, Italian, Fast Food",2,600.0,INR,4.3,3986,4.288,India,New Delhi,0,0
Mr. Crust Bakers,Vijay Nagar,"Bakery, Desserts, Fast Food",1,400.0,INR,4.2,741,4.143,India,New Delhi,0,0
Phonebooth Caf,Vijay Nagar,"North Indian, Continental, Chinese, Italian",2,800.0,INR,4.1,636,4.042,India,New Delhi,0,1
Tony's,Vijay Nagar,Fast Food,1,200.0,INR,4.4,163,4.141,India,New Delhi,0,1
Wake 'n' Bake Cafe,Vijay Nagar,"Fast Food, Bakery",1,350.0,INR,4.0,90,3.749,India,New Delhi,0,0
Gabbar Di Hatti,Vikas Marg,"North Indian, Mughlai",1,300.0,INR,3.4,19,3.326,India,New Delhi,0,0
1990's,Vikaspuri,"North Indian, Mughlai",1,250.0,INR,3.3,15,3.298,India,New Delhi,0,0
Amul Cafe,Vikaspuri,"Desserts, Fast Food",1,300.0,INR,3.3,23,3.298,India,New Delhi,0,0
Burger Point,Vikaspuri,"Burger, Fast Food",1,300.0,INR,3.4,28,3.334,India,New Delhi,0,0
Buta Singh Da Dhabba,Vikaspuri,North Indian,1,150.0,INR,2.8,14,3.189,India,New Delhi,0,0
Cafe Amigo,Vikaspuri,Cafe,1,400.0,INR,3.0,41,3.163,India,New Delhi,0,0
Cafe Coffee Day,Vikaspuri,Cafe,1,450.0,INR,3.0,16,3.225,India,New Delhi,0,0
Cake Palace,Vikaspuri,Bakery,1,200.0,INR,2.7,11,3.19,India,New Delhi,0,0
Carara,Vikaspuri,"North Indian, Chinese",2,500.0,INR,2.6,20,3.098,India,New Delhi,0,0
Channi Pishori Chicken,Vikaspuri,Mughlai,1,400.0,INR,3.3,55,3.299,India,New Delhi,0,0
Chatkora Food N Snacks Corner,Vikaspuri,Fast Food,1,350.0,INR,2.9,6,3.255,India,New Delhi,0,0
Chetana Bakes,Vikaspuri,Bakery,1,400.0,INR,3.0,6,3.266,India,New Delhi,0,0
Chily Hut,Vikaspuri,"Chinese, North Indian",2,750.0,INR,3.2,20,3.27,India,New Delhi,0,0
De' Bistro,Vikaspuri,"Chinese, Fast Food",2,850.0,INR,3.3,16,3.298,India,New Delhi,1,0
Deep Bakers,Vikaspuri,"Fast Food, Bakery",1,100.0,INR,3.2,17,3.273,India,New Delhi,0,0
Delhi 6,Vikaspuri,North Indian,1,350.0,INR,2.6,44,2.971,India,New Delhi,0,0
Finest Pizzeria,Vikaspuri,Pizza,2,600.0,INR,3.1,5,3.279,India,New Delhi,0,1
Food Lab,Vikaspuri,"Chinese, Biryani, North Indian",1,300.0,INR,3.0,5,3.27,India,New Delhi,0,0
Goli Vada Pav No. 1,Vikaspuri,Street Food,1,100.0,INR,3.3,26,3.298,India,New Delhi,0,0
Grover Sweets,Vikaspuri,"Mithai, Street Food",1,100.0,INR,3.1,8,3.27,India,New Delhi,0,0
Hema Chinese Foods,Vikaspuri,Chinese,1,300.0,INR,3.3,21,3.298,India,New Delhi,0,0
Hunger Stop,Vikaspuri,"North Indian, Mughlai",2,600.0,INR,3.2,13,3.277,India,New Delhi,0,0
Ishwar Sweets,Vikaspuri,Chinese,1,300.0,INR,3.4,33,3.338,India,New Delhi,0,0
Kathi Express,Vikaspuri,"Fast Food, Chinese",2,500.0,INR,2.6,33,3.02,India,New Delhi,0,0
Kream's,Vikaspuri,"Bakery, Fast Food, Pizza",1,200.0,INR,3.1,8,3.27,India,New Delhi,0,0
Madras Cafe,Vikaspuri,"South Indian, Fast Food",1,300.0,INR,3.3,33,3.298,India,New Delhi,0,0
Mandeep Punjabi Rasoi,Vikaspuri,North Indian,1,200.0,INR,3.0,10,3.248,India,New Delhi,0,0
Masti Curry,Vikaspuri,North Indian,1,350.0,INR,2.8,31,3.107,India,New Delhi,0,1
New Madras Cafe,Vikaspuri,"South Indian, Fast Food",1,300.0,INR,3.1,34,3.217,India,New Delhi,0,0
Pakwan,Vikaspuri,"Chinese, North Indian",2,600.0,INR,2.8,20,3.155,India,New Delhi,0,0
Patiala Shahi Soups,Vikaspuri,Mughlai,1,300.0,INR,3.1,12,3.259,India,New Delhi,0,0
Pizza Yum,Vikaspuri,"Pizza, Fast Food",2,650.0,INR,3.1,24,3.233,India,New Delhi,0,0
Polka Pastry & Snack Bar,Vikaspuri,"Bakery, Fast Food",1,350.0,INR,2.7,44,3.018,India,New Delhi,0,1
Red Hot,Vikaspuri,North Indian,1,350.0,INR,3.3,15,3.298,India,New Delhi,0,0
Republic of Chicken,Vikaspuri,"Raw Meats, Fast Food",1,400.0,INR,3.1,17,3.247,India,New Delhi,0,0
Sai Ann Kutir,Vikaspuri,"Chinese, North Indian",1,400.0,INR,2.8,37,3.086,India,New Delhi,0,0
Saravana South Indian Hut,Vikaspuri,South Indian,1,250.0,INR,3.2,10,3.281,India,New Delhi,0,0
Sardar Pure Meat Shop,Vikaspuri,"Raw Meats, Fast Food",1,300.0,INR,3.2,9,3.283,India,New Delhi,0,0
Shama Chicken Corner,Vikaspuri,"North Indian, Mughlai",1,400.0,INR,3.1,23,3.235,India,New Delhi,0,0
Shan E Punjab,Vikaspuri,"North Indian, South Indian",2,550.0,INR,3.4,23,3.33,India,New Delhi,0,0
Shanghai Nights,Vikaspuri,Chinese,1,450.0,INR,2.8,11,3.208,India,New Delhi,0,0
Shree Ram Sweets & Bakers,Vikaspuri,Mithai,1,100.0,INR,3.0,4,3.275,India,New Delhi,0,0
Sindhi Kulfi Wala,Vikaspuri,Desserts,1,100.0,INR,3.0,4,3.275,India,New Delhi,0,0
South Indian Cafe,Vikaspuri,"South Indian, Chinese",1,350.0,INR,3.3,42,3.299,India,New Delhi,0,0
South Indian Hut,Vikaspuri,South Indian,1,250.0,INR,3.4,35,3.34,India,New Delhi,0,0
Spinns Resto-Bar,Vikaspuri,"North Indian, Chinese",2,800.0,INR,2.6,43,2.975,India,New Delhi,1,0
Subway,Vikaspuri,"American, Fast Food, Salad, Healthy Food",2,500.0,INR,2.6,28,3.047,India,New Delhi,0,1
Taneja Bakery,Vikaspuri,Bakery,1,200.0,INR,3.2,17,3.273,India,New Delhi,0,0
Tequila Express,Vikaspuri,"North Indian, Chinese",3,1150.0,INR,3.4,40,3.343,India,New Delhi,1,1
The China Town,Vikaspuri,Chinese,2,600.0,INR,3.4,26,3.332,India,New Delhi,0,0
THS - The Hunger Street,Vikaspuri,"North Indian, Mughlai, Chinese",2,600.0,INR,3.2,49,3.249,India,New Delhi,0,0
True Blue,Vikaspuri,"North Indian, Chinese",3,1100.0,INR,3.2,31,3.26,India,New Delhi,1,0
Twenty Four Seven,Vikaspuri,"Fast Food, North Indian",1,300.0,INR,3.1,7,3.273,India,New Delhi,0,0
Your's Chole Bhature,Vikaspuri,Street Food,1,100.0,INR,2.6,42,2.979,India,New Delhi,0,0
Baskin Robbins,Vikaspuri,Ice Cream,1,300.0,INR,3.5,36,3.382,India,New Delhi,0,0
Pure Punjabi,Vikaspuri,"North Indian, Fast Food",2,700.0,INR,3.5,56,3.404,India,New Delhi,0,0
Welcome Food Point,Vikaspuri,"Chinese, North Indian",2,600.0,INR,2.3,26,2.956,India,New Delhi,0,1
Arora Snacks,Vivek Vihar,Chinese,1,350.0,INR,2.8,14,3.189,India,New Delhi,0,0
Bansal Mithai Wale,Vivek Vihar,Mithai,1,100.0,INR,2.9,5,3.261,India,New Delhi,0,0
Fabulous Cake Bites,Vivek Vihar,"Bakery, Desserts, Fast Food, Pizza, Burger, Finger Food",1,400.0,INR,3.4,33,3.338,India,New Delhi,0,1
Garam Masala Food Corner,Vivek Vihar,"North Indian, Chinese",1,450.0,INR,3.3,114,3.299,India,New Delhi,0,1
Health Buzzz,Vivek Vihar,Healthy Food,1,350.0,INR,3.1,7,3.273,India,New Delhi,0,1
Kumar Pav Bhaji Corner,Vivek Vihar,Fast Food,1,200.0,INR,3.2,12,3.279,India,New Delhi,0,0
Le Chef,Vivek Vihar,"Chinese, North Indian",1,400.0,INR,3.0,6,3.266,India,New Delhi,0,0
Nainy Fast Food,Vivek Vihar,"Chinese, Fast Food",1,300.0,INR,3.3,12,3.298,India,New Delhi,0,0
Platform Nine and Three Quarters,Vivek Vihar,"Cafe, North Indian, Continental",2,600.0,INR,2.6,54,2.935,India,New Delhi,0,0
Pudding & Pie,Vivek Vihar,"Bakery, Fast Food",1,450.0,INR,3.1,5,3.279,India,New Delhi,0,0
Rapture,Vivek Vihar,"Bakery, Fast Food",1,400.0,INR,2.5,51,2.895,India,New Delhi,0,0
Sachdeva Chinese Fast Food,Vivek Vihar,"Chinese, Fast Food",1,400.0,INR,3.3,21,3.298,India,New Delhi,0,0
Simply Cakes,Vivek Vihar,Bakery,1,400.0,INR,3.2,10,3.281,India,New Delhi,0,0
The Dosa King,Vivek Vihar,"South Indian, North Indian",1,400.0,INR,2.9,4,3.268,India,New Delhi,0,0
Bhappe Di Hatti,Vivek Vihar,"North Indian, Chinese",2,500.0,INR,3.5,37,3.384,India,New Delhi,0,1
Cafetorium,Vivek Vihar,"Cafe, Italian",2,600.0,INR,3.8,122,3.654,India,New Delhi,0,1
Food Express,Vivek Vihar,"Chinese, North Indian",2,800.0,INR,3.6,126,3.514,India,New Delhi,0,1
Sai Bajaj Restaurant,Vivek Vihar,"Chinese, North Indian",1,300.0,INR,3.6,35,3.422,India,New Delhi,0,1
The Chimney Bar-Be-Que,Vivek Vihar,"North Indian, Chinese",2,500.0,INR,3.6,26,3.401,India,New Delhi,0,0
Urban Punjab,Vivek Vihar,"North Indian, Chinese",2,600.0,INR,3.6,168,3.531,India,New Delhi,0,0
Chintamani's Namkeen,Vivek Vihar,"Chinese, Fast Food, North Indian, South Indian, Street Food, Mithai",1,350.0,INR,2.4,29,2.968,India,New Delhi,0,0
Deltasious,Vivek Vihar,"North Indian, Chinese, Bakery",1,400.0,INR,2.2,64,2.681,India,New Delhi,0,1
Tandoori Junction,Vivek Vihar,"North Indian, Chinese",1,300.0,INR,2.4,10,3.148,India,New Delhi,0,1
Apni Rasoi,Wazirpur,North Indian,1,300.0,INR,2.6,19,3.105,India,New Delhi,0,0
Haldiram Bhujiawala,Wazirpur,"Street Food, North Indian, South Indian, Mithai",1,400.0,INR,3.4,35,3.34,India,New Delhi,0,0
Meghraj Food Court,Wazirpur,"North Indian, Street Food, Mithai",1,250.0,INR,3.0,24,3.201,India,New Delhi,0,0
Meghraj Sweets,Wazirpur,"Mithai, Street Food, North Indian",1,150.0,INR,3.2,8,3.284,India,New Delhi,0,0
"34, Chowringhee Lane","West End Mall, Janak Puri",Fast Food,1,350.0,INR,3.4,86,3.362,India,New Delhi,0,0
Subway,"West End Mall, Janak Puri","American, Fast Food, Salad, Healthy Food",2,500.0,INR,2.1,152,2.396,India,New Delhi,0,1
The Golden Dragon,"West Gate Mall, Rajouri Garden","Chinese, Seafood, Japanese",3,1500.0,INR,3.5,178,3.456,India,New Delhi,1,0
KFC,West Patel Nagar,"American, Fast Food",2,500.0,INR,3.4,86,3.362,India,New Delhi,0,1
Mitra Da Dhaba,West Patel Nagar,North Indian,1,400.0,INR,3.5,216,3.462,India,New Delhi,0,0
Mr. Sub,West Patel Nagar,Fast Food,1,400.0,INR,3.7,83,3.549,India,New Delhi,0,1
Kennedy's,West Patel Nagar,"Chinese, Fast Food",1,400.0,INR,4.1,491,4.026,India,New Delhi,0,1
Keventers,"Worldmark 1, Aerocity",Beverages,1,400.0,INR,3.1,5,3.279,India,New Delhi,0,0
Street Foods by Punjab Grill,"Worldmark 1, Aerocity","Street Food, North Indian",2,600.0,INR,3.2,17,3.273,India,New Delhi,0,0
Subway,"Worldmark 1, Aerocity","American, Fast Food, Salad, Healthy Food",2,500.0,INR,3.1,25,3.232,India,New Delhi,0,1
Wow! Momo,"Worldmark 1, Aerocity",Chinese,1,350.0,INR,3.1,8,3.27,India,New Delhi,0,0
Biryani Blues,"Worldmark 1, Aerocity","Biryani, Hyderabadi",3,1000.0,INR,3.6,22,3.39,India,New Delhi,0,0
Eat Me,Yusuf Sarai,"North Indian, Continental",2,600.0,INR,2.7,33,3.06,India,New Delhi,0,1
EDC Mania,Yusuf Sarai,Fast Food,1,150.0,INR,3.3,39,3.299,India,New Delhi,0,0
Elegant China X-Press,Yusuf Sarai,Chinese,1,400.0,INR,3.1,9,3.267,India,New Delhi,0,0
Gopala,Yusuf Sarai,"Mithai, Street Food",1,250.0,INR,3.3,28,3.298,India,New Delhi,0,0
Green Chick Chop,Yusuf Sarai,"Raw Meats, North Indian, Fast Food",1,350.0,INR,3.1,30,3.223,India,New Delhi,0,0
Hangchuaa's Chinese Food Corner,Yusuf Sarai,Chinese,2,600.0,INR,2.7,5,3.243,India,New Delhi,0,0
Madhuvan Chinese Fast Food,Yusuf Sarai,Chinese,1,300.0,INR,2.7,52,2.993,India,New Delhi,0,0
Momos House,Yusuf Sarai,Chinese,1,350.0,INR,2.9,5,3.261,India,New Delhi,0,0
Punjab Restaurant,Yusuf Sarai,"North Indian, Mughlai",2,600.0,INR,3.2,46,3.251,India,New Delhi,0,0
Rhythm Restro-Bar,Yusuf Sarai,"Mughlai, Chinese, North Indian",3,1000.0,INR,3.0,42,3.162,India,New Delhi,1,0
Say Cheese,Yusuf Sarai,Fast Food,1,400.0,INR,2.7,128,2.868,India,New Delhi,0,1
Sona Restaurant,Yusuf Sarai,"North Indian, Mughlai",1,450.0,INR,3.2,30,3.261,India,New Delhi,0,0
Uraki,Yusuf Sarai,Asian,1,400.0,INR,2.7,8,3.215,India,New Delhi,0,0
Wah Ji Wah,Yusuf Sarai,North Indian,1,450.0,INR,3.0,25,3.198,India,New Delhi,0,0
Annapurna Sweets,Yusuf Sarai,"Mithai, Street Food",1,150.0,INR,3.9,109,3.71,India,New Delhi,0,0
Karnataka,Yusuf Sarai,"South Indian, North Indian, Chinese",2,500.0,INR,3.7,334,3.648,India,New Delhi,0,1
Ali Baba Caves,"Ansal Plaza Mall, Greater Noida","Cafe, Chinese",2,500.0,INR,3.1,15,3.146,India,Noida,0,0
Caf Doo Ghoont,"Ansal Plaza Mall, Greater Noida",Cafe,2,600.0,INR,3.4,50,3.28,India,Noida,0,1
Knights Chaska,"Ansal Plaza Mall, Greater Noida","North Indian, Chinese",2,800.0,INR,2.9,6,3.132,India,Noida,1,0
Thirsty Scholar Cafe,"Ansal Plaza Mall, Greater Noida",Cafe,1,450.0,INR,3.2,45,3.179,India,Noida,0,0
JSB Evergreen Snack & Sweets,Brahmaputra Shopping Complex,"North Indian, Chinese, Fast Food, Street Food",1,300.0,INR,3.1,47,3.131,India,Noida,0,0
221 B Baker Street,Brahmaputra Shopping Complex,Bakery,1,200.0,INR,3.5,94,3.382,India,Noida,0,1
Kapoors Balle Balle,Brahmaputra Shopping Complex,"North Indian, Chinese",1,400.0,INR,3.7,331,3.629,India,Noida,0,1
Lakshmi Coffee House,Brahmaputra Shopping Complex,South Indian,1,300.0,INR,3.8,603,3.751,India,Noida,0,0
Geoffrey's,"Centre Stage Mall, Sector 18","Asian, Continental, Italian, North Indian",4,2600.0,INR,3.0,579,3.013,India,Noida,1,0
Haldiram's,"Centre Stage Mall, Sector 18","North Indian, South Indian, Chinese, Street Food, Fast Food, Mithai, Desserts",2,600.0,INR,3.5,169,3.422,India,Noida,0,0
Maamouchee @ My Way,"Centre Stage Mall, Sector 18","Italian, Lebanese, North Indian",3,1100.0,INR,3.5,278,3.448,India,Noida,1,1
Americana Kitchen and Bar,"Centre Stage Mall, Sector 18","American, Tex-Mex, Italian, Mexican, North Indian",4,2000.0,INR,2.4,221,2.54,India,Noida,1,0
Punjabi By Nature Quickie,"DLF Mall of India, Sector 18,  Noida","North Indian, Mughlai",3,1100.0,INR,3.4,120,3.329,India,Noida,1,0
United Coffee House Rewind,"DLF Mall of India, Sector 18,  Noida","North Indian, European, Asian, Mediterranean",3,1500.0,INR,3.4,215,3.355,India,Noida,1,0
Wow! Momo,"DLF Mall of India, Sector 18,  Noida","Tibetan, Chinese",1,350.0,INR,2.7,212,2.788,India,Noida,0,0
Oh So Stoned!,"DLF Mall of India, Sector 18,  Noida",Desserts,1,250.0,INR,4.5,324,4.321,India,Noida,0,0
The Big Chill Cakery,"DLF Mall of India, Sector 18,  Noida","Bakery, Desserts",2,700.0,INR,4.5,147,4.16,India,Noida,0,0
Barista,"DLF Mall of India, Sector 18,  Noida",Cafe,2,650.0,INR,3.5,23,3.267,India,Noida,0,0
Big Wong XL,"DLF Mall of India, Sector 18,  Noida","Chinese, Thai, Sushi",3,1500.0,INR,3.9,199,3.751,India,Noida,1,1
Carl's Jr.,"DLF Mall of India, Sector 18,  Noida","Burger, American, Fast Food",2,650.0,INR,3.8,458,3.737,India,Noida,0,1
Chaayos,"DLF Mall of India, Sector 18,  Noida","Cafe, Tea",1,400.0,INR,3.9,124,3.687,India,Noida,0,0
Chi Asian Cookhouse,"DLF Mall of India, Sector 18,  Noida","Chinese, Thai, Asian, Japanese, Korean, Seafood",3,1400.0,INR,3.9,173,3.734,India,Noida,1,1
Costa Coffee,"DLF Mall of India, Sector 18,  Noida",Cafe,2,600.0,INR,3.7,64,3.463,India,Noida,0,0
Dunkin' Donuts,"DLF Mall of India, Sector 18,  Noida","Burger, Desserts, Fast Food",2,600.0,INR,3.7,86,3.501,India,Noida,0,0
Instapizza,"DLF Mall of India, Sector 18,  Noida","Pizza, Fast Food",2,900.0,INR,3.7,214,3.598,India,Noida,0,1
Keventers,"DLF Mall of India, Sector 18,  Noida",Beverages,1,400.0,INR,3.8,169,3.654,India,Noida,0,0
Pirates of Grill,"DLF Mall of India, Sector 18,  Noida","North Indian, Continental, Mughlai, Asian",3,1800.0,INR,3.9,749,3.854,India,Noida,0,0
Pizza Hut,"DLF Mall of India, Sector 18,  Noida","Italian, Pizza, Fast Food",3,1000.0,INR,3.9,173,3.734,India,Noida,0,0
PizzaExpress,"DLF Mall of India, Sector 18,  Noida","Italian, Pizza",3,1600.0,INR,3.9,366,3.811,India,Noida,1,1
RollsKing,"DLF Mall of India, Sector 18,  Noida",Fast Food,1,400.0,INR,3.9,232,3.769,India,Noida,0,0
Taco Bell,"DLF Mall of India, Sector 18,  Noida","Mexican, Fast Food",2,550.0,INR,3.6,397,3.551,India,Noida,0,1
The Frozen Factory,"DLF Mall of India, Sector 18,  Noida","Ice Cream, Desserts",1,350.0,INR,3.7,22,3.325,India,Noida,0,0
Theos,"DLF Mall of India, Sector 18,  Noida","Bakery, Desserts",2,500.0,INR,3.5,13,3.23,India,Noida,0,0
Wendy's,"DLF Mall of India, Sector 18,  Noida","Burger, Fast Food",1,400.0,INR,3.7,518,3.652,India,Noida,0,1
Zizo,"DLF Mall of India, Sector 18,  Noida","Lebanese, Mediterranean, Middle Eastern, Arabian",3,1600.0,INR,3.8,67,3.526,India,Noida,1,1
Cafe Delhi Heights,"DLF Mall of India, Sector 18,  Noida","Continental, American, Cafe",3,1500.0,INR,4.1,567,4.024,India,Noida,1,0
Chili's Grill & Bar,"DLF Mall of India, Sector 18,  Noida","Mexican, American, Italian",3,1500.0,INR,4.1,750,4.041,India,Noida,1,1
Made In Punjab,"DLF Mall of India, Sector 18,  Noida","North Indian, Mughlai",3,1500.0,INR,4.1,322,3.974,India,Noida,1,0
Mamagoto,"DLF Mall of India, Sector 18,  Noida","Asian, Thai, Chinese",3,1600.0,INR,4.3,428,4.181,India,Noida,1,1
Movenpick,"DLF Mall of India, Sector 18,  Noida","Ice Cream, Desserts",2,650.0,INR,4.0,91,3.702,India,Noida,0,1
Smaaash,"DLF Mall of India, Sector 18,  Noida","North Indian, Thai, Continental",3,1350.0,INR,4.0,121,3.754,India,Noida,0,0
SodaBottleOpenerWala,"DLF Mall of India, Sector 18,  Noida","Parsi, Iranian",3,1300.0,INR,4.0,617,3.937,India,Noida,0,0
The Bento Cafe,"DLF Mall of India, Sector 18,  Noida","Asian, Chinese, Japanese",2,750.0,INR,4.2,316,4.058,India,Noida,0,1
Earthen Oven - Fortune Inn Grazia,"Fortune Inn Grazia, Sector 27, Noida","North Indian, Mughlai",3,1500.0,INR,3.4,67,3.297,India,Noida,1,0
Fortune Deli -  Fortune Inn Grazia,"Fortune Inn Grazia, Sector 27, Noida",Chinese,4,2000.0,INR,3.2,27,3.174,India,Noida,1,0
Cafe Pipa,"Ganga Shopping Complex, Sector 29",Cafe,1,350.0,INR,3.4,96,3.318,India,Noida,0,0
Cook Du Kdu,"Ganga Shopping Complex, Sector 29","North Indian, Chinese, Mughlai",2,650.0,INR,3.1,112,3.118,India,Noida,0,1
Green Chick Chop,"Ganga Shopping Complex, Sector 29","Raw Meats, North Indian, Fast Food",1,350.0,INR,2.6,12,3.051,India,Noida,0,1
New Vishal's Kitchen,"Ganga Shopping Complex, Sector 29","North Indian, Chinese",2,600.0,INR,2.5,24,2.946,India,Noida,0,0
Samarkand,"Ganga Shopping Complex, Sector 29","North Indian, Mughlai, Chinese",3,1500.0,INR,3.3,129,3.261,India,Noida,1,1
Mirchievous,"Ganga Shopping Complex, Sector 29",North Indian,2,650.0,INR,3.9,44,3.506,India,Noida,0,1
Pearls Regency,"Ganga Shopping Complex, Sector 29","North Indian, Chinese, Thai",3,1200.0,INR,3.7,330,3.629,India,Noida,0,0
Imperfecto,"Gardens Galleria, Sector 38 Noida","Mediterranean, Italian, Continental, Spanish, North Indian",3,1800.0,INR,3.4,299,3.366,India,Noida,1,0
Chaayos,"Gardens Galleria, Sector 38 Noida","Cafe, Tea",1,400.0,INR,3.6,46,3.371,India,Noida,0,1
Dunkin' Donuts,"Gardens Galleria, Sector 38 Noida","Burger, Desserts, Fast Food",2,600.0,INR,3.7,481,3.649,India,Noida,0,1
The Smoke Factory,"Gardens Galleria, Sector 38 Noida","North Indian, Italian, Chinese",4,2000.0,INR,3.8,240,3.69,India,Noida,1,0
Turquoise Cottage - TC Original 1997,"Gardens Galleria, Sector 38 Noida","Continental, American, Italian, Mediterranean",3,1900.0,INR,3.8,240,3.69,India,Noida,1,0
Laat Saab,"Gardens Galleria, Sector 38 Noida","North Indian, Mughlai",3,1300.0,INR,4.1,111,3.808,India,Noida,1,1
Starbucks,"Gardens Galleria, Sector 38 Noida",Cafe,2,700.0,INR,4.0,59,3.615,India,Noida,0,0
Aim Cafe And Restaurant,Greater Noida,"Japanese, Sushi",3,1200.0,INR,3.3,19,3.198,India,Noida,1,0
Al-Swad,Greater Noida,"North Indian, Chinese",1,400.0,INR,2.5,6,3.089,India,Noida,0,1
Anands,Greater Noida,"Chinese, North Indian",2,500.0,INR,2.6,36,2.925,India,Noida,0,1
Bansiwala Restaurant,Greater Noida,North Indian,1,200.0,INR,2.5,4,3.111,India,Noida,0,1
Cafe Coffee Day,Greater Noida,Cafe,1,450.0,INR,2.8,24,3.043,India,Noida,0,0
Food Tamasha & Co.,Greater Noida,North Indian,2,600.0,INR,3.2,24,3.173,India,Noida,0,1
Grand Heritage Resort,Greater Noida,"North Indian, Chinese",2,800.0,INR,3.1,17,3.144,India,Noida,1,0
Green Chick Chop,Greater Noida,"Raw Meats, North Indian, Fast Food",1,350.0,INR,3.2,20,3.171,India,Noida,0,0
Kafe Republic,Greater Noida,Fast Food,1,300.0,INR,3.1,37,3.134,India,Noida,0,1
Kar C Lounge & Restaurant,Greater Noida,"Cafe, North Indian, Italian, Chinese",2,600.0,INR,2.8,16,3.072,India,Noida,0,0
Kolkata Roll Point,Greater Noida,Fast Food,1,100.0,INR,2.8,9,3.105,India,Noida,0,0
Royal Awadh,Greater Noida,"North Indian, Mughlai",2,500.0,INR,3.0,9,3.135,India,Noida,0,1
Royal Rasoi,Greater Noida,"North Indian, Mughlai",2,600.0,INR,2.8,21,3.053,India,Noida,0,0
Royale Bakers,Greater Noida,"Bakery, Fast Food, Desserts",1,250.0,INR,2.8,18,3.064,India,Noida,0,1
Sahi Darbar,Greater Noida,"North Indian, Chinese",1,400.0,INR,2.6,12,3.051,India,Noida,0,1
Taco Street,Greater Noida,Fast Food,2,500.0,INR,2.9,4,3.14,India,Noida,0,0
The Noodle Co,Greater Noida,"Thai, Chinese",2,900.0,INR,3.1,8,3.151,India,Noida,1,0
Veg Always,Greater Noida,"North Indian, Chinese",2,600.0,INR,2.7,25,3.006,India,Noida,0,1
Yu Turn,Greater Noida,"North Indian, Chinese, Thai",3,1000.0,INR,2.9,43,3.04,India,Noida,1,1
Zaika,Greater Noida,"North Indian, Mughlai, Chinese",2,600.0,INR,2.5,10,3.05,India,Noida,0,0
Zaika,Greater Noida,"North Indian, Mughlai",2,600.0,INR,2.8,50,2.98,India,Noida,0,0
Domino's Pizza,Greater Noida,"Pizza, Fast Food",2,700.0,INR,3.5,56,3.339,India,Noida,0,0
Night Food Service,Greater Noida,"Fast Food, North Indian, Chinese",1,350.0,INR,3.8,80,3.554,India,Noida,0,0
Uncle's Patty,Greater Noida,Fast Food,2,500.0,INR,3.5,28,3.282,India,Noida,0,0
Desi Galli,"Harsha Mall, Greater Noida","North Indian, Chinese",2,500.0,INR,2.9,55,3.024,India,Noida,0,1
Mr. Flavour,"Harsha Mall, Greater Noida","North Indian, Chinese",2,500.0,INR,2.7,10,3.083,India,Noida,0,1
Wah Ji Wah,"Harsha Mall, Greater Noida",North Indian,1,300.0,INR,3.1,16,3.145,India,Noida,0,0
Indian Diners,"Hotel Golf View, Sector 37, Noida","North Indian, Chinese, Continental",3,1300.0,INR,3.0,7,3.14,India,Noida,1,0
Gravity,"Jaipuria Plaza, Sector 26, Noida","Chinese, Mughlai, North Indian",3,1000.0,INR,2.6,192,2.716,India,Noida,1,1
Kolkata Biryani House,"Jaipuria Plaza, Sector 26, Noida","North Indian, Mughlai, Biryani",2,500.0,INR,2.8,109,2.913,India,Noida,0,1
Rotees n More,"Jaipuria Plaza, Sector 26, Noida","North Indian, Chinese",1,350.0,INR,3.2,49,3.18,India,Noida,0,1
Saleem's Takeaway,"Jaipuria Plaza, Sector 26, Noida","North Indian, Mughlai, Chinese",2,600.0,INR,2.6,44,2.898,India,Noida,0,0
Sikandrabadi Biryani,"Jaipuria Plaza, Sector 26, Noida","Biryani, North Indian",1,400.0,INR,3.4,29,3.248,India,Noida,0,1
Wok N Spice,"Jaipuria Plaza, Sector 26, Noida","Chinese, Fast Food",1,300.0,INR,3.1,21,3.142,India,Noida,0,0
Zaika Hindustani,"Jaipuria Plaza, Sector 26, Noida","Mughlai, North Indian, Chinese",2,600.0,INR,2.7,33,2.977,India,Noida,0,0
Chanda Food,"Jaipuria Plaza, Sector 26, Noida",Chinese,1,350.0,INR,3.6,97,3.45,India,Noida,0,0
Chhote Nawab,"Jaipuria Plaza, Sector 26, Noida",Lucknowi,1,250.0,INR,3.5,24,3.27,India,Noida,0,1
Delish BBQ,"Jaipuria Plaza, Sector 26, Noida","North Indian, Chinese, Thai",2,500.0,INR,3.9,40,3.489,India,Noida,0,1
Goli Vada Pav No. 1,"Jaipuria Plaza, Sector 26, Noida",Street Food,1,150.0,INR,3.6,280,3.533,India,Noida,0,1
Happy Hakka,"Jaipuria Plaza, Sector 26, Noida","Chinese, Asian, Thai",2,650.0,INR,3.6,582,3.565,India,Noida,0,1
Baker's Studio - Jaypee Greens,"Jaypee Greens Golf & Spa Resort, Surajpur",Bakery,3,1000.0,INR,3.4,29,3.248,India,Noida,0,0
Matrix - Jaypee Greens,"Jaypee Greens Golf & Spa Resort, Surajpur",Finger Food,4,2000.0,INR,3.2,20,3.171,India,Noida,1,0
Tea Lounge - Jaypee Greens,"Jaypee Greens Golf & Spa Resort, Surajpur",Cafe,2,900.0,INR,2.9,14,3.103,India,Noida,0,0
Paatra - Jaypee Greens,"Jaypee Greens Golf & Spa Resort, Surajpur",North Indian,4,3500.0,INR,3.5,79,3.368,India,Noida,1,0
Cooks Cafe - Jaypee Greens,"Jaypee Greens, Greater Noida, Noida","Continental, North Indian",3,1500.0,INR,3.3,29,3.211,India,Noida,1,0
Burger King,"Logix City Centre, Sector 32, Noida","Burger, Fast Food",2,500.0,INR,3.3,14,3.19,India,Noida,0,1
Cafe Pitacos,"Logix City Centre, Sector 32, Noida","Continental, Mexican, Mediterranean",2,600.0,INR,3.0,18,3.117,India,Noida,0,1
Cinnabon & Auntie Anne's,"Logix City Centre, Sector 32, Noida","Desserts, Beverages",2,500.0,INR,3.1,6,3.153,India,Noida,0,0
Cocoberry,"Logix City Centre, Sector 32, Noida",Desserts,1,300.0,INR,3.4,16,3.218,India,Noida,0,0
Hakka Haus,"Logix City Centre, Sector 32, Noida","Chinese, Thai",2,950.0,INR,3.2,6,3.164,India,Noida,0,0
Kebab Xpress,"Logix City Centre, Sector 32, Noida","North Indian, Mughlai",2,600.0,INR,2.9,7,3.128,India,Noida,0,0
KFC,"Logix City Centre, Sector 32, Noida","American, Fast Food, Burger",2,500.0,INR,2.5,15,3.007,India,Noida,0,1
Mad Over Donuts,"Logix City Centre, Sector 32, Noida",Desserts,1,450.0,INR,3.2,13,3.168,India,Noida,0,1
Ni Hao,"Logix City Centre, Sector 32, Noida",Chinese,2,700.0,INR,3.0,10,3.133,India,Noida,0,0
Pizza Hut,"Logix City Centre, Sector 32, Noida","Italian, Pizza, Fast Food",3,1000.0,INR,2.6,7,3.091,India,Noida,0,0
Subway,"Logix City Centre, Sector 32, Noida","American, Fast Food, Salad, Healthy Food",2,500.0,INR,2.6,5,3.109,India,Noida,0,1
Time To Tea,"Logix City Centre, Sector 32, Noida","Tea, Fast Food",1,350.0,INR,2.8,5,3.127,India,Noida,0,0
Vaango!,"Logix City Centre, Sector 32, Noida",South Indian,1,450.0,INR,2.8,6,3.121,India,Noida,0,0
Biryani Blues,"Logix City Centre, Sector 32, Noida","Biryani, Hyderabadi",3,1000.0,INR,3.5,18,3.25,India,Noida,0,0
Jungle Jamboree,"Logix City Centre, Sector 32, Noida","North Indian, Continental, Chinese, Italian, Thai, Mughlai",3,1200.0,INR,3.8,46,3.466,India,Noida,0,0
Keventers,"Logix City Centre, Sector 32, Noida",Beverages,1,400.0,INR,3.5,34,3.297,India,Noida,0,0
Pita Pit,"Logix City Centre, Sector 32, Noida","Healthy Food, Salad",2,600.0,INR,3.6,20,3.285,India,Noida,0,1
Chicago Pizza,"Logix City Centre, Sector 32, Noida",Pizza,2,600.0,INR,2.3,8,3.041,India,Noida,0,1
Mr. Sub,"Logix City Centre, Sector 32, Noida",Fast Food,1,400.0,INR,2.3,27,2.858,India,Noida,0,1
Flluid - Mosaic Hotels,"Mosaic Hotels, Sector 18, Noida ","Continental, North Indian, Mexican",4,2200.0,INR,3.2,135,3.189,India,Noida,1,0
Latitude - Mosaic Hotels,"Mosaic Hotels, Sector 18, Noida ","North Indian, Chinese",3,1700.0,INR,3.3,61,3.237,India,Noida,1,0
Baker's Zone,"MSX Mall, Greater Noida",Bakery,1,200.0,INR,2.9,9,3.12,India,Noida,0,1
Chakna,"MSX Mall, Greater Noida","North Indian, Chinese",1,450.0,INR,2.7,5,3.118,India,Noida,0,1
Get Set Go,"MSX Mall, Greater Noida","North Indian, Chinese, Continental",2,800.0,INR,3.1,5,3.154,India,Noida,0,0
Sip & Snacks,"MSX Mall, Greater Noida","Chinese, North Indian",2,550.0,INR,3.2,6,3.164,India,Noida,0,1
The Anna,"MSX Mall, Greater Noida","Chinese, South Indian, Fast Food",1,400.0,INR,2.8,19,3.061,India,Noida,0,1
Kathi Junction,"MSX Mall, Greater Noida",Fast Food,1,400.0,INR,3.5,83,3.372,India,Noida,0,1
Cakewalk - Park Plaza,"Park Plaza Hotel, Sector 55, Noida",Bakery,2,500.0,INR,3.4,25,3.24,India,Noida,0,0
New Town Lounge - Park Plaza,"Park Plaza Hotel, Sector 55, Noida",Continental,4,2000.0,INR,3.2,32,3.175,India,Noida,1,0
New Town Cafe - Park Plaza,"Park Plaza Hotel, Sector 55, Noida","Continental, Chinese, North Indian",4,2800.0,INR,4.1,228,3.931,India,Noida,1,0
S-18 - Radisson Blu,"Radisson Blu, Sector 18, Noida","Mediterranean, Continental, North Indian, Italian",4,3200.0,INR,3.5,218,3.436,India,Noida,1,0
Chip Chap Shahi Corner,Sector 10,North Indian,1,200.0,INR,2.9,12,3.109,India,Noida,0,0
Mother's Kitchen,Sector 10,North Indian,1,100.0,INR,2.9,6,3.132,India,Noida,0,0
TBH  To Be Healthy,Sector 10,"Juices, Healthy Food",2,500.0,INR,4.0,76,3.667,India,Noida,0,1
Mehfill,Sector 11,"North Indian, Chinese, Mughlai",2,600.0,INR,2.7,90,2.864,India,Noida,0,1
Punjabi Pakwaan,Sector 11,"North Indian, Chinese",2,800.0,INR,3.3,34,3.216,India,Noida,1,1
Santushti,Sector 11,"South Indian, North Indian, Chinese",1,300.0,INR,2.6,70,2.833,India,Noida,0,1
Uncle's,Sector 11,"North Indian, Mughlai, Chinese",2,600.0,INR,3.4,190,3.35,India,Noida,0,1
Cafe Limelight,Sector 11,"Cafe, North Indian, Italian",2,900.0,INR,3.7,38,3.393,India,Noida,0,1
Alley's Urbane Cafe,Sector 110,"Cafe, Italian, Chinese",1,400.0,INR,3.2,33,3.176,India,Noida,0,0
Backstreet Kitchen,Sector 110,"North Indian, Mughlai, Chinese",2,500.0,INR,3.4,33,3.255,India,Noida,0,1
Berco's,Sector 110,"Chinese, Thai",3,1100.0,INR,3.1,9,3.151,India,Noida,1,0
Breaktym,Sector 110,"North Indian, Mughlai",1,400.0,INR,2.6,11,3.059,India,Noida,0,1
Chawla's 2,Sector 110,"North Indian, Mughlai, Chinese",3,1400.0,INR,2.5,12,3.032,India,Noida,0,1
Chicken Kraft,Sector 110,"North Indian, Chinese",1,400.0,INR,2.9,4,3.14,India,Noida,0,0
Chinese By Nature,Sector 110,Chinese,1,400.0,INR,2.9,19,3.088,India,Noida,0,0
DV's Chinese Kitchen,Sector 110,Chinese,1,300.0,INR,2.8,10,3.1,India,Noida,0,0
Evergreen Sweets,Sector 110,"Mithai, Street Food",1,200.0,INR,2.6,16,3.024,India,Noida,0,0
Green Chick Chop,Sector 110,"Raw Meats, Fast Food, North Indian",1,350.0,INR,2.9,7,3.128,India,Noida,0,0
Hyderabad Delights,Sector 110,"North Indian, Mughlai, Hyderabadi",1,400.0,INR,3.3,13,3.189,India,Noida,0,0
Kabab And Tadka,Sector 110,North Indian,2,600.0,INR,2.5,36,2.884,India,Noida,0,1
Kanha Bhog,Sector 110,"Mithai, Street Food",1,150.0,INR,2.6,26,2.968,India,Noida,0,0
Mezbaan Jaika Restaurant,Sector 110,"Biryani, North Indian, Fast Food",2,500.0,INR,2.7,18,3.038,India,Noida,0,0
Pind Balluchi,Sector 110,"Biryani, North Indian, Mughlai",3,1000.0,INR,2.6,26,2.968,India,Noida,0,1
Red Capsicum,Sector 110,North Indian,2,500.0,INR,2.6,25,2.973,India,Noida,0,1
Singh Foods,Sector 110,"North Indian, Mughlai",2,700.0,INR,3.2,7,3.165,India,Noida,0,1
Sparrows At Home Bakery & Cafe,Sector 110,"Cafe, Bakery",2,500.0,INR,3.3,13,3.189,India,Noida,0,0
The New Koyla Kitchen,Sector 110,"North Indian, Chinese",2,600.0,INR,2.7,36,2.967,India,Noida,0,1
They_,Sector 110,"North Indian, Mughlai, Chinese",2,800.0,INR,3.4,13,3.209,India,Noida,0,1
Your Spicy Kitchen,Sector 110,"Mughlai, Continental, Chinese",2,800.0,INR,3.1,8,3.151,India,Noida,1,0
Yumm Biryani,Sector 110,"Biryani, Mughlai",2,550.0,INR,3.2,27,3.174,India,Noida,0,1
Aureo Dine & Bake House,Sector 110,"North Indian, Chinese, Continental",3,1000.0,INR,3.5,367,3.459,India,Noida,1,1
Being Truckers,Sector 110,Fast Food,2,550.0,INR,3.8,99,3.585,India,Noida,0,1
China Leaf,Sector 110,"Chinese, Thai",2,650.0,INR,3.7,115,3.536,India,Noida,0,1
Mera Vala Dabba,Sector 110,North Indian,1,400.0,INR,3.6,18,3.276,India,Noida,0,1
Moti Mahal Delux- Legendary Culinary,Sector 110,"North Indian, Mughlai",2,900.0,INR,3.6,72,3.42,India,Noida,0,1
Noshh,Sector 110,North Indian,2,850.0,INR,3.6,56,3.392,India,Noida,0,1
Tadqa Tandoor Express,Sector 110,"North Indian, Mughlai",2,750.0,INR,3.6,108,3.461,India,Noida,0,1
The Kebab Company,Sector 110,"Fast Food, North Indian",1,400.0,INR,3.5,21,3.26,India,Noida,0,1
Domino's Pizza,Sector 110,"Pizza, Fast Food",2,700.0,INR,2.1,84,2.495,India,Noida,0,0
Kamboj's,Sector 110,"North Indian, Mughlai, Chinese",2,800.0,INR,2.4,76,2.701,India,Noida,1,1
Pizza Hut Delivery,Sector 110,"Italian, Pizza",2,800.0,INR,2.3,94,2.598,India,Noida,0,1
Subway,Sector 110,"American, Fast Food, Salad, Healthy Food",2,500.0,INR,2.4,51,2.776,India,Noida,0,0
The Cake Expert's,Sector 110,"Bakery, Desserts, Fast Food",1,250.0,INR,2.4,63,2.736,India,Noida,0,1
The Saffron Boutique,Sector 110,"North Indian, Chinese",2,800.0,INR,4.0,175,3.813,India,Noida,1,0
Aggarwal Kachori Wale,Sector 12,North Indian,1,100.0,INR,3.0,9,3.135,India,Noida,0,0
Bakes & Cakes,Sector 12,Bakery,1,250.0,INR,3.0,5,3.145,India,Noida,0,1
Burger's Kitchen,Sector 12,Fast Food,1,350.0,INR,2.8,31,3.022,India,Noida,0,0
Jhatpat Khana,Sector 12,North Indian,1,400.0,INR,3.0,7,3.14,India,Noida,0,0
Mahi Rasoi,Sector 12,North Indian,2,500.0,INR,2.6,34,2.933,India,Noida,0,1
Night Safari Cafe,Sector 12,Fast Food,1,300.0,INR,3.0,4,3.148,India,Noida,0,0
Saheb's Restaurant,Sector 12,"North Indian, Chinese, Mughlai, Fast Food",2,550.0,INR,2.7,26,3.002,India,Noida,0,0
Scrummy Bites,Sector 12,"North Indian, Chinese",1,350.0,INR,3.1,30,3.137,India,Noida,0,1
Berco's,Sector 12,"Chinese, Thai",3,1100.0,INR,3.7,1182,3.678,India,Noida,0,1
Aggarwal Sweet Shop,Sector 12,"Mithai, Street Food",1,150.0,INR,2.3,15,2.961,India,Noida,0,1
Hungry - I,Sector 125,"Cafe, Italian, Continental, Chinese",1,450.0,INR,2.6,26,2.968,India,Noida,0,1
Oh Buoy,Sector 125,"Mexican, Italian, Fast Food",2,550.0,INR,3.4,55,3.286,India,Noida,0,0
Caffeinated,Sector 125,Beverages,1,200.0,INR,3.9,64,3.575,India,Noida,0,0
Sam and Scrooge,Sector 125,"Continental, Mexican, American, Fast Food, Italian, Chinese",2,550.0,INR,3.9,132,3.697,India,Noida,0,1
Tpot,Sector 125,Cafe,1,400.0,INR,3.6,20,3.285,India,Noida,0,1
Aroma,Sector 132,"South Indian, North Indian, Street Food",1,300.0,INR,3.0,4,3.148,India,Noida,0,0
Bawarchi,Sector 132,"North Indian, Mughlai, Fast Food",1,450.0,INR,2.9,5,3.136,India,Noida,0,0
Book Food Kitchen,Sector 132,"North Indian, Chinese",1,400.0,INR,3.1,19,3.143,India,Noida,0,1
Breaktym,Sector 132,"North Indian, Mughlai",1,400.0,INR,2.5,6,3.089,India,Noida,0,1
Chaska By Taste,Sector 132,"North Indian, Chinese",2,600.0,INR,2.9,4,3.14,India,Noida,0,0
Domino's Pizza,Sector 132,"Pizza, Fast Food",2,700.0,INR,2.5,27,2.928,India,Noida,0,0
Grill King,Sector 132,"North Indian, Chinese",1,400.0,INR,3.0,4,3.148,India,Noida,0,0
Moti Mahal Deluxe Advant,Sector 132,"North Indian, Mughlai",3,1400.0,INR,2.8,7,3.115,India,Noida,0,0
Rolling Beans,Sector 132,North Indian,1,200.0,INR,2.8,9,3.105,India,Noida,0,1
RollsKing,Sector 132,Fast Food,1,400.0,INR,3.2,19,3.171,India,Noida,0,0
SnacksWale.com,Sector 132,"North Indian, Fast Food",1,400.0,INR,2.8,8,3.11,India,Noida,0,0
Subway,Sector 132,"American, Fast Food, Salad, Healthy Food",2,500.0,INR,2.6,13,3.044,India,Noida,0,1
Super Cake Shop,Sector 132,"Bakery, Desserts",1,300.0,INR,2.9,6,3.132,India,Noida,0,0
DIOS The Neighbourhood Bistro,Sector 132,"Continental, Fast Food, Italian",3,1300.0,INR,4.2,108,3.871,India,Noida,1,0
Cake n Flower,Sector 15,Bakery,1,150.0,INR,2.9,7,3.128,India,Noida,0,0
Dilli 6,Sector 15,"North Indian, Chinese",2,500.0,INR,2.8,84,2.934,India,Noida,0,1
Food Bell,Sector 15,"North Indian, South Indian",1,400.0,INR,2.8,6,3.121,India,Noida,0,0
Kalpana Hotel,Sector 15,North Indian,1,200.0,INR,2.9,4,3.14,India,Noida,0,0
Sagar Dhaba,Sector 15,North Indian,1,350.0,INR,3.1,27,3.139,India,Noida,0,0
Shree Balaji Shudh Vaishno Hotel,Sector 15,North Indian,1,150.0,INR,2.9,5,3.136,India,Noida,0,0
Shree Rathnam,Sector 15,"South Indian, North Indian, Chinese",2,800.0,INR,3.3,57,3.234,India,Noida,1,1
Simran's Cake Studio,Sector 15,Bakery,1,250.0,INR,3.4,23,3.235,India,Noida,0,0
Sweet Cake,Sector 15,Bakery,1,300.0,INR,3.0,10,3.133,India,Noida,0,0
The Cake Xpress,Sector 15,"Bakery, Desserts",1,250.0,INR,3.0,43,3.086,India,Noida,0,1
The Chef,Sector 15,"North Indian, Mughlai, Chinese, Fast Food",2,500.0,INR,2.7,8,3.096,India,Noida,0,0
The Flying Pan,Sector 15,"North Indian, Fast Food",1,400.0,INR,3.2,12,3.167,India,Noida,0,0
Wrapster,Sector 15,Fast Food,1,200.0,INR,3.2,48,3.179,India,Noida,0,0
Getafix Petit,Sector 15,"Healthy Food, Juices",2,700.0,INR,3.5,14,3.234,India,Noida,0,1
Lawn Bistro,Sector 15,"North Indian, Chinese, Thai, Continental",3,1500.0,INR,3.6,328,3.542,India,Noida,1,1
Barista,Sector 16,Cafe,2,650.0,INR,2.9,22,3.08,India,Noida,0,0
Divine Curries,Sector 16,"North Indian, Chinese, South Indian",2,700.0,INR,3.0,31,3.099,India,Noida,0,1
Moon Bite,Sector 16,"North Indian, Chinese",1,300.0,INR,3.3,13,3.189,India,Noida,0,1
Subway,Sector 16,"American, Fast Food, Salad, Healthy Food",2,500.0,INR,3.4,55,3.286,India,Noida,0,0
Hurry's Paratha,Sector 16,North Indian,1,200.0,INR,3.5,45,3.321,India,Noida,0,1
McDonald's,Sector 16,"Fast Food, Burger",2,500.0,INR,3.7,135,3.554,India,Noida,0,1
Barbeque Nation,Sector 16,"North Indian, Chinese, Mediterranean",3,1600.0,INR,4.3,1670,4.267,India,Noida,0,0
Aggarwal,Sector 18,"South Indian, Chinese, Street Food, Mithai",1,400.0,INR,3.3,61,3.237,India,Noida,0,1
Anchor Bar & Kitchen,Sector 18,"North Indian, Chinese",3,1300.0,INR,2.5,106,2.711,India,Noida,1,0
Basil Tree,Sector 18,"Italian, North Indian, Chinese",3,1200.0,INR,3.4,431,3.375,India,Noida,1,1
Bon Bon Pastry Shop,Sector 18,"Bakery, Desserts, Fast Food",1,150.0,INR,3.1,213,3.111,India,Noida,0,0
BSGulati's Punjabi Swad,Sector 18,"North Indian, Mughlai",2,700.0,INR,2.5,357,2.581,India,Noida,0,1
Cafe-18,Sector 18,Fast Food,1,250.0,INR,2.5,103,2.716,India,Noida,0,0
Chandni Chowk Ke Mashhoor Paranthe,Sector 18,North Indian,1,100.0,INR,2.8,30,3.025,India,Noida,0,0
Cheenos,Sector 18,"American, Italian",3,1500.0,INR,2.6,521,2.649,India,Noida,1,0
Gola Sizzlers,Sector 18,"Chinese, North Indian, Mughlai, Continental",3,1600.0,INR,3.3,198,3.272,India,Noida,1,0
Hira Sweets,Sector 18,"Mithai, North Indian, South Indian, Street Food, Chinese",2,600.0,INR,3.3,36,3.218,India,Noida,0,0
Karim's,Sector 18,"Mughlai, North Indian",3,1200.0,INR,3.3,446,3.286,India,Noida,1,0
KFC,Sector 18,"American, Fast Food, Burger",2,500.0,INR,2.7,608,2.735,India,Noida,0,1
Khan's Kathi Rolls,Sector 18,"North Indian, Street Food",1,400.0,INR,3.2,76,3.184,India,Noida,0,0
Nathu's Sweets,Sector 18,"North Indian, South Indian, Chinese, Street Food, Fast Food, Mithai, Desserts",2,600.0,INR,2.5,211,2.626,India,Noida,0,1
Nawabi Mughlai Zaika,Sector 18,"North Indian, Mughlai",2,600.0,INR,3.3,19,3.198,India,Noida,0,1
Nite Bites,Sector 18,"North Indian, Chinese, Continental",2,650.0,INR,3.4,68,3.298,India,Noida,0,1
Nizam's Kathi Kabab,Sector 18,"North Indian, Fast Food",2,900.0,INR,3.0,139,3.042,India,Noida,0,1
NSD Resto Bar & Kitchen,Sector 18,"North Indian, Chinese, Continental",3,1000.0,INR,2.6,19,3.006,India,Noida,1,0
PS Wah Bhai Wah,Sector 18,"North Indian, Chinese",2,700.0,INR,2.6,89,2.801,India,Noida,0,1
Sagar Ratna,Sector 18,"South Indian, North Indian, Chinese",2,600.0,INR,3.2,277,3.194,India,Noida,0,1
Sbarro,Sector 18,"Pizza, Italian",2,600.0,INR,3.3,97,3.252,India,Noida,0,1
Swag & Swad,Sector 18,"North Indian, Chinese, Mughlai",2,600.0,INR,3.4,19,3.226,India,Noida,0,1
The Fizz,Sector 18,"North Indian, Mughlai, Chinese",3,1400.0,INR,3.2,80,3.184,India,Noida,1,1
The Kitchen,Sector 18,"North Indian, Mughlai",1,350.0,INR,3.2,47,3.179,India,Noida,0,1
Twenty Four Seven,Sector 18,"Fast Food, North Indian",1,300.0,INR,3.4,45,3.273,India,Noida,0,0
Vinny's Restro Bar,Sector 18,"North Indian, Chinese",3,1300.0,INR,3.2,37,3.177,India,Noida,1,0
Walk In The Woods,Sector 18,"North Indian, Mughlai, Chinese",3,1400.0,INR,3.0,203,3.032,India,Noida,1,1
Xiian,Sector 18,"Italian, Continental, North Indian, Chinese",3,1400.0,INR,3.4,286,3.364,India,Noida,1,1
Zest Bar and Lounge,Sector 18,"Finger Food, North Indian, Chinese",3,1000.0,INR,3.4,223,3.356,India,Noida,1,0
Angels in my Kitchen,Sector 18,"Bakery, Desserts, Fast Food",1,350.0,INR,3.9,205,3.755,India,Noida,0,1
Baby Dragon Bar & Restaurant,Sector 18,"North Indian, Continental, Thai, Chinese",3,1350.0,INR,3.5,326,3.455,India,Noida,1,1
Baker Street,Sector 18,"Bakery, Beverages, Fast Food",1,300.0,INR,3.6,40,3.355,India,Noida,0,1
Bamboo Shoots,Sector 18,"Chinese, Seafood, Asian",3,1600.0,INR,3.9,515,3.834,India,Noida,1,1
Bikanervala Bliss,Sector 18,"North Indian, Fast Food, Chinese",3,1200.0,INR,3.6,235,3.523,India,Noida,0,0
Bikanervala,Sector 18,"North Indian, South Indian, Fast Food, Street Food, Chinese, Beverages, Desserts, Mithai",2,550.0,INR,3.7,331,3.629,India,Noida,0,1
Bikkgane Biryani,Sector 18,"Biryani, North Indian, Hyderabadi",2,800.0,INR,3.8,612,3.752,India,Noida,1,1
Burbee's Cafe,Sector 18,"American, Italian, Chinese, North Indian, Cafe",2,900.0,INR,3.7,833,3.669,India,Noida,1,1
Cafe Coffee Day,Sector 18,Cafe,1,450.0,INR,3.6,125,3.474,India,Noida,0,1
Deez Biryani & Kebabs,Sector 18,"Biryani, North Indian, Mughlai",2,650.0,INR,3.5,430,3.465,India,Noida,0,1
Desi Vibes,Sector 18,"North Indian, Mughlai",3,1400.0,INR,3.8,2019,3.785,India,Noida,0,1
Dhaba at Atta,Sector 18,"North Indian, Mughlai",3,1000.0,INR,3.8,477,3.739,India,Noida,0,1
DND,Sector 18,"North Indian, Fast Food",1,350.0,INR,3.5,196,3.431,India,Noida,0,1
Domino's Pizza,Sector 18,"Pizza, Fast Food",2,700.0,INR,3.6,547,3.563,India,Noida,0,0
Donald's Pastry Shop,Sector 18,Bakery,1,300.0,INR,3.8,402,3.729,India,Noida,0,1
Doosri Mehfil,Sector 18,"North Indian, Chinese, Mughlai",2,950.0,INR,3.8,285,3.704,India,Noida,1,1
Fit Bites,Sector 18,Healthy Food,2,800.0,INR,3.8,154,3.643,India,Noida,0,1
Hungry Minister,Sector 18,"Continental, Mexican, Fast Food, Chinese",1,400.0,INR,3.5,147,3.414,India,Noida,0,1
Hurry's Paratha,Sector 18,"Pizza, North Indian",1,200.0,INR,3.5,47,3.325,India,Noida,0,1
Imly,Sector 18,"Street Food, Continental, South Indian, North Indian, Chinese",2,600.0,INR,3.9,204,3.754,India,Noida,0,0
Jambox,Sector 18,"Fast Food, Beverages",2,500.0,INR,3.6,30,3.325,India,Noida,0,1
LIT Ultrabar,Sector 18,"Continental, American, North Indian, Chinese",3,1550.0,INR,3.6,425,3.554,India,Noida,1,0
Mainland China,Sector 18,Chinese,3,1800.0,INR,3.7,743,3.666,India,Noida,1,1
McDonald's,Sector 18,Fast Food,2,500.0,INR,3.9,403,3.818,India,Noida,0,1
Metro Dhaba,Sector 18,"North Indian, Fast Food, Chinese, Biryani, Mughlai",2,500.0,INR,3.8,418,3.732,India,Noida,0,1
Nazeer Foods,Sector 18,"Mughlai, North Indian",2,600.0,INR,3.6,703,3.571,India,Noida,0,1
Our Story Bistro & Tea Room,Sector 18,"Cafe, Italian, Continental, Desserts",3,1000.0,INR,3.9,320,3.8,India,Noida,1,0
Paddy's Cafe,Sector 18,Cafe,2,800.0,INR,3.7,302,3.623,India,Noida,1,1
Popular Cakery,Sector 18,"Bakery, Desserts, Fast Food",2,500.0,INR,3.9,250,3.777,India,Noida,0,1
Punjabi By Nature,Sector 18,"North Indian, Mughlai",4,2000.0,INR,3.7,770,3.667,India,Noida,1,1
Sadda Adda,Sector 18,"Fast Food, Chinese, North Indian",1,300.0,INR,3.5,22,3.264,India,Noida,0,0
Subway,Sector 18,"American, Fast Food, Salad, Healthy Food",2,500.0,INR,3.8,268,3.699,India,Noida,0,1
Swagath,Sector 18,"North Indian, Chinese, South Indian, Seafood, Chettinad",3,1500.0,INR,3.6,415,3.553,India,Noida,1,0
TFK - The Flaming Kick,Sector 18,"North Indian, Asian, Continental",4,2350.0,INR,3.5,214,3.436,India,Noida,1,1
The Great Kabab Factory,Sector 18,"North Indian, Mughlai",4,2200.0,INR,3.5,540,3.471,India,Noida,1,0
The Patiala Kkitchen,Sector 18,North Indian,3,1600.0,INR,3.6,332,3.542,India,Noida,1,1
The Tandoori Village,Sector 18,"North Indian, Mughlai, Italian, Chinese",3,1500.0,INR,3.5,247,3.443,India,Noida,1,0
The Yellow Chilli,Sector 18,"North Indian, Mughlai",3,1600.0,INR,3.7,222,3.601,India,Noida,1,1
Top Breads,Sector 18,"Bakery, Fast Food",1,200.0,INR,3.5,420,3.464,India,Noida,0,1
Wat-a-Burger!,Sector 18,Fast Food,1,350.0,INR,3.6,324,3.541,India,Noida,0,1
Chawla's 2,Sector 18,"North Indian, Mughlai, Chinese, Fast Food",2,700.0,INR,2.2,81,2.566,India,Noida,0,1
Himalaya,Sector 18,North Indian,1,450.0,INR,2.3,31,2.831,India,Noida,0,1
Public Cafe,Sector 18,"Fast Food, Beverages",1,450.0,INR,2.1,74,2.527,India,Noida,0,1
RPM - Zanzi Bar,Sector 18,"Chinese, North Indian",4,2000.0,INR,2.4,103,2.648,India,Noida,1,0
Mad Over Donuts,Sector 18,Desserts,1,450.0,INR,4.2,235,4.017,India,Noida,0,1
RollsKing,Sector 18,Fast Food,1,300.0,INR,4.0,1055,3.962,India,Noida,0,0
Lumbini Food Point,Sector 19,Chinese,1,350.0,INR,2.8,18,3.064,India,Noida,0,0
Owlcity,Sector 19,Fast Food,1,400.0,INR,3.6,165,3.498,India,Noida,0,1
Anand Food Factory,Sector 2,"North Indian, Chinese",1,300.0,INR,2.9,4,3.14,India,Noida,0,0
Nirula's,Sector 2,"Fast Food, North Indian, Chinese, Desserts, Ice Cream",3,1100.0,INR,2.5,221,2.622,India,Noida,1,1
Snacks India,Sector 2,"North Indian, Chinese, South Indian",2,500.0,INR,3.6,103,3.456,India,Noida,0,1
Olive Kitchen,Sector 20,"North Indian, Chinese",2,500.0,INR,2.6,17,3.018,India,Noida,0,1
R Cafe,Sector 20,South Indian,1,400.0,INR,3.0,5,3.145,India,Noida,0,0
New Gee Pee,Sector 21,"Fast Food, Chinese",1,300.0,INR,3.3,27,3.209,India,Noida,0,0
Uncle's JVCC Restaurant,Sector 21,"North Indian, Chinese",2,600.0,INR,3.0,26,3.105,India,Noida,0,1
Hari Om Restaurant,Sector 22,North Indian,1,250.0,INR,3.0,10,3.133,India,Noida,0,0
Jain Restaurant,Sector 22,"North Indian, Chinese, South Indian",2,500.0,INR,3.0,7,3.14,India,Noida,0,1
Lajawab Family Restaurant,Sector 22,"North Indian, Chinese",1,450.0,INR,2.5,17,2.992,India,Noida,0,1
221 B Baker Street,Sector 25,Bakery,1,350.0,INR,3.4,102,3.321,India,Noida,0,1
Hunger's Hub,Sector 25,"North Indian, Chinese, Mughlai",2,550.0,INR,3.1,16,3.145,India,Noida,0,1
Lajwaab Restaurant,Sector 25,"North Indian, Chinese",2,500.0,INR,2.6,59,2.857,India,Noida,0,0
Republic of Chicken,Sector 25,"Raw Meats, Fast Food",1,400.0,INR,3.0,37,3.092,India,Noida,0,0
Super Cake Shop,Sector 26,"Bakery, Desserts",1,300.0,INR,2.5,4,3.111,India,Noida,0,1
Wakhra Swaad,Sector 26,"North Indian, Fast Food",2,500.0,INR,4.1,112,3.81,India,Noida,0,1
27 Grills,Sector 27,"North Indian, Chinese, Mughlai",2,600.0,INR,3.3,159,3.266,India,Noida,0,1
China Hot Pot,Sector 27,Chinese,1,400.0,INR,3.0,6,3.143,India,Noida,0,0
Himalaya Momos & Roll,Sector 27,"Chinese, Fast Food",1,200.0,INR,2.7,15,3.054,India,Noida,0,0
Hungry House Pizzas & More,Sector 27,"Pizza, Fast Food",2,600.0,INR,3.4,79,3.307,India,Noida,0,1
Khana Khajana Da Dhaba,Sector 27,North Indian,1,450.0,INR,2.9,5,3.136,India,Noida,0,0
M.P. Chole Tikki Wala,Sector 27,Street Food,1,150.0,INR,3.0,10,3.133,India,Noida,0,0
Maa Vaishno Shudh Bhojnalaya,Sector 27,North Indian,1,250.0,INR,3.1,8,3.151,India,Noida,0,0
More Than Caf,Sector 27,Fast Food,1,400.0,INR,3.0,5,3.145,India,Noida,0,0
Public Cafe,Sector 27,"Fast Food, Beverages",1,450.0,INR,2.6,13,3.044,India,Noida,0,1
Sadda Taste,Sector 27,"North Indian, Fast Food, Chinese",1,450.0,INR,3.1,12,3.148,India,Noida,0,0
Sati Restaurant,Sector 27,North Indian,1,200.0,INR,3.2,12,3.167,India,Noida,0,0
Super Cake Shop,Sector 27,Bakery,1,300.0,INR,2.8,8,3.11,India,Noida,0,1
Uncle's Punjabi Rasoi,Sector 27,North Indian,1,400.0,INR,2.9,7,3.128,India,Noida,0,0
Yours Deliciously,Sector 27,"Street Food, Beverages",1,350.0,INR,2.9,4,3.14,India,Noida,0,0
Captain Curry,Sector 27,"North Indian, Chinese",1,400.0,INR,3.6,19,3.281,India,Noida,0,1
Oh My Scoop!,Sector 27,"Ice Cream, Beverages",1,200.0,INR,3.5,23,3.267,India,Noida,0,0
Reena Restaurant,Sector 27,"Chinese, South Indian, North Indian",1,400.0,INR,3.5,57,3.341,India,Noida,0,0
Pizza Hut Delivery,Sector 27,"Italian, Pizza, Fast Food",2,800.0,INR,2.3,62,2.684,India,Noida,0,1
Wah Ji Wah,Sector 27,North Indian,2,500.0,INR,2.0,74,2.468,India,Noida,0,1
Chawla's Chic Inn,Sector 28,"North Indian, Mughlai",2,600.0,INR,2.8,58,2.966,India,Noida,0,1
Grill Point,Sector 28,Fast Food,1,200.0,INR,3.2,20,3.171,India,Noida,0,0
Hari Sweets,Sector 28,Mithai,1,100.0,INR,3.1,14,3.147,India,Noida,0,0
Sultanate of Spice,Sector 28,"North Indian, Mughlai",2,500.0,INR,2.9,43,3.04,India,Noida,0,1
Yamu's Panchayat,Sector 28,Street Food,1,100.0,INR,3.2,15,3.169,India,Noida,0,0
Debon,Sector 28,"Raw Meats, North Indian, Fast Food",1,400.0,INR,3.5,85,3.374,India,Noida,0,0
Hot & Sour,Sector 29,Chinese,1,300.0,INR,3.2,46,3.179,India,Noida,0,0
Open Kitchen,Sector 29,"North Indian, Mughlai",2,600.0,INR,3.0,12,3.129,India,Noida,0,1
Truffle Muffle,Sector 29,"Bakery, Desserts",1,300.0,INR,3.4,37,3.262,India,Noida,0,0
Go! Biryani,Sector 29,Biryani,2,500.0,INR,3.5,144,3.412,India,Noida,0,1
Tastee Chauka,Sector 29,North Indian,1,350.0,INR,3.7,31,3.366,India,Noida,0,0
Foodie,Sector 3,"North Indian, Chinese, Fast Food",2,500.0,INR,2.8,8,3.11,India,Noida,0,1
Lapaalap,Sector 3,North Indian,1,200.0,INR,3.0,5,3.145,India,Noida,0,0
Fresh Food Factory,Sector 3,"North Indian, Chinese",1,300.0,INR,3.9,140,3.705,India,Noida,0,0
Caff La Poya,Sector 30,"Cafe, Continental, Fast Food, Italian",2,600.0,INR,3.7,164,3.574,India,Noida,0,1
Elixir Health Caf,Sector 30,"Cafe, Healthy Food, Continental, Italian, Asian",2,800.0,INR,3.7,131,3.551,India,Noida,1,1
Radhey Foodz,Sector 31,North Indian,1,200.0,INR,3.0,4,3.148,India,Noida,0,0
The Kitchen,Sector 31,North Indian,2,600.0,INR,2.7,20,3.028,India,Noida,0,0
Uncle's Treat,Sector 31,Chinese,1,400.0,INR,3.1,5,3.154,India,Noida,0,0
Wow! Momo,Sector 31,Chinese,1,350.0,INR,2.6,32,2.941,India,Noida,0,0
KD's Hunger Point,Sector 31,"North Indian, Chinese",1,200.0,INR,3.7,49,3.427,India,Noida,0,0
Govinda's Restaurant,Sector 33,"North Indian, South Indian",1,300.0,INR,3.0,8,3.138,India,Noida,0,0
Not Just Dilli,Sector 33,Street Food,1,450.0,INR,3.2,15,3.169,India,Noida,0,0
RollsKing,Sector 33,Fast Food,1,400.0,INR,3.4,22,3.233,India,Noida,0,0
Chauhan Vatika,Sector 34,"North Indian, Mughlai, Chinese",2,500.0,INR,2.8,28,3.031,India,Noida,0,0
Frozen Stone,Sector 34,"Fast Food, Beverages",1,300.0,INR,3.1,4,3.155,India,Noida,0,0
Kavita's Restaurant,Sector 34,"North Indian, Mughlai, Chinese",2,550.0,INR,2.6,37,2.922,India,Noida,0,1
Mudrika Food Factory,Sector 34,"North Indian, Mughlai, Chinese",2,550.0,INR,2.5,20,2.971,India,Noida,0,0
Pind Balluchi,Sector 34,"North Indian, Chinese, Mughlai",2,900.0,INR,2.9,7,3.128,India,Noida,1,0
Zaffran- Ikshita's Kitchen,Sector 34,Kashmiri,1,300.0,INR,3.0,5,3.145,India,Noida,0,0
Chaayos,Sector 34,"Cafe, Tea",1,400.0,INR,3.6,18,3.276,India,Noida,0,1
Punjabi Tadka,Sector 34,"North Indian, Mughlai",1,450.0,INR,3.7,70,3.475,India,Noida,0,1
Heaven's Point,Sector 37,Fast Food,1,100.0,INR,3.0,6,3.143,India,Noida,0,0
Kamboj's,Sector 37,"North Indian, Mughlai, Chinese",2,800.0,INR,2.8,239,2.862,India,Noida,1,1
Mexican Pizza,Sector 37,"Pizza, Fast Food",2,500.0,INR,3.4,15,3.215,India,Noida,0,0
Shahenshah,Sector 37,"North Indian, Mughlai, Chinese",2,500.0,INR,2.9,7,3.128,India,Noida,0,1
Snack Chat,Sector 37,"Fast Food, Italian",2,500.0,INR,3.4,23,3.235,India,Noida,0,0
The Amazing Buger's,Sector 37,"Fast Food, Burger",1,400.0,INR,2.9,8,3.124,India,Noida,0,0
The Black Box,Sector 37,"North Indian, Continental",1,400.0,INR,3.1,6,3.153,India,Noida,0,1
Al Bake,Sector 37,"Fast Food, Chinese",1,450.0,INR,3.7,72,3.479,India,Noida,0,1
Asian Fun,Sector 37,Chinese,2,700.0,INR,3.8,113,3.604,India,Noida,0,1
Burnout,Sector 37,"Continental, Mexican, Italian",1,450.0,INR,3.6,111,3.463,India,Noida,0,1
Cafe Fusion,Sector 37,"Cafe, Fast Food",1,350.0,INR,3.7,68,3.471,India,Noida,0,1
Fit Bites,Sector 37,Healthy Food,2,800.0,INR,3.7,26,3.344,India,Noida,1,1
Go Krazy,Sector 37,"Italian, Fast Food",1,400.0,INR,3.5,27,3.279,India,Noida,0,0
Green Restaurant,Sector 37,"North Indian, Chinese, Mughlai",1,400.0,INR,3.6,47,3.373,India,Noida,0,1
Hunger Strike,Sector 37,"Fast Food, North Indian",1,400.0,INR,3.7,92,3.51,India,Noida,0,1
The Munchkart Cafe,Sector 37,"Fast Food, Chinese",1,350.0,INR,3.8,34,3.419,India,Noida,0,1
Thee Pot,Sector 37,"Cafe, Fast Food",1,400.0,INR,3.7,80,3.492,India,Noida,0,1
Waffles and Crepes,Sector 37,"Desserts, Beverages",1,250.0,INR,3.9,66,3.581,India,Noida,0,0
Bistro 37,Sector 37,"Fast Food, Chinese",1,400.0,INR,4.3,1005,4.246,India,Noida,0,0
Desi Swag,Sector 37,"North Indian, Mughlai",2,500.0,INR,4.3,96,3.909,India,Noida,0,1
Teasta,Sector 37,"Fast Food, Beverages",1,200.0,INR,4.1,632,4.031,India,Noida,0,0
Appu Ghar Express,Sector 38,"Fast Food, Chinese",1,400.0,INR,2.8,63,2.959,India,Noida,0,0
Barista,Sector 38,Cafe,2,650.0,INR,3.0,26,3.105,India,Noida,0,0
Burger King,Sector 38,"Burger, Fast Food",2,500.0,INR,3.2,13,3.168,India,Noida,0,1
Keventers,Sector 38,Beverages,1,400.0,INR,3.1,7,3.152,India,Noida,0,0
Kenny Rogers Roasters,Sector 38,American,3,1300.0,INR,3.7,53,3.438,India,Noida,1,0
McDonald's,Sector 38,"Fast Food, Burger",2,500.0,INR,3.5,53,3.335,India,Noida,0,0
Domino's Pizza,Sector 38,"Pizza, Fast Food",2,700.0,INR,2.4,70,2.717,India,Noida,0,0
Mr. Brown,Sector 38,"Bakery, Desserts, Fast Food",2,500.0,INR,4.0,183,3.82,India,Noida,0,1
Chef's Bar-Be-Que,Sector 39,"North Indian, Mughlai, Chinese",2,650.0,INR,3.4,69,3.299,India,Noida,0,1
Sen's Sational Xpress Kitchen,Sector 39,"North Indian, Mughlai",2,600.0,INR,3.0,7,3.14,India,Noida,0,1
Shanghai Dreams,Sector 39,Chinese,1,400.0,INR,3.0,4,3.148,India,Noida,0,0
InnerChef,Sector 4,"North Indian, South Indian, Italian, Continental, Mediterranean, Lebanese, Desserts",2,500.0,INR,3.3,10,3.183,India,Noida,0,1
F-all (Food for All),Sector 40,"North Indian, Chinese, Fast Food",1,400.0,INR,3.4,24,3.238,India,Noida,0,0
2 Bros Kitchen,Sector 41,"North Indian, Chinese, Fast Food",2,600.0,INR,3.2,364,3.195,India,Noida,0,1
Baskin Robbins,Sector 41,Ice Cream,1,300.0,INR,3.3,12,3.187,India,Noida,0,1
Big Bone - The Meat Shop,Sector 41,"Raw Meats, Fast Food",1,350.0,INR,3.1,16,3.145,India,Noida,0,0
Biryani House,Sector 41,"Biryani, North Indian",1,300.0,INR,3.1,9,3.151,India,Noida,0,1
China Hot,Sector 41,Chinese,1,400.0,INR,2.9,22,3.08,India,Noida,0,0
City Hut,Sector 41,"North Indian, Chinese",2,700.0,INR,2.5,27,2.928,India,Noida,0,0
Defence Bakery,Sector 41,"Bakery, Fast Food",1,150.0,INR,3.4,117,3.328,India,Noida,0,0
Dhabha 27,Sector 41,"Mughlai, Chinese",2,500.0,INR,3.2,5,3.163,India,Noida,0,1
Faasos,Sector 41,"North Indian, Fast Food",2,600.0,INR,3.1,10,3.15,India,Noida,0,1
Green Chick Chop,Sector 41,"Raw Meats, North Indian, Fast Food",1,350.0,INR,2.7,25,3.006,India,Noida,0,0
JSB Evergreen Cool Point,Sector 41,"North Indian, Chinese, Fast Food, Mithai",1,450.0,INR,2.9,56,3.022,India,Noida,0,0
JSB Evergreen Snack & Sweets,Sector 41,"North Indian, Chinese, Fast Food, Street Food",1,300.0,INR,3.2,41,3.178,India,Noida,0,0
Keventers,Sector 41,Beverages,1,400.0,INR,2.9,4,3.14,India,Noida,0,0
More Than Cafe,Sector 41,"Cafe, Continental, Fast Food",1,400.0,INR,3.3,39,3.221,India,Noida,0,0
Mutfi,Sector 41,"North Indian, Seafood, Bengali",2,600.0,INR,3.3,15,3.192,India,Noida,0,1
Nawabi Mughlai Zaika,Sector 41,"North Indian, Mughlai",2,550.0,INR,3.2,34,3.176,India,Noida,0,1
Ovenstory Pizza,Sector 41,"Pizza, Fast Food",2,500.0,INR,3.3,26,3.208,India,Noida,0,1
ProFit Kitchen,Sector 41,Healthy Food,2,600.0,INR,3.4,21,3.231,India,Noida,0,1
Public Cafe,Sector 41,"Fast Food, Beverages",1,450.0,INR,2.5,13,3.024,India,Noida,0,1
The Chickmunks Express,Sector 41,"Fast Food, Italian, North Indian, Chinese",3,1300.0,INR,3.0,6,3.143,India,Noida,0,1
Time to Tea,Sector 41,"Fast Food, Beverages",1,350.0,INR,3.4,66,3.296,India,Noida,0,0
Twenty Four Seven,Sector 41,"Fast Food, North Indian",1,300.0,INR,3.0,6,3.143,India,Noida,0,0
Virundu,Sector 41,South Indian,1,300.0,INR,2.8,10,3.1,India,Noida,0,1
Be Bhukkad,Sector 41,"North Indian, Mughlai",2,700.0,INR,3.6,43,3.363,India,Noida,0,1
Behrouz Biryani,Sector 41,Biryani,2,600.0,INR,3.5,63,3.349,India,Noida,0,1
Bistro 365,Sector 41,"Cafe, North Indian, Chinese",2,500.0,INR,3.7,27,3.349,India,Noida,0,1
Engineers Da Dhaba,Sector 41,North Indian,1,400.0,INR,3.6,38,3.35,India,Noida,0,1
Hungry Minister,Sector 41,"Continental, Mexican, Fast Food, Chinese",1,400.0,INR,3.5,29,3.285,India,Noida,0,1
Kake Da Hotel,Sector 41,"North Indian, Mughlai",2,700.0,INR,3.5,63,3.349,India,Noida,0,1
Peshawari Delux Restaurant,Sector 41,"North Indian, Chinese",2,700.0,INR,2.4,52,2.772,India,Noida,0,0
WTF - World's Tastiest Food,Sector 41,"North Indian, Chinese",2,800.0,INR,2.4,5,3.091,India,Noida,0,1
Salato Salad Studio,Sector 41,"Salad, Continental",2,500.0,INR,4.1,43,3.594,India,Noida,0,1
AB Fast N Food,Sector 44,Fast Food,1,200.0,INR,2.7,6,3.11,India,Noida,0,1
Cafe 44,Sector 44,"Continental, Chinese",2,500.0,INR,3.0,4,3.148,India,Noida,0,0
Cafe Onion Rings,Sector 44,"North Indian, Chinese, Fast Food",2,500.0,INR,2.9,52,3.027,India,Noida,0,0
Club 44,Sector 44,North Indian,2,800.0,INR,3.2,11,3.167,India,Noida,0,0
Indian Curry House,Sector 44,"North Indian, Chinese",2,600.0,INR,3.1,9,3.151,India,Noida,0,1
Krunchies,Sector 44,Fast Food,1,200.0,INR,2.5,19,2.978,India,Noida,0,1
Platefull,Sector 44,"North Indian, Chinese",2,600.0,INR,3.4,18,3.223,India,Noida,0,1
Sanghai Food,Sector 44,Chinese,1,450.0,INR,2.9,15,3.1,India,Noida,0,0
Shadev Saini Dhaba,Sector 44,North Indian,1,200.0,INR,3.0,7,3.14,India,Noida,0,0
Wasim Biryani Center,Sector 44,North Indian,1,400.0,INR,2.8,8,3.11,India,Noida,0,0
Hungry - I,Sector 44,"Cafe, Italian, Chinese, Continental",2,550.0,INR,3.7,431,3.644,India,Noida,0,1
Smoking Tikka,Sector 44,"North Indian, Chinese, Fast Food",2,600.0,INR,3.7,47,3.421,India,Noida,0,1
The Fusion Food Stand,Sector 44,"Chinese, Thai, Fast Food",2,650.0,INR,3.8,40,3.444,India,Noida,0,1
#Urban Caf,Sector 45,"North Indian, Chinese, Italian",2,650.0,INR,3.3,49,3.229,India,Noida,0,1
Baked! Cakes & Desserts,Sector 45,"Bakery, Desserts",1,350.0,INR,3.3,11,3.185,India,Noida,0,0
Quick Grabs,Sector 45,"North Indian, Chinese",2,550.0,INR,3.1,80,3.123,India,Noida,0,1
The Roll Van,Sector 45,"North Indian, Mughlai",2,500.0,INR,2.9,4,3.14,India,Noida,0,0
Noida Cakes Online,Sector 47,Bakery,1,300.0,INR,3.0,9,3.135,India,Noida,0,0
The Epicureans,Sector 47,"North Indian, Mughlai, Chinese",2,650.0,INR,3.4,20,3.228,India,Noida,0,0
Adhikari Fast Food Corner,Sector 48,"Chinese, Fast Food",1,400.0,INR,2.8,5,3.127,India,Noida,0,0
Amrit's Agni Multi Cuisine Restaurant,Sector 48,"North Indian, Chinese",2,550.0,INR,2.9,4,3.14,India,Noida,0,0
Punjabi Chaska,Sector 48,"North Indian, Mughlai, Chinese",2,550.0,INR,3.0,27,3.104,India,Noida,0,0
The Choco Shop,Sector 48,Bakery,2,700.0,INR,3.0,5,3.145,India,Noida,0,0
The Taste,Sector 48,"Bakery, Fast Food",2,500.0,INR,3.1,7,3.152,India,Noida,0,0
Tibb's Frankie,Sector 48,Fast Food,1,250.0,INR,3.4,22,3.233,India,Noida,0,1
Domino's Pizza,Sector 48,"Pizza, Fast Food",2,700.0,INR,2.3,38,2.788,India,Noida,0,0
Public Cafe,Sector 48,"Fast Food, Beverages",1,450.0,INR,2.4,7,3.066,India,Noida,0,1
Chocopur,Sector 49,"Bakery, Desserts",2,500.0,INR,3.0,11,3.131,India,Noida,0,0
Sweta Restaurant,Sector 49,North Indian,1,400.0,INR,3.2,61,3.182,India,Noida,0,1
Flames of Tandoor,Sector 49,"North Indian, Mughlai",1,450.0,INR,3.5,76,3.365,India,Noida,0,1
Kuppies,Sector 5,"Bakery, Desserts",1,250.0,INR,3.8,89,3.57,India,Noida,0,0
The Urban Chulha,Sector 5,North Indian,1,300.0,INR,3.5,87,3.376,India,Noida,0,1
Cafe Coffee Day,Sector 50,Cafe,1,450.0,INR,2.7,42,2.95,India,Noida,0,0
Choco House,Sector 50,Desserts,1,450.0,INR,3.4,18,3.223,India,Noida,0,0
DCK- Dana Choga's Kitchen,Sector 50,"North Indian, Mughlai",2,800.0,INR,2.7,340,2.759,India,Noida,0,1
Fresh and Fit Ghar Ka Khana,Sector 50,"North Indian, Healthy Food, Rajasthani",1,400.0,INR,3.1,10,3.15,India,Noida,0,0
Hungry Ullu,Sector 50,Fast Food,2,500.0,INR,3.3,141,3.263,India,Noida,0,1
Khidmat,Sector 50,"North Indian, Mughlai, Chinese",2,750.0,INR,3.4,369,3.371,India,Noida,0,1
Lahori Restaurant,Sector 50,"North Indian, Chinese",2,800.0,INR,2.5,206,2.629,India,Noida,1,0
New Chinese Chilli Sizzler,Sector 50,Chinese,1,400.0,INR,2.7,53,2.923,India,Noida,0,0
Nirmala's,Sector 50,"North Indian, Chinese",1,450.0,INR,3.4,51,3.281,India,Noida,0,1
Prime Bakery,Sector 50,"Bakery, Mithai",1,300.0,INR,3.0,11,3.131,India,Noida,0,0
Royal Empire Meat Shop,Sector 50,"Raw Meats, Fast Food",1,400.0,INR,3.4,29,3.248,India,Noida,0,0
Southern Treat,Sector 50,South Indian,2,500.0,INR,2.8,113,2.91,India,Noida,0,1
Subway,Sector 50,"American, Fast Food, Salad, Healthy Food",2,500.0,INR,2.5,165,2.653,India,Noida,0,0
The Chickmunks Caf,Sector 50,"Fast Food, Cafe, Italian, North Indian, Chinese",2,550.0,INR,3.2,48,3.179,India,Noida,0,1
The FLIP Cafe,Sector 50,"Italian, Continental, North Indian, Chinese",2,650.0,INR,2.6,147,2.742,India,Noida,0,1
Yo! China,Sector 50,Chinese,3,1300.0,INR,2.5,252,2.609,India,Noida,0,1
Gopala,Sector 50,"Mithai, Street Food",1,250.0,INR,3.6,69,3.415,India,Noida,0,0
R.I.P Cafe & Lounge,Sector 50,Cafe,2,700.0,INR,3.5,203,3.433,India,Noida,0,1
Chawla's_,Sector 50,"North Indian, Mughlai, Chinese",2,800.0,INR,2.3,91,2.605,India,Noida,1,1
Domino's Pizza,Sector 50,"Pizza, Fast Food",2,700.0,INR,2.4,161,2.58,India,Noida,0,0
Nazeer Foods,Sector 50,"Mughlai, North Indian",2,600.0,INR,2.3,12,2.993,India,Noida,0,1
Night Food Xprs,Sector 50,"North Indian, Chinese",2,500.0,INR,2.3,115,2.56,India,Noida,0,1
Pizza Hut Delivery,Sector 50,"Italian, Pizza, Fast Food",2,800.0,INR,2.3,173,2.493,India,Noida,0,1
The Caspian,Sector 50,"North Indian, Chinese",3,1300.0,INR,2.4,56,2.758,India,Noida,1,1
The Noodle Box Co.,Sector 50,"Chinese, Thai, Asian",2,750.0,INR,2.4,137,2.603,India,Noida,1,0
WTF - World's Tastiest Food,Sector 50,"North Indian, Chinese",2,800.0,INR,2.4,21,2.935,India,Noida,0,1
Biryani By Kilo,Sector 50,"Biryani, Mughlai",2,700.0,INR,4.1,126,3.833,India,Noida,0,1
Kalpak Restaurant & Cafe,Sector 50,"North Indian, Chinese",3,1300.0,INR,4.3,150,4.015,India,Noida,1,1
Theos,Sector 50,"Desserts, Bakery, Fast Food",2,500.0,INR,4.1,516,4.017,India,Noida,0,0
Aamantran Bangla,Sector 51,"Bengali, North Indian",2,650.0,INR,2.7,27,2.998,India,Noida,0,0
Chung-Fu,Sector 51,Chinese,1,350.0,INR,3.0,5,3.145,India,Noida,0,0
Paco Meals,Sector 51,"North Indian, Chinese, Fast Food",1,150.0,INR,2.8,11,3.095,India,Noida,0,0
Reena Restaurant,Sector 51,"North Indian, Chinese, South Indian",1,350.0,INR,2.7,9,3.09,India,Noida,0,0
Sanskriti Foods,Sector 51,"North Indian, Chinese",2,650.0,INR,3.1,29,3.138,India,Noida,0,1
Biryani Vice,Sector 51,"North Indian, Biryani",2,500.0,INR,3.6,19,3.281,India,Noida,0,1
Dietwholic,Sector 51,"Healthy Food, North Indian, Chinese, Continental",2,600.0,INR,3.7,142,3.559,India,Noida,0,1
Goldenplates,Sector 51,"North Indian, Mughlai, Chinese, Fast Food",2,600.0,INR,3.6,33,3.335,India,Noida,0,0
Mishti's Kitchen,Sector 51,"Chinese, Mughlai",2,550.0,INR,3.6,49,3.378,India,Noida,0,1
Shahenshah,Sector 51,"North Indian, Mughlai, Chinese",2,500.0,INR,3.5,61,3.347,India,Noida,0,1
Slice of Italy,Sector 51,"Italian, Pizza, Bakery",2,700.0,INR,2.3,230,2.454,India,Noida,0,1
Bebbe Da Degh,Sector 52,North Indian,2,800.0,INR,3.2,65,3.182,India,Noida,0,0
Chauhan Hotel,Sector 52,North Indian,1,150.0,INR,2.9,11,3.113,India,Noida,0,0
Kaka Ji Restaurant,Sector 53,"North Indian, Mughlai",2,800.0,INR,2.9,6,3.132,India,Noida,0,1
Lazzez's,Sector 53,"North Indian, Mughlai, Chinese, Raw Meats",2,600.0,INR,2.9,25,3.073,India,Noida,0,0
Mithaas Sweets,Sector 53,"North Indian, Chinese, South Indian, Mithai",2,650.0,INR,3.1,39,3.133,India,Noida,0,1
Mithaas,Sector 53,"North Indian, Chinese, South Indian, Mithai",2,650.0,INR,3.2,193,3.192,India,Noida,0,1
Tandoori Corner,Sector 53,"North Indian, Mughlai, Chinese",2,500.0,INR,2.6,9,3.074,India,Noida,0,1
Culinate,Sector 53,"Continental, Fast Food, Asian, Italian",2,500.0,INR,3.8,200,3.672,India,Noida,0,1
Haaochi,Sector 53,Chinese,2,600.0,INR,3.5,123,3.402,India,Noida,0,1
Flying Cakes,Sector 53,Bakery,1,350.0,INR,2.1,56,2.6,India,Noida,0,1
Taste In Box,Sector 53,"North Indian, Chinese",2,500.0,INR,2.3,23,2.889,India,Noida,0,1
Snacks Point,Sector 55,Chinese,1,150.0,INR,2.9,4,3.14,India,Noida,0,0
B Tamang Chineese,Sector 56,Chinese,1,300.0,INR,2.9,4,3.14,India,Noida,0,0
Foodelicious,Sector 56,"North Indian, Chinese, Mughlai",2,500.0,INR,3.1,144,3.115,India,Noida,0,1
The Cake Masters,Sector 56,"Bakery, Desserts",2,500.0,INR,2.5,7,3.079,India,Noida,0,1
Barista,Sector 58,Cafe,2,650.0,INR,3.0,7,3.14,India,Noida,0,0
Barista,Sector 58,Cafe,2,650.0,INR,2.9,5,3.136,India,Noida,0,0
The Gourmet Shack,Sector 58,"Continental, American",2,600.0,INR,3.3,15,3.192,India,Noida,0,1
"Vanshika Indian, Chinese, & Parantha Corner",Sector 58,"Chinese, North Indian",1,300.0,INR,3.1,29,3.138,India,Noida,0,0
Yes Bosz Food Plaza,Sector 58,"North Indian, Chinese",1,400.0,INR,2.7,15,3.054,India,Noida,0,1
Nite Bites,Sector 59,"North Indian, Chinese, Fast Food",2,650.0,INR,2.7,8,3.096,India,Noida,0,1
Shankar Fast Food,Sector 59,"North Indian, Chinese",1,300.0,INR,2.7,15,3.054,India,Noida,0,0
Shivam Fast Food,Sector 59,"North Indian, South Indian, Chinese",1,350.0,INR,2.9,12,3.109,India,Noida,0,0
Yumbo Bites,Sector 59,Fast Food,1,350.0,INR,3.1,10,3.15,India,Noida,0,0
Shree Ganesh M Cafe,Sector 6,South Indian,1,150.0,INR,3.1,7,3.152,India,Noida,0,0
BakeAffair,Sector 61,"Bakery, Desserts",1,300.0,INR,3.4,30,3.25,India,Noida,0,0
Mirchievous,Sector 61,North Indian,2,650.0,INR,3.1,6,3.153,India,Noida,0,1
221 B Baker Street,Sector 62,Bakery,1,200.0,INR,3.2,19,3.171,India,Noida,0,1
Binge Restaurant,Sector 62,"North Indian, Chinese, Continental",3,1100.0,INR,3.2,325,3.195,India,Noida,1,0
Boxmeal,Sector 62,"North Indian, Chinese",1,400.0,INR,3.0,4,3.148,India,Noida,0,0
Brown Town,Sector 62,Bakery,1,150.0,INR,2.7,11,3.077,India,Noida,0,0
Cafe Coffee Day,Sector 62,Cafe,1,450.0,INR,3.0,26,3.105,India,Noida,0,0
Cafe Coffee Day,Sector 62,Cafe,1,450.0,INR,3.0,14,3.125,India,Noida,0,0
Cafe Green Apple,Sector 62,"North Indian, South Indian, Fast Food",1,400.0,INR,3.2,16,3.169,India,Noida,0,0
Cake Mandi,Sector 62,"Bakery, Desserts",2,500.0,INR,3.2,17,3.17,India,Noida,0,0
Chai Thela,Sector 62,Cafe,1,250.0,INR,3.1,10,3.15,India,Noida,0,0
Chinese Chilli Sizzler,Sector 62,Chinese,1,200.0,INR,2.9,5,3.136,India,Noida,0,0
Delhi Biryani Hut,Sector 62,"Biryani, Mughlai",1,300.0,INR,2.7,9,3.09,India,Noida,0,0
Dev's Restaurant & Bar,Sector 62,"North Indian, Mughlai, Chinese",3,1500.0,INR,3.1,56,3.128,India,Noida,0,1
Doggy Style,Sector 62,"Continental, Italian",2,700.0,INR,3.2,33,3.176,India,Noida,0,1
Domino's Pizza,Sector 62,"Pizza, Fast Food",2,700.0,INR,2.6,118,2.767,India,Noida,0,0
Floating Cakes,Sector 62,Bakery,1,400.0,INR,2.8,12,3.09,India,Noida,0,0
Food Brigade,Sector 62,"North Indian, South Indian, Chinese, Fast Food",1,300.0,INR,3.2,15,3.169,India,Noida,0,0
Frequent Bakes,Sector 62,"Bakery, Desserts, Fast Food",1,350.0,INR,2.5,38,2.875,India,Noida,0,1
GreeNox,Sector 62,"Fast Food, Beverages",1,200.0,INR,3.4,16,3.218,India,Noida,0,1
GVP Creations,Sector 62,Bakery,1,400.0,INR,3.1,7,3.152,India,Noida,0,0
Health Buzzz,Sector 62,Healthy Food,1,350.0,INR,3.2,11,3.167,India,Noida,0,1
Hot & Spicy,Sector 62,Chinese,1,250.0,INR,2.9,4,3.14,India,Noida,0,0
Malabar Junction,Sector 62,"South Indian, North Indian, Chinese",2,500.0,INR,3.3,15,3.192,India,Noida,0,0
Masters Caterer,Sector 62,"North Indian, Chinese",1,400.0,INR,2.9,6,3.132,India,Noida,0,0
Meeting Point Corner,Sector 62,Chinese,1,200.0,INR,2.8,14,3.081,India,Noida,0,0
Mithaas Sweets,Sector 62,"North Indian, Chinese, South Indian, Mithai",2,650.0,INR,2.7,17,3.043,India,Noida,0,1
Mom's Canteen,Sector 62,North Indian,1,200.0,INR,3.0,5,3.145,India,Noida,0,0
MS Foods,Sector 62,North Indian,1,400.0,INR,3.1,9,3.151,India,Noida,0,0
Oh Buoy,Sector 62,Chinese,2,650.0,INR,3.3,50,3.23,India,Noida,0,0
Old Tehrii Cafe & Lounge,Sector 62,"North Indian, Chinese, Cafe",3,1500.0,INR,3.1,13,3.147,India,Noida,1,0
Pichli Gali,Sector 62,"North Indian, Chinese, Fast Food",1,300.0,INR,3.0,5,3.145,India,Noida,0,0
Pizza Hut,Sector 62,"Italian, Pizza",3,1000.0,INR,3.1,147,3.115,India,Noida,0,1
Rasoi99,Sector 62,"North Indian, Chinese",2,800.0,INR,3.2,10,3.166,India,Noida,0,1
Republic of Chicken,Sector 62,"Raw Meats, Fast Food",1,400.0,INR,3.1,17,3.144,India,Noida,0,0
Republic's @ Dhaba,Sector 62,"North Indian, Street Food",2,750.0,INR,2.9,56,3.022,India,Noida,0,0
Rolling Beans,Sector 62,South Indian,1,250.0,INR,2.8,5,3.127,India,Noida,0,1
Rollmaal,Sector 62,"Fast Food, North Indian, Chinese",2,500.0,INR,3.4,155,3.341,India,Noida,0,1
Subway,Sector 62,"American, Fast Food, Salad, Healthy Food",2,500.0,INR,2.5,28,2.923,India,Noida,0,1
Swad,Sector 62,"North Indian, Chinese, Continental",2,900.0,INR,2.8,13,3.085,India,Noida,1,0
The Chaiwalas,Sector 62,Cafe,1,300.0,INR,2.9,9,3.12,India,Noida,0,0
The Hunger Cure,Sector 62,"Fast Food, North Indian",2,600.0,INR,3.0,9,3.135,India,Noida,0,0
World Bites,Sector 62,"Chinese, North Indian",2,500.0,INR,3.4,30,3.25,India,Noida,0,1
BunkYard Cafe,Sector 62,"Fast Food, Beverages",1,400.0,INR,3.5,33,3.295,India,Noida,0,0
Chaayos,Sector 62,"Cafe, Tea",1,400.0,INR,3.5,182,3.427,India,Noida,0,1
RollsKing,Sector 62,Fast Food,1,300.0,INR,3.8,401,3.729,India,Noida,0,0
Sandwich King,Sector 62,Fast Food,2,500.0,INR,3.5,215,3.436,India,Noida,0,1
Speedy Chow,Sector 62,"Chinese, Thai",2,850.0,INR,3.6,114,3.466,India,Noida,0,1
Grand Eatery,Sector 62,"North Indian, Chinese, Mughlai, Fast Food",2,600.0,INR,2.4,49,2.784,India,Noida,0,1
Nathu's Sweets,Sector 62,"North Indian, South Indian, Chinese, Street Food, Fast Food, Mithai",2,500.0,INR,2.4,77,2.699,India,Noida,0,0
Subway,Sector 62,"American, Fast Food, Salad, Healthy Food",2,500.0,INR,2.4,88,2.675,India,Noida,0,1
Chick Chicken Barbeque,Sector 63,"North Indian, Mughlai, Chinese",2,750.0,INR,2.6,4,3.118,India,Noida,0,1
Tiwari Hot Pot,Sector 63,"North Indian, Chinese, South Indian",1,450.0,INR,2.6,11,3.059,India,Noida,0,1
South King Restaurant,Sector 65,"South Indian, Chinese",1,300.0,INR,2.8,8,3.11,India,Noida,0,0
Twomato Foods,Sector 65,North Indian,1,400.0,INR,3.2,11,3.167,India,Noida,0,1
Bats On Delivery,Sector 7,"North Indian, Fast Food",2,700.0,INR,2.7,9,3.09,India,Noida,0,1
Legacy of Awadh,Sector 7,"North Indian, Mughlai",2,500.0,INR,3.3,114,3.257,India,Noida,0,1
Hurry Curry,Sector 71,"North Indian, Chinese",2,500.0,INR,3.1,10,3.15,India,Noida,0,0
Thaaliwaalaa.com,Sector 71,North Indian,1,200.0,INR,2.9,6,3.132,India,Noida,0,0
Bikaner's,Sector 72,"Mithai, North Indian, Chinese",1,400.0,INR,2.9,4,3.14,India,Noida,0,0
Chilli Zone,Sector 72,"North Indian, Chinese",2,500.0,INR,3.4,20,3.228,India,Noida,0,0
Cold Rock Cafe,Sector 72,"Fast Food, Italian, Desserts, Beverages",1,350.0,INR,3.3,12,3.187,India,Noida,0,0
Cup and Cones,Sector 72,Desserts,1,150.0,INR,3.1,10,3.15,India,Noida,0,1
Desi Spice,Sector 72,"North Indian, Chinese",2,600.0,INR,3.0,10,3.133,India,Noida,0,1
Food Destination,Sector 72,North Indian,1,400.0,INR,3.0,5,3.145,India,Noida,0,0
Gangaur Sweets,Sector 72,"North Indian, South Indian, Chinese, Mithai",2,500.0,INR,2.7,34,2.974,India,Noida,0,1
Handi,Sector 72,"North Indian, Chinese",2,850.0,INR,2.9,8,3.124,India,Noida,0,0
Hungry Inn,Sector 72,"North Indian, Chinese, South Indian",2,500.0,INR,3.0,5,3.145,India,Noida,0,0
Keventers,Sector 72,Beverages,1,400.0,INR,2.9,4,3.14,India,Noida,0,0
La-Cuisine,Sector 72,"North Indian, Chinese",2,550.0,INR,2.9,4,3.14,India,Noida,0,0
Melting Flavours,Sector 72,North Indian,2,800.0,INR,3.4,21,3.231,India,Noida,0,1
Mighty Mughlai,Sector 72,"North Indian, Mughlai, Chinese",1,450.0,INR,3.2,12,3.167,India,Noida,0,0
Mithaas,Sector 72,"North Indian, Chinese, South Indian, Mithai",2,650.0,INR,2.9,12,3.109,India,Noida,0,0
Mood 4 Food,Sector 72,"Street Food, North Indian",1,150.0,INR,3.1,8,3.151,India,Noida,0,0
Northern Bytes,Sector 72,"Kashmiri, Chinese",2,500.0,INR,3.1,6,3.153,India,Noida,0,0
Shahenshah,Sector 72,"North Indian, Mughlai, Chinese",2,500.0,INR,3.0,4,3.148,India,Noida,0,0
Sugar Daddy Bakers,Sector 72,Bakery,1,350.0,INR,2.7,4,3.126,India,Noida,0,1
Swag Sadda Desi,Sector 72,"Fast Food, North Indian",1,300.0,INR,3.1,8,3.151,India,Noida,0,0
The Chinese Hut,Sector 72,"Chinese, Fast Food",1,400.0,INR,2.9,10,3.116,India,Noida,0,0
Wild Chef House,Sector 72,"North Indian, Mughlai",2,500.0,INR,3.1,11,3.149,India,Noida,0,1
Grub Patio,Sector 72,"Cafe, Continental, Italian",2,600.0,INR,3.7,51,3.432,India,Noida,0,1
The Grill @ 76,Sector 72,"North Indian, Mughlai, Chinese",2,650.0,INR,3.5,42,3.315,India,Noida,0,1
Zooby's Kitchen,Sector 72,"North Indian, Mughlai, Chinese",2,800.0,INR,3.5,31,3.29,India,Noida,1,0
Bikaner's,Sector 72,"Mithai, North Indian",1,400.0,INR,2.4,11,3.023,India,Noida,0,1
Chawla's 2,Sector 72,"North Indian, Mughlai, Chinese",3,1400.0,INR,2.1,22,2.836,India,Noida,0,1
Ginnis Oven,Sector 8,Bakery,1,400.0,INR,3.2,9,3.166,India,Noida,0,0
Whomely,Sector 83,North Indian,1,200.0,INR,3.2,15,3.169,India,Noida,0,0
Breaktym,Sector 93,"North Indian, Mughlai",1,400.0,INR,3.2,20,3.171,India,Noida,0,1
Chinese Chilli Seasonal,Sector 93,Chinese,1,300.0,INR,2.9,4,3.14,India,Noida,0,0
Gopala,Sector 93,"Mithai, Beverages",1,200.0,INR,3.4,23,3.235,India,Noida,0,0
Hungry's Hut,Sector 93,"Chinese, Fast Food",2,500.0,INR,3.1,10,3.15,India,Noida,0,0
Kebabplus,Sector 93,"North Indian, Mughlai",2,600.0,INR,3.1,140,3.116,India,Noida,0,1
Oh Buoy - Flying Fox,Sector 93,"Chinese, Fast Food",2,500.0,INR,3.0,7,3.14,India,Noida,0,0
Punjabi Pakwaan,Sector 93,"North Indian, Mughlai, Chinese",2,800.0,INR,3.1,45,3.131,India,Noida,1,1
The Dessert Table Company,Sector 93,"Bakery, Desserts",2,500.0,INR,3.1,9,3.151,India,Noida,0,0
The Roll Van,Sector 93,"North Indian, Mughlai",2,500.0,INR,3.0,5,3.145,India,Noida,0,0
Kitchen Mantra,Sector 93,"North Indian, Mughlai, Chinese",2,550.0,INR,3.6,210,3.515,India,Noida,0,1
Wabi Sabi,Sector 93,"Bakery, Fast Food",1,300.0,INR,3.6,34,3.338,India,Noida,0,1
Southern Flavours,Sector 93,South Indian,1,350.0,INR,2.4,54,2.765,India,Noida,0,0
Cakebak,"Shopprix Mall, Sector 61, Noida","Bakery, Desserts",1,400.0,INR,3.1,8,3.151,India,Noida,0,0
Adarsh Kulfi,"Spice World Mall, Sector 25",Ice Cream,1,100.0,INR,3.0,7,3.14,India,Noida,0,0
Andaaz E Paranthas,"Spice World Mall, Sector 25","North Indian, Mughlai",2,550.0,INR,3.2,36,3.177,India,Noida,0,0
Hot Fries,"Spice World Mall, Sector 25",Fast Food,1,350.0,INR,3.0,8,3.138,India,Noida,0,0
Pizza Hut,"Spice World Mall, Sector 25","Italian, Pizza, Fast Food",3,1000.0,INR,3.4,144,3.338,India,Noida,0,0
Rasoi E Punjab,"Spice World Mall, Sector 25",North Indian,2,500.0,INR,2.6,32,2.941,India,Noida,0,0
Subway,"Spice World Mall, Sector 25","American, Fast Food, Salad, Healthy Food",2,500.0,INR,3.4,93,3.316,India,Noida,0,1
Haldiram's,"Spice World Mall, Sector 25","North Indian, South Indian, Chinese, Street Food, Fast Food, Mithai, Desserts",2,600.0,INR,3.6,301,3.537,India,Noida,0,0
Legends Barbeques,"Spice World Mall, Sector 25","North Indian, Chinese, Mediterranean, Asian, Continental",3,1300.0,INR,3.9,1088,3.867,India,Noida,0,0
Chicane,"Spice World Mall, Sector 25","European, North Indian, Chinese",4,2500.0,INR,2.2,116,2.489,India,Noida,1,0
US Pizza,"Spice World Mall, Sector 25","Pizza, Fast Food",2,650.0,INR,2.2,134,2.461,India,Noida,0,1
Angeethi Se,"Supertech Shopprix Mall, Sector 61","North Indian, Chinese",2,600.0,INR,3.2,35,3.176,India,Noida,0,1
Barista,"Supertech Shopprix Mall, Sector 61",Cafe,2,650.0,INR,2.5,23,2.952,India,Noida,0,0
BK's The Juice Bar,"Supertech Shopprix Mall, Sector 61","Juices, Beverages, Fast Food",1,200.0,INR,3.0,10,3.133,India,Noida,0,0
Eden Kitchen & Bar,"Supertech Shopprix Mall, Sector 61","North Indian, Chinese",4,2000.0,INR,3.1,129,3.117,India,Noida,1,1
Moti Mahal Delux Tandoori Trail,"Supertech Shopprix Mall, Sector 61","North Indian, Mughlai, Chinese",3,1000.0,INR,2.5,28,2.923,India,Noida,1,1
New Woks,"Supertech Shopprix Mall, Sector 61","Chinese, Asian",2,750.0,INR,2.5,79,2.756,India,Noida,1,1
Otik Hotshop,"Supertech Shopprix Mall, Sector 61","North Indian, Mughlai",2,600.0,INR,3.1,147,3.115,India,Noida,0,1
Pizza Hut,"Supertech Shopprix Mall, Sector 61","Italian, Pizza, Fast Food",3,1000.0,INR,3.3,113,3.257,India,Noida,0,1
Punjabi Dhaba 61,"Supertech Shopprix Mall, Sector 61","North Indian, Mughlai, Chinese",2,800.0,INR,2.6,75,2.824,India,Noida,1,1
Punjabi Pakwaan,"Supertech Shopprix Mall, Sector 61","North Indian, Mughlai",3,1200.0,INR,3.0,120,3.047,India,Noida,1,1
Spice of India,"Supertech Shopprix Mall, Sector 61","Mughlai, North Indian",2,700.0,INR,2.6,76,2.822,India,Noida,0,1
Swaad,"Supertech Shopprix Mall, Sector 61","North Indian, Chinese",2,600.0,INR,2.7,15,3.054,India,Noida,0,1
Yumm Biryani,"Supertech Shopprix Mall, Sector 61","Biryani, Mughlai",2,550.0,INR,3.2,160,3.19,India,Noida,0,1
Otik Cake Shop,"Supertech Shopprix Mall, Sector 61","Bakery, Desserts, Fast Food, North Indian",1,450.0,INR,3.5,105,3.39,India,Noida,0,1
Domino's Pizza,"Supertech Shopprix Mall, Sector 61","Pizza, Fast Food",2,700.0,INR,2.4,98,2.657,India,Noida,0,0
Sagar Ratna,"Supertech Shopprix Mall, Sector 61","South Indian, North Indian, Chinese",2,600.0,INR,2.3,155,2.51,India,Noida,0,1
Subway,"Supertech Shopprix Mall, Sector 61","American, Fast Food, Salad, Healthy Food",2,500.0,INR,2.3,24,2.881,India,Noida,0,1
Barista,"The Great India Place, Sector 38",Cafe,2,650.0,INR,3.3,57,3.234,India,Noida,0,0
Bikano Chat Cafe,"The Great India Place, Sector 38","North Indian, Street Food, South Indian, Fast Food, Chinese",2,500.0,INR,3.0,38,3.091,India,Noida,0,0
Cafe Coffee Day,"The Great India Place, Sector 38",Cafe,1,450.0,INR,2.7,18,3.038,India,Noida,0,0
Cafe Coffee Day,"The Great India Place, Sector 38",Cafe,1,450.0,INR,2.7,34,2.974,India,Noida,0,0
Chaayos,"The Great India Place, Sector 38","Cafe, Tea",1,400.0,INR,3.4,67,3.297,India,Noida,0,1
Chopaal Marwari,"The Great India Place, Sector 38","North Indian, Rajasthani",2,600.0,INR,2.8,102,2.918,India,Noida,0,0
Dolce Gelato,"The Great India Place, Sector 38","Ice Cream, Beverages, Fast Food",1,300.0,INR,3.0,8,3.138,India,Noida,0,0
Domino's Pizza,"The Great India Place, Sector 38","Pizza, Fast Food",2,700.0,INR,3.2,60,3.182,India,Noida,0,0
Gelato Vinto,"The Great India Place, Sector 38","Desserts, Ice Cream",1,250.0,INR,3.1,32,3.136,India,Noida,0,0
Kebab Xpress,"The Great India Place, Sector 38","North Indian, Mughlai",2,600.0,INR,3.2,106,3.187,India,Noida,0,1
McDonald's,"The Great India Place, Sector 38","Fast Food, Burger",2,500.0,INR,3.4,70,3.3,India,Noida,0,0
Pind Balluchi,"The Great India Place, Sector 38","North Indian, Mughlai",2,800.0,INR,3.3,793,3.292,India,Noida,1,1
Ristorante Prego,"The Great India Place, Sector 38",Italian,3,1200.0,INR,3.1,372,3.107,India,Noida,1,0
The Coffee Bean & Tea Leaf,"The Great India Place, Sector 38",Cafe,2,700.0,INR,2.6,55,2.866,India,Noida,0,0
Turquoise Turkish Ice-cream,"The Great India Place, Sector 38",Ice Cream,1,250.0,INR,3.4,11,3.203,India,Noida,0,0
Yo! China,"The Great India Place, Sector 38",Chinese,3,1300.0,INR,2.6,334,2.673,India,Noida,0,1
Baskin Robbins,"The Great India Place, Sector 38",Ice Cream,1,300.0,INR,3.5,41,3.313,India,Noida,0,0
Burger King,"The Great India Place, Sector 38","Burger, Fast Food",2,500.0,INR,3.5,211,3.435,India,Noida,0,0
Costa Coffee,"The Great India Place, Sector 38",Cafe,2,600.0,INR,3.5,110,3.394,India,Noida,0,0
Crazy Noodles,"The Great India Place, Sector 38","Chinese, Thai",3,1100.0,INR,3.6,507,3.56,India,Noida,1,1
Jack Po!tato's,"The Great India Place, Sector 38",Fast Food,1,150.0,INR,3.5,37,3.304,India,Noida,0,0
Mandarin Trail,"The Great India Place, Sector 38",Chinese,3,1500.0,INR,3.7,517,3.652,India,Noida,1,0
Nazeer Foods,"The Great India Place, Sector 38","Mughlai, North Indian",2,600.0,INR,3.6,179,3.504,India,Noida,0,1
Pizza Hut,"The Great India Place, Sector 38","Italian, Pizza, Fast Food",3,1000.0,INR,3.7,189,3.587,India,Noida,0,0
Shree Rathnam,"The Great India Place, Sector 38","South Indian, North Indian, Chinese",2,800.0,INR,3.5,139,3.41,India,Noida,0,0
TGI Friday's,"The Great India Place, Sector 38","American, Tex-Mex",4,2500.0,INR,3.5,1147,3.486,India,Noida,1,1
Thaal Vaadi,"The Great India Place, Sector 38","North Indian, Rajasthani",3,1000.0,INR,3.5,249,3.443,India,Noida,0,0
Chopaal,"The Great India Place, Sector 38","Chinese, North Indian, South Indian, Fast Food",1,450.0,INR,2.0,161,2.275,India,Noida,0,0
Club Ice Cube,"The Great India Place, Sector 38","North Indian, Continental, Chinese",4,2400.0,INR,2.0,230,2.207,India,Noida,1,0
Moti Mahal Delux Tandoori Trail,"The Great India Place, Sector 38","North Indian, Mughlai",3,1200.0,INR,2.0,108,2.367,India,Noida,1,1
The Punjabiis Restro Bar,"The Great India Place, Sector 38","North Indian, Chinese",3,1200.0,INR,4.0,395,3.906,India,Noida,1,0
Sky Grill,"Tulip Mall, Sector 48, Noida","North Indian, Chinese",2,700.0,INR,2.6,34,2.933,India,Noida,0,1
Hops n Grains,Sector 9,"North Indian, Middle Eastern, Pizza",4,2000.0,INR,4.2,843,4.153,India,Panchkula,0,0
Genuine Broaster Chicken,Anandpuri,"American, Chinese, North Indian, Italian",2,500.0,INR,3.5,42,3.42,India,Patna,0,0
Bansi Vihar,Fraser Road Area,"South Indian, Fast Food",1,300.0,INR,3.4,111,3.385,India,Patna,0,0
Mainland China,Fraser Road Area,Chinese,3,1400.0,INR,3.5,65,3.436,India,Patna,0,0
Pukhtaan-The Royal Taste of India,Fraser Road Area,"North Indian, Chinese",4,1500.0,INR,3.5,32,3.41,India,Patna,0,0
The Yellow Chilli,Fraser Road Area,"North Indian, Chinese, Continental",3,1000.0,INR,3.5,150,3.463,India,Patna,0,0
Indian Summer Cafe,Golambar,"Continental, Cafe, Italian, Pizza, North Indian, Chinese, Bakery, Mughlai",2,600.0,INR,3.4,16,3.364,India,Patna,0,0
KFC,Golambar,Fast Food,2,500.0,INR,3.3,49,3.326,India,Patna,0,0
McDonald's,Golambar,Fast Food,2,500.0,INR,3.4,60,3.378,India,Patna,0,0
Biryani Mahal,Golambar,"Biryani, Mughlai",2,500.0,INR,3.6,99,3.517,India,Patna,0,0
Spice Court - Hotel Maurya,"Hotel Maurya, Lodipur","North Indian, Continental, Chinese, South Indian",4,1600.0,INR,3.7,43,3.513,India,Patna,0,0
Angeethi,Khajpura,"North Indian, Mughlai, Chinese",3,800.0,INR,3.4,45,3.375,India,Patna,0,0
Red Chilli,Khajpura,"Chinese, North Indian, Mughlai",2,450.0,INR,3.6,69,3.496,India,Patna,0,0
Pind Balluchi,Lodipur,"North Indian, Chinese",3,1000.0,INR,3.3,162,3.312,India,Patna,0,0
Raj Rasoi,Lodipur,"North Indian, South Indian, Fast Food",2,600.0,INR,3.3,74,3.321,India,Patna,0,0
Kapil Dev's Eleven,Lodipur,"North Indian, Chinese, Finger Food",3,1000.0,INR,3.6,107,3.521,India,Patna,0,0
Sri Basant Vihar,"Maurya Lok, Fraser Road Area","North Indian, Fast Food",2,600.0,INR,3.6,75,3.501,India,Patna,0,0
17 Degrees,Patliputra Colony,"North Indian, Chinese, Continental, Italian",3,1200.0,INR,3.5,151,3.463,India,Patna,0,0
Nirvana,Sri Krishnapuri,"North Indian, Chinese",2,700.0,INR,3.4,61,3.378,India,Patna,0,0
Roti Restaurant,Sri Krishnapuri,"North Indian, South Indian, Chinese",2,500.0,INR,3.1,64,3.211,India,Patna,0,0
Swaaddesh,Sri Krishnapuri,"North Indian, Chinese",2,700.0,INR,3.5,45,3.422,India,Patna,0,0
Auroville Bakery,Auroville,Bakery,1,150.0,INR,3.8,173,3.7,India,Puducherry,0,0
Tanto Pizzeria,Auroville,"Pizza, Italian",4,1000.0,INR,3.8,513,3.76,India,Puducherry,0,0
The Smoothie Bar,Heritage Town,"Desserts, Beverages, Juices",2,250.0,INR,3.7,36,3.498,India,Puducherry,0,0
Le Club,"Hotel De Pondicherry, White Town","French, Continental, North Indian",4,1400.0,INR,3.5,328,3.48,India,Puducherry,0,0
Cafe Ole,MG Road,"Cafe, Continental",3,700.0,INR,3.8,199,3.71,India,Puducherry,0,0
Italize,MG Road,"Pizza, Italian",3,600.0,INR,3.6,97,3.516,India,Puducherry,0,0
The Pasta Bar Veneto,MG Road,Italian,3,900.0,INR,3.6,275,3.562,India,Puducherry,0,0
Baker Street,MG Road,"Bakery, French",2,400.0,INR,4.1,791,4.056,India,Puducherry,0,0
Zuka Choco-la,MG Road,Desserts,2,300.0,INR,4.2,656,4.14,India,Puducherry,0,0
Bay of Buddha -  The Promenade,"The Promenade, White Town","Chinese, Thai, Malaysian, Vietnamese, Korean, Indonesian, Asian",4,1500.0,INR,3.8,189,3.706,India,Puducherry,0,0
Blueline - The Promenade,"The Promenade, White Town","North Indian, Seafood, South Indian, Italian",4,1500.0,INR,3.8,192,3.707,India,Puducherry,0,0
Villa Shanti,"Villa Shanti, White Town",Continental,4,1500.0,INR,3.9,535,3.853,India,Puducherry,0,0
Le Cafe,White Town,Cafe,2,450.0,INR,3.1,875,3.114,India,Puducherry,0,0
Spice Route,White Town,"Continental, North Indian, Finger Food",4,1200.0,INR,3.4,228,3.391,India,Puducherry,0,0
#Dilliwaala6,White Town,North Indian,3,800.0,INR,3.7,124,3.6,India,Puducherry,0,0
Cafe des Arts,White Town,Cafe,3,800.0,INR,3.5,298,3.479,India,Puducherry,0,0
Le Dupleix,White Town,"North Indian, French, Continental",4,1500.0,INR,3.8,456,3.756,India,Puducherry,0,0
Rendezvous Cafe Restaurant,White Town,"Goan, Mangalorean, Continental, French",4,1200.0,INR,3.5,225,3.473,India,Puducherry,0,0
The Indian Kaffe Express,White Town,Cafe,3,550.0,INR,3.8,495,3.759,India,Puducherry,0,0
Gelateria Montecatini Terme,White Town,Desserts,1,150.0,INR,4.2,163,4.001,India,Puducherry,0,0
The Urban Foundry,"Balewadi High Street, Balewadi","North Indian, Asian",3,1500.0,INR,4.5,1099,4.45,India,Pune,1,0
Teddy Boy,Baner,"North Indian, Continental, Finger Food",3,1200.0,INR,3.6,507,3.578,India,Pune,1,0
Effingut Brewerkz,Baner,"Continental, North Indian, Mughlai, Burmese",4,2000.0,INR,4.3,375,4.188,India,Pune,0,1
Le Plaisir,Deccan Gymkhana,"European, Desserts",3,1000.0,INR,4.8,2510,4.772,India,Pune,0,0
Farzi Cafe,Kalyani Nagar,Modern Indian,3,1500.0,INR,4.3,868,4.248,India,Pune,0,0
Mineority By Saby,Kalyani Nagar,"North Indian, North Eastern, Continental",3,1400.0,INR,4.2,306,4.081,India,Pune,1,0
The Little Next Door,Kalyani Nagar,"Finger Food, Italian, Spanish, Greek",3,1000.0,INR,4.1,1143,4.069,India,Pune,1,0
Effingut Brewerkz,Koregaon Park,"Continental, North Indian, Mughlai, Burmese",3,1800.0,INR,4.3,1531,4.27,India,Pune,0,1
Kargo,Koregaon Park,"Charcoal Grill, Italian, North Indian, European, Indonesian, Thai",2,900.0,INR,4.4,635,4.324,India,Pune,1,0
Sauted Stories,Koregaon Park,"Cafe, Italian, Continental",2,850.0,INR,4.2,583,4.133,India,Pune,0,1
The Sassy Spoon,Koregaon Park,"European, Asian, Mediterranean, Modern Indian, Desserts, Finger Food",3,1500.0,INR,4.1,140,3.903,India,Pune,1,0
German Bakery Wunderbar,Law College Road,"Italian, German, Continental",3,1000.0,INR,4.0,1583,3.98,India,Pune,0,0
Chili's,"Phoenix Market City, Viman Nagar","Mexican, American, Tex-Mex",3,1800.0,INR,4.5,1439,4.461,India,Pune,1,1
Barbeque Nation,"R Deccan Mall, JM Road","North Indian, Mughlai",3,1700.0,INR,4.5,2847,4.48,India,Pune,0,0
Blue Water,Ravet,"North Indian, Chinese, Continental",3,1500.0,INR,4.2,487,4.121,India,Pune,1,1
Agent Jack's Bar,Senapati Bapat Road,"Continental, North Indian, Italian",3,1200.0,INR,4.2,1531,4.173,India,Pune,1,0
Tales & Spirits,Senapati Bapat Road,"Italian, Continental, Cafe",2,800.0,INR,4.1,997,4.064,India,Pune,1,1
18 Degrees Resto Lounge,"Spot 18 Mall, Pimple Saudagar","North Indian, Mediterranean, Chinese",4,2100.0,INR,3.6,1566,3.592,India,Pune,1,1
Apache,Viman Nagar,Finger Food,3,1000.0,INR,4.1,377,4.012,India,Pune,1,0
Barbeque Ville,Wakad,North Indian,3,1000.0,INR,4.4,208,4.197,India,Pune,1,0
Hot Lips,Gandhi Nagar,"North Indian, Chinese",3,1000.0,INR,3.3,65,3.323,India,Ranchi,0,0
The Kav's,Harmu,"North Indian, Continental, Chinese",1,400.0,INR,3.2,51,3.275,India,Ranchi,0,0
Prana,Harmu,"European, North Indian, Continental, Italian",3,1000.0,INR,3.7,81,3.567,India,Ranchi,0,0
Kathi Kabab,Hindpiri,"Fast Food, North Indian",1,400.0,INR,3.3,89,3.319,India,Ranchi,0,0
Yo China Restaurant,Hindpiri,Chinese,2,650.0,INR,3.4,117,3.386,India,Ranchi,0,0
Kaveri Restaurant And Caterers,Hindpiri,"North Indian, Chinese, South Indian, Chinese",1,450.0,INR,4.0,370,3.923,India,Ranchi,0,0
Yellow Sapphire,"Hotel Capitol Hill, Hindpiri","Continental, North Indian, European",3,1000.0,INR,3.7,116,3.595,India,Ranchi,0,0
Moti Mahal Delux Tandoori Trail,Kadru,"North Indian, Chinese",3,1000.0,INR,3.6,119,3.527,India,Ranchi,0,0
Jungli Moon Dance Restaurant,Kanka,"North Indian, South Indian, Chinese",2,500.0,INR,3.1,26,3.266,India,Ranchi,0,0
KFC,Kanka,Fast Food,2,500.0,INR,3.2,125,3.243,India,Ranchi,0,0
Punjab Sweet House,Kanka,Street Food,1,200.0,INR,3.5,112,3.454,India,Ranchi,0,0
Food Belle,Lalpur,"North Indian, Chinese",2,650.0,INR,3.3,20,3.337,India,Ranchi,0,0
Kaveri Restaurant And Caterers,Lalpur,"North Indian, Chinese, South Indian, Chinese",1,450.0,INR,3.4,102,3.384,India,Ranchi,0,0
OMG Cafe,Lalpur,"Cafe, Italian, Mexican, Chinese, North Indian",2,500.0,INR,3.3,19,3.338,India,Ranchi,0,0
The Best,Lalpur,"North Indian, South Indian, Chinese",1,400.0,INR,3.4,13,3.362,India,Ranchi,0,0
7th Heaven,Lalpur,"South Indian, North Indian, Chinese",1,400.0,INR,3.7,92,3.577,India,Ranchi,0,0
The Urban Brava,Lalpur,"Cafe, Fast Food, North Indian",3,1000.0,INR,3.6,95,3.514,India,Ranchi,0,0
Waterfront - Radisson Blu,"Radisson Blu, Hindpiri","North Indian, Continental",4,2000.0,INR,3.4,62,3.379,India,Ranchi,0,0
Pizza Hut,"Spring City Mall, Doranda",Pizza,2,700.0,INR,3.5,66,3.436,India,Ranchi,0,0
Aroma - The Royal Retreat,"The Royal Retreat, Bariatu","North Indian, South Indian, Chinese",3,1500.0,INR,3.5,67,3.437,India,Ranchi,0,0
Saffron Mantra,Karkhana,"North Indian, Chinese",2,850.0,INR,4.4,494,4.304,India,Secunderabad,1,1
Coffee Cup,Sainikpuri,"Cafe, Continental",2,800.0,INR,4.6,1408,4.557,India,Secunderabad,1,0
Level 5 - Terrace Restro & Cafe,Adajan Gam,"Chinese, North Indian, Italian, Mexican",3,900.0,INR,3.8,201,3.711,India,Surat,0,0
Wok On Fire,Adajan Gam,"Chinese, Thai, Asian",3,800.0,INR,3.9,226,3.801,India,Surat,0,0
Thalaivaa,Adajan Gam,South Indian,2,500.0,INR,4.1,70,3.788,India,Surat,0,0
World Platter,Athwa,"North Indian, Chinese, Thai, Mexican, Italian",3,800.0,INR,3.9,191,3.786,India,Surat,0,0
Golden Dragon,Athwa,Chinese,3,800.0,INR,4.2,197,4.028,India,Surat,0,0
Mysore Cafe,Athwa,South Indian,1,250.0,INR,4.0,279,3.902,India,Surat,0,0
Coffee Culture - The Ristorante Lounge,City Light,"Cafe, Continental",2,650.0,INR,4.0,223,3.881,India,Surat,0,0
Falafel Lovers,City Light,"Lebanese, Italian",2,650.0,INR,4.3,479,4.21,India,Surat,0,0
The Centre Court,City Light,"Italian, North Indian, Desserts, Continental",3,900.0,INR,4.1,164,3.925,India,Surat,0,0
Wok On Fire,"Golden Square, City Light","Chinese, Thai, Asian",3,800.0,INR,3.7,209,3.633,India,Surat,0,0
Leonardo Italian Mediterranean Dining,"International Business Center, Piplod","Italian, Mexican, Mediterranean",3,1400.0,INR,4.2,319,4.085,India,Surat,0,0
Kansar Gujarati Thali,Nanpura,Gujarati,2,550.0,INR,3.9,153,3.765,India,Surat,0,0
The Haus,Piplod,"Cafe, Desserts",2,500.0,INR,3.9,28,3.549,India,Surat,0,0
Black Pepper,Piplod,"North Indian, Italian",3,1000.0,INR,4.1,221,3.962,India,Surat,0,0
Pizza Hut,Piplod,Pizza,3,800.0,INR,4.1,216,3.959,India,Surat,0,0
The Sizzling Salsa,Piplod,"Italian, Continental, Chinese, Mexican",4,1500.0,INR,4.1,204,3.953,India,Surat,0,0
Global Local,Vesu,Modern Indian,4,1500.0,INR,3.4,47,3.375,India,Surat,0,0
The Creamery,Vesu,"Ice Cream, Desserts",1,250.0,INR,3.6,87,3.51,India,Surat,0,0
The Food Lab,Vesu,"Italian, Lebanese, Mexican",3,900.0,INR,3.6,66,3.493,India,Surat,0,0
The Hog Spot,Vesu,"North Indian, Italian, Mexican, Asian",3,800.0,INR,3.8,87,3.637,India,Surat,0,0
22nd Parallel,Alkapuri,South Indian,2,400.0,INR,4.5,344,4.354,India,Vadodara,0,0
Kabir Kitchen,Alkapuri,"North Indian, Chinese",2,600.0,INR,3.8,130,3.676,India,Vadodara,0,0
Kaphi Pibama,Alkapuri,"Cafe, Mexican, Italian, Fast Food",2,500.0,INR,3.8,71,3.615,India,Vadodara,0,0
VarieTea,Alkapuri,"Cafe, Fast Food",2,400.0,INR,3.9,145,3.759,India,Vadodara,0,0
Barbeque Nation,Alkapuri,"Mughlai, North Indian",4,1500.0,INR,4.3,332,4.176,India,Vadodara,0,0
Little Italy,Alkapuri,Italian,3,1000.0,INR,4.1,202,3.952,India,Vadodara,0,0
Meraki,Alkapuri,"North Indian, Continental, Italian, Asian",3,1200.0,INR,4.0,93,3.773,India,Vadodara,0,0
That Place,Alkapuri,"Italian, Mexican, Continental",4,1500.0,INR,4.4,276,4.239,India,Vadodara,0,0
Wok On Fire,Diwalipura,"Thai, Chinese, Asian",3,800.0,INR,3.8,107,3.657,India,Vadodara,0,0
Mandap - Hotel Express Towers,"Hotel Express Towers, Alkapuri",Gujarati,2,600.0,INR,4.0,191,3.866,India,Vadodara,0,0
Offside Lounge,"M Cube Mall, Vadiwadi","Continental, Chinese, Mexican, North Indian",3,800.0,INR,3.8,149,3.687,India,Vadodara,0,0
Gazebo Garden Restaurant,Panchvati,North Indian,3,1000.0,INR,3.5,82,3.444,India,Vadodara,0,0
La Quello - Mediterranean Kitchen,Vadiwadi,"Mediterranean, Italian",3,1300.0,INR,4.6,321,4.432,India,Vadodara,0,0
El Amigos Kitchen,Vadiwadi,"North Indian, Thai, Italian, Chinese, Mexican",3,800.0,INR,3.5,96,3.449,India,Vadodara,0,0
Mr Toasties,Vadiwadi,Fast Food,1,300.0,INR,3.9,50,3.626,India,Vadodara,0,0
The Yellow Chilli,Vadiwadi,"North Indian, Mughlai",3,800.0,INR,3.9,243,3.806,India,Vadodara,0,0
Coffee Culture,Vadiwadi,Cafe,2,600.0,INR,4.3,92,3.966,India,Vadodara,0,0
Freshco - The Health Caf,Vadiwadi,Cafe,2,700.0,INR,4.2,132,3.967,India,Vadodara,0,0
Pizza Hut,Vadiwadi,"Pizza, Italian",2,600.0,INR,4.1,269,3.983,India,Vadodara,0,0
Tomato's,Vadiwadi,"North Indian, Mughlai, Mexican, Thai",3,1000.0,INR,4.1,395,4.016,India,Vadodara,0,0
Open Hand Shop & Cafe,Assi Ghat,Cafe,2,450.0,INR,3.4,59,3.378,India,Varanasi,0,0
Pizzeria Vaatika Cafe,Assi Ghat,"Pizza, Chinese",3,700.0,INR,3.7,149,3.613,India,Varanasi,0,0
Aman Restaurant,Bhelupur,"Chinese, North Indian",3,650.0,INR,3.2,60,3.269,India,Varanasi,0,0
Blue Lassi,Bhelupur,Beverages,2,300.0,INR,3.7,96,3.581,India,Varanasi,0,0
Kerala Cafe,Bhelupur,South Indian,2,300.0,INR,3.6,125,3.529,India,Varanasi,0,0
Baati Chokha,Dashaswmedh Road,North Indian,2,450.0,INR,3.7,68,3.553,India,Varanasi,0,0
Deena Chat Bhandar,Dashaswmedh Road,Street Food,1,,INR,3.8,78,3.625,India,Varanasi,0,0
Dosa Cafe,Dashaswmedh Road,South Indian,2,450.0,INR,3.5,48,3.425,India,Varanasi,0,0
Kashi Chat Bhandar,Godaulia,Street Food,1,150.0,INR,4.1,158,3.92,India,Varanasi,0,0
Chrystal Bowl Restaurant,Lanka,North Indian,3,800.0,INR,3.3,96,3.318,India,Varanasi,0,0
Flavours Cafe,Lanka,"North Indian, Cafe",2,400.0,INR,3.4,85,3.382,India,Varanasi,0,0
Ming Garden,Lanka,Chinese,3,600.0,INR,3.5,172,3.467,India,Varanasi,0,0
Burger King,Nadesar,"North Indian, Fast Food",2,350.0,INR,3.4,96,3.384,India,Varanasi,0,0
Tandoor Villa,Nadesar,"North Indian, Mughlai",3,600.0,INR,3.6,63,3.49,India,Varanasi,0,0
eastWEST - Radisson Hotel,"Radisson Hotel, Nadesar","Cafe, North Indian, Continental",3,600.0,INR,3.3,34,3.331,India,Varanasi,0,0
The Great Kabab Factory - Radisson Hotel,"Radisson Hotel, Nadesar","North Indian, Mughlai",4,1100.0,INR,3.3,67,3.322,India,Varanasi,0,0
I:ba Cafe & Restaurant,Shivala,"Japanese, American, North Indian, Fast Food",4,1000.0,INR,3.5,83,3.444,India,Varanasi,0,0
3Cherryz Sky Lounge & Cafe,Sigra,"Cafe, North Indian, Chinese",3,500.0,INR,3.2,26,3.3,India,Varanasi,0,0
VNS Live Studio,Sigra,"Chinese, North Indian",1,,INR,3.5,109,3.453,India,Varanasi,0,0
Singh's Delight Restaurant,Sunderpur,"Chinese, North Indian",3,700.0,INR,3.5,57,3.431,India,Varanasi,0,0
Pizza Hut,"CMR Central Mall, Maddilapalem","Pizza, Fast Food",2,600.0,INR,4.6,289,4.416,India,Vizag,0,0
Pizza Hut,Dwaraka Nagar,"Pizza, Fast Food",2,600.0,INR,4.3,230,4.131,India,Vizag,0,0
Sri Sairam Parlour,Dwaraka Nagar,"South Indian, North Indian",1,300.0,INR,4.2,270,4.068,India,Vizag,0,0
Mekong - Hotel GreenPark,"Hotel GreenPark, Vizag","Chinese, Thai, Burmese, Vietnamese, Tibetan, Japanese",3,1300.0,INR,4.4,73,3.974,India,Vizag,0,0
The Square - Hotel Novotel,"Hotel Novotel, Maharani Peta","Continental, North Indian",4,1700.0,INR,4.1,125,3.886,India,Vizag,0,0
Alpha Hotel,Jagadamba Junction,"North Indian, Biryani",1,300.0,INR,3.7,240,3.64,India,Vizag,0,0
Barbeque Nation,Kirlampudi Layout,"North Indian, Chinese, Mediterranean",4,1600.0,INR,4.9,345,4.704,India,Vizag,0,0
Double Roti,Kirlampudi Layout,"Cafe, Fast Food, American",3,1000.0,INR,3.8,27,3.509,India,Vizag,0,0
Bake My Wish,Lawsons Bay,Fast Food,2,450.0,INR,3.8,175,3.7,India,Vizag,0,0
Kamat Restaurant,Lawsons Bay,"Andhra, North Indian, Chinese, Seafood, Biryani",2,600.0,INR,3.6,154,3.539,India,Vizag,0,0
My Restaurant,Maddilapalem,"Andhra, North Indian, Chinese",2,600.0,INR,3.5,124,3.457,India,Vizag,0,0
Percolator Coffee House,Maharani Peta,"Mughlai, Chinese, Cafe, BBQ, Cajun",2,500.0,INR,3.6,84,3.507,India,Vizag,0,0
Tea Trails,Maharani Peta,Fast Food,2,500.0,INR,3.7,57,3.537,India,Vizag,0,0
Six Degrees,MVP Colony,"South Indian, Chinese, Continental, Italian, North Indian",2,600.0,INR,4.1,75,3.801,India,Vizag,0,0
Sea Inn - Raju Gaari Dhaba,Rushikonda,"Biryani, Andhra",2,450.0,INR,4.0,169,3.852,India,Vizag,0,0
D Cabana,Sagar Nagar,"Continental, Seafood, Chinese, North Indian, Biryani",2,600.0,INR,3.6,193,3.549,India,Vizag,0,0
Kaloreez,Siripuram,"Cafe, North Indian, Chinese",2,400.0,INR,3.7,85,3.571,India,Vizag,0,0
Plot 17,Siripuram,"Burger, Pizza, Biryani",2,600.0,INR,4.3,172,4.086,India,Vizag,0,0
Vista - The Park,"The Park, Lawsons Bay","American, North Indian, Thai, Continental",4,1500.0,INR,3.8,74,3.619,India,Vizag,0,0
Flying Spaghetti Monster,Waltair Uplands,Italian,3,1400.0,INR,4.4,316,4.257,India,Vizag,0,0
Noah's Barn Coffeenery,Dago,"Cafe, Coffee and Tea, Western",3,150000.0,IDR,4.2,22,4.266,Indonesia,Bandung,0,0
Momo Milk,Bogor Timur,"Cafe, Desserts, Beverages",2,70000.0,IDR,3.7,783,3.736,Indonesia,Bogor,0,0
Lemongrass,Bogor Utara,"Peranakan, Indonesian",3,250000.0,IDR,4.0,1159,4.012,Indonesia,Bogor,0,0
Talaga Sampireun,Cengkareng,"Sunda, Indonesian",3,200000.0,IDR,4.9,1662,4.882,Indonesia,Jakarta,0,0
Toodz House,Fatmawati,"Cafe, Italian, Coffee and Tea, Western, Indonesian",3,165000.0,IDR,4.6,1476,4.59,Indonesia,Jakarta,0,0
OJJU,"Gandaria City Mall, Gandaria",Korean,3,200000.0,IDR,3.9,137,4.006,Indonesia,Jakarta,0,0
Union Deli,"Grand Indonesia Mall, Thamrin","Desserts, Bakery, Western",3,200000.0,IDR,4.6,903,4.584,Indonesia,Jakarta,0,0
Skye,"Grand Indonesia Mall, Thamrin","Italian, Continental",3,800000.0,IDR,4.1,1498,4.106,Indonesia,Jakarta,0,0
Satoo - Hotel Shangri-La,"Hotel Shangri-La, Sudirman","Asian, Indonesian, Western",3,800000.0,IDR,4.6,873,4.583,Indonesia,Jakarta,0,0
MONKS,Kelapa Gading,"Western, Asian, Cafe",3,250000.0,IDR,4.2,259,4.215,Indonesia,Jakarta,0,0
Zenbu,"Kota Kasablanka, Tebet","Japanese, Sushi, Ramen",3,200000.0,IDR,4.4,841,4.394,Indonesia,Jakarta,0,0
Sushi Masa,Penjaringan,"Sushi, Japanese",3,500000.0,IDR,4.9,605,4.854,Indonesia,Jakarta,0,0
Lucky Cat Coffee & Kitchen,"Plaza Festival, Kuningan","Cafe, Western",3,300000.0,IDR,4.3,458,4.3,Indonesia,Jakarta,0,0
3 Wise Monkeys,Senopati,Japanese,3,450000.0,IDR,4.2,395,4.211,Indonesia,Jakarta,0,0
Flip Burger,Senopati,Burger,3,120000.0,IDR,4.4,410,4.389,Indonesia,Jakarta,0,0
Talaga Sampireun,"Taman Impian Jaya Ancol, Ancol","Sunda, Indonesian",3,200000.0,IDR,4.9,1640,4.882,Indonesia,Jakarta,0,0
Fish Streat,Tanjung Duren,"Seafood, Western",3,100000.0,IDR,3.4,152,3.622,Indonesia,Jakarta,0,0
Fish Streat,Tebet,"Seafood, Western",3,100000.0,IDR,4.0,331,4.039,Indonesia,Jakarta,0,0
Avec Moi Restaurant and Bar,Thamrin,"French, Western",3,350000.0,IDR,4.3,243,4.299,Indonesia,Jakarta,0,0
Onokabe,"Alam Sutera Town Center, Serpong Utara",Indonesian,3,300000.0,IDR,3.7,155,3.845,Indonesia,Tangerang,0,0
Talaga Sampireun,Pondok Aren,"Sunda, Indonesian",3,200000.0,IDR,4.9,2212,4.887,Indonesia,Tangerang,0,0
Kiss Kiss,Balmoral,Thai,2,40.0,NZD,4.3,133,4.29,New Zealand,Auckland,0,0
Giapo,Britomart,"Ice Cream, Desserts",1,20.0,NZD,4.7,617,4.667,New Zealand,Auckland,0,0
Milse,Britomart,Desserts,3,50.0,NZD,4.9,754,4.86,New Zealand,Auckland,0,0
Orleans,Britomart,American,3,65.0,NZD,4.1,431,4.117,New Zealand,Auckland,0,0
Depot Eatery and Oyster Bar,Federal Street,"Seafood, Kiwi",4,90.0,NZD,4.8,598,4.759,New Zealand,Auckland,0,0
Federal Delicatessen,Federal Street,"Cafe, American",3,60.0,NZD,4.6,696,4.577,New Zealand,Auckland,0,0
Miann,Fort Street,Desserts,1,25.0,NZD,4.9,281,4.804,New Zealand,Auckland,0,0
Little Sister Cafe,Henderson,Cafe,3,45.0,NZD,4.5,213,4.455,New Zealand,Auckland,0,0
The Kimchi Project,Lorne Street,"Asian Fusion, Cafe",4,90.0,NZD,4.2,61,4.228,New Zealand,Auckland,0,0
De Fontein Belgian Beer Cafe,Mission Bay,European,4,100.0,NZD,2.3,402,2.517,New Zealand,Auckland,0,0
Chinoiserie,Mt Albert,"Taiwanese, Street Food",3,50.0,NZD,4.4,223,4.375,New Zealand,Auckland,0,0
Eden Noodles Cafe __·___,Mt Eden,Chinese,2,35.0,NZD,4.3,212,4.293,New Zealand,Auckland,0,0
Frasers,Mt Eden,"Cafe, European",3,60.0,NZD,4.0,381,4.03,New Zealand,Auckland,0,0
The Garden Shed,Mt Eden,"Kiwi, European",4,90.0,NZD,4.2,271,4.21,New Zealand,Auckland,0,0
Tucks and Bao,Newmarket,"Asian Fusion, Pub Food, Fusion, Asian, Filipino, Malaysian, Thai",4,70.0,NZD,3.5,86,3.78,New Zealand,Auckland,0,0
Winona Forever,Parnell,Cafe,3,50.0,NZD,4.0,31,4.162,New Zealand,Auckland,0,0
Big Fish Eatery,Penrose,"Asian, Sushi, Seafood",3,55.0,NZD,4.5,166,4.445,New Zealand,Auckland,0,0
PappaRich,"Sky City Metro, Auckland CBD",Malaysian,3,60.0,NZD,4.0,414,4.028,New Zealand,Auckland,0,0
Eight - The Langham Hotel,"The Langham Hotel, Auckland CBD",European,4,190.0,NZD,4.7,412,4.653,New Zealand,Auckland,0,0
Baduzzi,Wynyard Quarter,Italian,4,120.0,NZD,4.6,413,4.564,New Zealand,Auckland,0,0
Maranui Cafe,Lyall Bay,"Cafe, Kiwi",3,50.0,NZD,4.3,127,4.289,New Zealand,Wellington City,0,0
Five Boroughs,Mt Victoria,American,3,60.0,NZD,4.1,114,4.15,New Zealand,Wellington City,0,0
Ekim Burgers,Te Aro,Fast Food,1,25.0,NZD,4.5,195,4.452,New Zealand,Wellington City,0,0
Ombra,Te Aro,Italian,4,70.0,NZD,4.5,152,4.441,New Zealand,Wellington City,0,0
The Hangar,Te Aro,Cafe,3,50.0,NZD,4.6,171,4.524,New Zealand,Wellington City,0,0
Burger Liquor,Te Aro,American,3,55.0,NZD,4.1,116,4.149,New Zealand,Wellington City,0,0
Caffe L'affare,Te Aro,Cafe,3,50.0,NZD,4.1,103,4.153,New Zealand,Wellington City,0,0
Dragonfly,Te Aro,Asian,4,100.0,NZD,4.3,143,4.29,New Zealand,Wellington City,0,0
Enigma Cafe,Te Aro,"Cafe, Kiwi, Ice Cream, Desserts",3,50.0,NZD,4.0,94,4.091,New Zealand,Wellington City,0,0
Fidel's,Te Aro,"Cafe, European, Mexican",3,50.0,NZD,4.4,242,4.376,New Zealand,Wellington City,0,0
Fisherman's Plate,Te Aro,"Vietnamese, Fish and Chips",2,40.0,NZD,4.3,96,4.287,New Zealand,Wellington City,0,0
Floriditas,Te Aro,"Italian, Cafe",4,105.0,NZD,4.2,170,4.214,New Zealand,Wellington City,0,0
Hippopotamus - Museum Hotel,Te Aro,"French, Kiwi",4,200.0,NZD,4.4,125,4.361,New Zealand,Wellington City,0,0
Little Penang,Te Aro,Malaysian,3,50.0,NZD,4.4,161,4.367,New Zealand,Wellington City,0,0
Loretta,Te Aro,"European, Cafe",4,80.0,NZD,4.2,113,4.219,New Zealand,Wellington City,0,0
Midnight Espresso,Te Aro,Cafe,2,40.0,NZD,4.3,157,4.291,New Zealand,Wellington City,0,0
Olive,Te Aro,"Mediterranean, Cafe, European",4,80.0,NZD,4.2,146,4.216,New Zealand,Wellington City,0,0
wagamama,Wellington Central,"Japanese, Asian",4,70.0,NZD,3.7,131,3.855,New Zealand,Wellington City,0,0
Charley Noble Eatery & Bar,Wellington Central,European,4,110.0,NZD,4.3,141,4.29,New Zealand,Wellington City,0,0
The Crab Shack,Wellington Central,"Seafood, Kiwi",4,90.0,NZD,4.1,229,4.129,New Zealand,Wellington City,0,0
Pepe's Piri Piri,Alum Rock,Fast Food,1,10.0,GBP,2.8,26,3.681,UK,Birmingham,0,0
Ju Ju's Cafe,Brindleyplace,"Cafe, British",1,15.0,GBP,3.7,13,4.049,UK,Birmingham,0,0
Bank,"Brindleyplace, Broad Street","British, Steak",3,60.0,GBP,4.0,133,4.038,UK,Birmingham,1,0
Chaophraya,"Bullring Shopping Centre, Southside",Thai,2,30.0,GBP,3.9,22,4.066,UK,Birmingham,1,0
Handmade Burger Co.,"Bullring Shopping Centre, Southside","Burger, American",2,35.0,GBP,3.7,21,4.009,UK,Birmingham,0,0
Jamie's Italian,"Bullring Shopping Centre, Southside",Italian,3,50.0,GBP,3.9,53,4.016,UK,Birmingham,0,0
Bodega,City Centre,Latin American,3,40.0,GBP,4.6,100,4.446,UK,Birmingham,0,0
San Carlo,City Centre,Italian,3,45.0,GBP,4.2,148,4.185,UK,Birmingham,0,0
Purnell's,Colmore Business District,Contemporary,4,120.0,GBP,4.5,265,4.443,UK,Birmingham,0,0
The Warehouse Cafe,Digbeth,"British, Cafe",2,20.0,GBP,3.8,38,3.993,UK,Birmingham,0,0
Fiesta del Asado,Edgbaston,"Latin American, Italian",3,50.0,GBP,4.0,40,4.077,UK,Birmingham,0,0
Istanbul Restaurant,Handsworth,Turkish,2,30.0,GBP,3.6,9,4.057,UK,Birmingham,0,0
The Plough,Harborne,British,2,30.0,GBP,4.2,55,4.171,UK,Birmingham,0,0
Lasan Restaurant,Jewellery Quarter,Indian,4,80.0,GBP,4.1,213,4.107,UK,Birmingham,0,0
Tipu Sultan,Moseley,"Indian, Pakistani",3,45.0,GBP,4.0,63,4.062,UK,Birmingham,0,0
Jamjar,Small Heath,"Ice Cream, Desserts, Cafe",1,15.0,GBP,3.1,11,3.952,UK,Birmingham,0,0
Chennai Dosa,Smethwick,"Indian, South Indian",2,20.0,GBP,3.8,55,3.962,UK,Birmingham,0,0
Mughal E Azam,Sparkhill,"Pakistani, Indian",3,45.0,GBP,3.7,32,3.968,UK,Birmingham,0,0
Bar Estilo,"The Mailbox, Broad Street",Mexican,2,20.0,GBP,4.0,93,4.049,UK,Birmingham,0,0
Loudons Cafe & Bakery,Fountainbridge,"Cafe, Bakery",3,30.0,GBP,3.9,63,4.006,UK,Edinburgh,0,0
La Favorita,Leith,Italian,3,30.0,GBP,4.5,329,4.452,UK,Edinburgh,0,0
Mimi's Bakehouse,Leith,"Cafe, Bakery, Desserts",3,35.0,GBP,4.6,130,4.472,UK,Edinburgh,0,0
Roseleaf Bar Cafe,Leith,"Scottish, Cafe",3,45.0,GBP,4.7,163,4.568,UK,Edinburgh,0,0
The Kitchin,Leith,"British, French",4,90.0,GBP,4.4,275,4.36,UK,Edinburgh,0,0
El Cartel,New Town,Mexican,3,30.0,GBP,3.8,31,4.009,UK,Edinburgh,0,0
Chaophraya,New Town,Thai,4,50.0,GBP,4.3,61,4.228,UK,Edinburgh,1,0
Hard Rock Cafe,New Town,American,3,40.0,GBP,4.0,154,4.034,UK,Edinburgh,0,0
The Boozy Cow,New Town,"Burger, Grill",3,40.0,GBP,4.0,36,4.081,UK,Edinburgh,0,0
10 To 10 In Delhi,Old Town,"Indian, Cafe",2,20.0,GBP,3.8,73,3.938,UK,Edinburgh,0,0
Bentoya,Old Town,"Sushi, Japanese, Cantonese",2,25.0,GBP,3.8,32,4.007,UK,Edinburgh,0,0
Civerinos,Old Town,"Pizza, Italian",3,35.0,GBP,3.7,27,3.985,UK,Edinburgh,0,0
The Elephant House,Old Town,Cafe,3,30.0,GBP,3.9,81,3.991,UK,Edinburgh,0,0
The Hanging Bat,Old Town,American,3,35.0,GBP,3.5,31,3.895,UK,Edinburgh,0,0
Love Crumbs,Old Town,"Bakery, Cafe",2,15.0,GBP,4.1,57,4.118,UK,Edinburgh,0,0
Mother India's Cafe,Old Town,Indian,2,25.0,GBP,4.4,279,4.36,UK,Edinburgh,0,0
The Witchery & The Secret Garden,Old Town,"British, Scottish, Seafood",4,100.0,GBP,4.1,200,4.108,UK,Edinburgh,1,0
Ting Thai Caravan,Old Town,"Thai, Asian",2,20.0,GBP,4.1,84,4.115,UK,Edinburgh,0,0
Tuk Tuk Indian Street Food,Tollcross,"Indian, Street Food",2,20.0,GBP,4.0,76,4.055,UK,Edinburgh,0,0
Steak,"Twelve Picardy Place, New Town","Steak, Scottish, British",4,55.0,GBP,4.2,64,4.173,UK,Edinburgh,0,0
Gymkhana,"Albemarle Street, Mayfair","Indian, Pakistani, Curry",4,80.0,GBP,4.7,214,4.594,UK,London,1,0
Bocca Di Lupo,"Archer Street, Soho",Italian,3,45.0,GBP,4.5,571,4.471,UK,London,0,0
Flat Iron,"Beak Street, Soho",Steak,2,35.0,GBP,4.9,309,4.794,UK,London,0,0
Duck & Waffle,"Bishopsgate, City Of London",British,3,55.0,GBP,4.9,706,4.85,UK,London,0,0
Dishoom,"Boundary Street, Shoreditch","Indian, Cafe, Curry",3,55.0,GBP,4.5,305,4.449,UK,London,0,0
Yauatcha,"Broadwick Street, Soho","Chinese, Dim Sum",4,90.0,GBP,4.7,1326,4.68,UK,London,1,0
Roka,"Charlotte Street, Fitzrovia","Japanese, Sushi",3,60.0,GBP,4.6,436,4.553,UK,London,0,0
Restaurant Gordon Ramsay,Chelsea,French,4,230.0,GBP,4.7,320,4.624,UK,London,0,0
sketch Gallery,"Conduit Street, Mayfair","British, Contemporary",4,100.0,GBP,4.5,148,4.409,UK,London,0,0
Masala Zone,Covent Garden,"Indian, Curry",2,30.0,GBP,4.1,316,4.105,UK,London,1,0
The Breakfast Club,"D'arblay Street, Soho","American, Burger",3,40.0,GBP,4.5,313,4.45,UK,London,0,0
Bao,"Lexington Street, Soho","Taiwanese, Street Food",2,20.0,GBP,4.9,161,4.72,UK,London,0,0
Five Guys,"Long Acre, Covent Garden","American, Burger",2,30.0,GBP,3.8,400,3.838,UK,London,0,0
Hakkasan,Mayfair,"Chinese, Dim Sum",4,120.0,GBP,4.8,395,4.726,UK,London,1,0
Nobu,Mayfair,"Japanese, Sushi",4,100.0,GBP,4.4,311,4.364,UK,London,1,0
Roti Chai,"Portman Mews South, Marble Arch","Indian, Street Food",3,45.0,GBP,4.5,367,4.457,UK,London,1,0
Shake Shack,"Tavistock Court, Covent Garden","American, Burger",2,30.0,GBP,4.1,473,4.104,UK,London,0,0
Dishoom,"Upper St Martin's Lane, Covent Garden","Indian, North Indian, Curry, Cafe",2,35.0,GBP,4.7,964,4.672,UK,London,0,0
Jamie's Italian,"Upper St Martin's Lane, Covent Garden",Italian,3,50.0,GBP,4.3,271,4.275,UK,London,0,0
Bone Daddies,"Walker's Court, Soho","Ramen, Japanese",3,40.0,GBP,4.6,418,4.551,UK,London,0,0
Monolos Playhouse Restaurant,Cheetham Hill,"American, Fast Food, Desserts, Steak",2,30.0,GBP,3.3,14,3.956,UK,Manchester,0,0
Santos,Cheetham Hill,"Pizza, Fast Food",2,20.0,GBP,3.3,23,3.875,UK,Manchester,0,0
Manchester House,Deansgate,British,4,85.0,GBP,4.0,52,4.068,UK,Manchester,0,0
The Grill On The Alley,Deansgate,"Steak, Seafood, Grill",3,55.0,GBP,4.4,704,4.383,UK,Manchester,0,0
Nawaab,Levenshulme,"Pakistani, Indian, Afghani, Curry",2,35.0,GBP,3.9,150,3.96,UK,Manchester,0,0
Jamie's Italian,Market Street,Italian,3,50.0,GBP,3.9,88,3.987,UK,Manchester,0,0
Chaophraya,Market Street,Thai,4,70.0,GBP,4.3,422,4.283,UK,Manchester,1,0
Solita,Northern Quarter,"American, Burger, Grill",3,50.0,GBP,4.9,162,4.721,UK,Manchester,0,0
Almost Famous Burgers,Northern Quarter,"Burger, American",3,40.0,GBP,4.0,86,4.051,UK,Manchester,0,0
Home Sweet Home,Northern Quarter,"British, Burger, Cafe",2,30.0,GBP,4.1,82,4.115,UK,Manchester,0,0
Teacup,Northern Quarter,"British, Contemporary",3,45.0,GBP,4.1,98,4.113,UK,Manchester,0,0
Archies,Oxford Road,"Fast Food, American",1,15.0,GBP,3.4,25,3.893,UK,Manchester,0,0
Zouk Tea Bar & Grill,Oxford Road,"Indian, Seafood",3,50.0,GBP,3.6,101,3.779,UK,Manchester,0,0
Mughli,Rusholme,"Indian, Curry",2,35.0,GBP,4.5,110,4.387,UK,Manchester,0,0
Lahore,Rusholme,"Indian, Grill",2,25.0,GBP,3.7,48,3.924,UK,Manchester,0,0
Gaucho,Spinningfields,"Argentine, American",4,80.0,GBP,4.5,602,4.472,UK,Manchester,0,0
Akbars,Spinningfields,Indian,2,30.0,GBP,4.2,383,4.193,UK,Manchester,0,0
San Carlo,Spinningfields,Italian,2,25.0,GBP,4.3,745,4.29,UK,Manchester,0,0
Mr Cooper's House & Garden - The Midland,"The Midland, Deansgate","European, Mediterranean, Contemporary",3,55.0,GBP,4.2,67,4.174,UK,Manchester,1,0
The French by Simon Rogan - The Midland,"The Midland, Deansgate",French,4,160.0,GBP,4.3,114,4.251,UK,Manchester,0,0
7st by Mumbai Spices,Ain Khalid,"Indian, Street Food",4,150.0,QAR,3.4,74,3.666,Qatar,Doha,0,0
Indian Coffee House,Al Doha Al Jadeeda,Indian,3,80.0,QAR,3.4,350,3.482,Qatar,Doha,0,0
Zaffran Dining Experience,"Al Emadi Financial Square, Al Hilal",Indian,4,300.0,QAR,4.6,348,4.532,Qatar,Doha,0,0
MRA Bakery Sweets & Restaurant,Al Ghanim,"Kerala, Indian, Chinese, Bakery",3,60.0,QAR,4.0,322,4.008,Qatar,Doha,0,0
Zaoq,Al Hilal,Pakistani,4,170.0,QAR,4.2,189,4.171,Qatar,Doha,0,0
Aalishan,Al Muntazah,"North Indian, Chinese, Turkish",3,100.0,QAR,3.8,263,3.842,Qatar,Doha,0,0
Applebee's,Al Nasr,"American, Tex-Mex",4,220.0,QAR,3.8,155,3.863,Qatar,Doha,0,0
Mainland China Restaurant,"Barwa Towers, Al Sadd",Chinese,4,250.0,QAR,4.9,182,4.719,Qatar,Doha,0,0
Ponderosa,"Caravan Complex, Al Hilal",Steak,3,110.0,QAR,3.6,115,3.739,Qatar,Doha,0,0
Gokul Gujarati Restaurant,Fereej Bin Mahmoud,Indian,2,50.0,QAR,4.3,211,4.254,Qatar,Doha,0,0
The Manhattan FISH MARKET,"Ghanem Business Center, Fereej Bin Mahmoud","Seafood, American",4,150.0,QAR,4.0,180,4.013,Qatar,Doha,0,0
Coral - InterContinental Doha,"Hotel Intercontinental Doha, Westbay",International,4,500.0,QAR,3.7,58,3.867,Qatar,Doha,0,0
Texas Roadhouse,"Mall of Qatar, Al Gharafa","Steak, American",4,250.0,QAR,4.0,41,4.033,Qatar,Doha,0,0
Punjab Restaurant,Musheireb,Pakistani,3,80.0,QAR,3.8,83,3.898,Qatar,Doha,0,0
Gymkhana,Souq Waqif,Indian,4,250.0,QAR,4.7,114,4.505,Qatar,Doha,1,0
Eatopia,"The Gate, Dafna","European, Arabian, Japanese, Bakery, Desserts",4,200.0,QAR,3.9,197,3.932,Qatar,Doha,0,0
Vine - The St. Regis,"The St. Regis, Westbay",International,4,550.0,QAR,4.4,67,4.255,Qatar,Doha,0,0
Sabai Thai - The Westin Doha Hotel & Spa,"The Westin Doha Hotel & Spa, Fereej Bin Mahmoud",Thai,4,445.0,QAR,4.3,73,4.202,Qatar,Doha,0,0
Paper Moon,Umm Ghuwailina,Italian,4,400.0,QAR,4.5,145,4.387,Qatar,Doha,0,0
Roti & Boti,Umm Ghuwailina,Indian,4,160.0,QAR,3.9,109,3.95,Qatar,Doha,0,0
The Butcher's Wife,Athlone,"Pizza, Grill",3,294.0,ZAR,3.7,22,4.054,South Africa,Cape Town,0,0
Coco Safar,"Cavendish Square, Claremont","Cafe, Patisserie",4,300.0,ZAR,4.1,88,4.14,South Africa,Cape Town,0,0
La Parada,CBD,"Spanish, Tapas",4,360.0,ZAR,3.7,255,3.784,South Africa,Cape Town,0,0
Jason Bakery,CBD,"Cafe, Bakery",2,180.0,ZAR,4.2,266,4.202,South Africa,Cape Town,0,0
Truth Coffee,CBD,Cafe,2,150.0,ZAR,4.4,514,4.383,South Africa,Cape Town,0,0
Salushi,Claremont,"Japanese, Sushi, Asian",3,250.0,ZAR,3.9,239,3.954,South Africa,Cape Town,0,0
Origin Coffee Roasting,De Waterkant,"Cafe, Bakery, Tea, Vegetarian",3,200.0,ZAR,4.0,185,4.045,South Africa,Cape Town,0,0
Kloof Street House,Gardens,Mediterranean,4,350.0,ZAR,4.5,356,4.464,South Africa,Cape Town,0,0
Jerry's Burger Bar,Gardens,"Burger, American",3,250.0,ZAR,4.4,281,4.371,South Africa,Cape Town,0,0
Active Sushi,Green Point,Sushi,3,250.0,ZAR,3.8,127,3.916,South Africa,Cape Town,0,0
Beluga,Green Point,"Seafood, Asian, Grill, Sushi",4,500.0,ZAR,3.8,619,3.831,South Africa,Cape Town,0,0
Rocomamas,Green Point,"Burger, Fast Food, Grill",3,250.0,ZAR,3.6,131,3.769,South Africa,Cape Town,0,0
The Creamery,Newlands,"Desserts, Ice Cream",2,110.0,ZAR,4.5,328,4.462,South Africa,Cape Town,0,0
Nobu - One&Only,"One and Only Hotel, V & A Waterfront","Japanese, Asian, Seafood, Sushi",4,535.0,ZAR,4.0,110,4.066,South Africa,Cape Town,1,0
Jarryds,Sea Point,"Cafe, Burger",3,230.0,ZAR,4.8,319,4.72,South Africa,Cape Town,0,0
My Sugar,Sea Point,"Cafe, Patisserie, Bakery, Desserts",2,125.0,ZAR,4.4,157,4.354,South Africa,Cape Town,0,0
Grand Caf & Beach,V & A Waterfront,"Seafood, African, Sushi",4,450.0,ZAR,3.8,280,3.862,South Africa,Cape Town,0,0
tashas,V & A Waterfront,"Cafe, Mediterranean",4,320.0,ZAR,4.1,374,4.113,South Africa,Cape Town,0,0
Gibson's Gourmet Burgers & Ribs,"Victoria Wharf, V & A Waterfront","Burger, American, Grill",3,270.0,ZAR,4.1,298,4.116,South Africa,Cape Town,0,0
Willoughby & Co.,"Victoria Wharf, V & A Waterfront","Seafood, Japanese, Sushi",4,570.0,ZAR,4.4,466,4.382,South Africa,Cape Town,0,0
Cube - Tasting Kitchen,City and Suburban,"European, Contemporary",4,1540.0,ZAR,4.9,441,4.83,South Africa,Inner City,0,0
Urbanologi,Marshalltown,Tapas,4,700.0,ZAR,4.9,194,4.759,South Africa,Inner City,0,0
Momo Baohaus,Greenside,"Asian, Sushi, Tapas",4,300.0,ZAR,4.3,180,4.28,South Africa,Johannesburg,0,0
Craft,Parkhurst,"European, Pizza",4,350.0,ZAR,4.1,1207,4.104,South Africa,Johannesburg,0,0
Hudsons,Parkhurst,"Burger, Finger Food, Pizza",4,350.0,ZAR,4.0,861,4.012,South Africa,Johannesburg,0,0
The Wolfpack,Parkhurst,"American, Burger",4,350.0,ZAR,4.1,1024,4.105,South Africa,Johannesburg,0,0
The National,Parktown North,American,4,515.0,ZAR,4.2,212,4.202,South Africa,Johannesburg,1,0
Marble,Rosebank,"Continental, South African, Beverages, Desserts, Seafood, Grill, Ice Cream, International",4,955.0,ZAR,4.5,222,4.447,South Africa,Johannesburg,0,0
Kream,Brooklyn,African,4,450.0,ZAR,4.7,373,4.642,South Africa,Pretoria,0,0
Carbon Bistro,Brooklyn,"Burger, Steak, Seafood",4,360.0,ZAR,4.1,84,4.141,South Africa,Pretoria,0,0
Geet Indian Restaurant,Brooklyn,Indian,4,320.0,ZAR,4.4,147,4.352,South Africa,Pretoria,0,0
Blos Cafe,Faerie Glen,"Cafe, Burger, Tapas, South African, European, Grill",4,390.0,ZAR,3.9,150,3.978,South Africa,Pretoria,0,0
The Belgian Triple,Faerie Glen,"Healthy Food, Seafood, Beverages, Belgian, Contemporary, Desserts, Finger Food, International",4,500.0,ZAR,4.2,20,4.207,South Africa,Pretoria,0,0
El Pistolero,Garsfontein,Mexican,4,300.0,ZAR,4.3,116,4.273,South Africa,Pretoria,0,0
Brooklyn Brothers,"Glenfair Boulevard, Lynnwood  ","Burger, American, Beverages",4,300.0,ZAR,3.8,57,3.992,South Africa,Pretoria,0,0
Capital Craft Beer Academy,"Greenlyn Village, Menlopark, Near Lynnwood","Street Food, Burger, American, Finger Food, German",3,200.0,ZAR,4.4,301,4.373,South Africa,Pretoria,0,0
Spice - The Indian Kitchen,Lynnwood,"Indian, Asian, Durban, International, Desserts",4,320.0,ZAR,4.3,43,4.252,South Africa,Pretoria,0,0
The Black Bamboo,"Menlyn Boutique Hotel, Menlyn",Continental,4,600.0,ZAR,4.4,84,4.329,South Africa,Pretoria,0,0
Old Town Italy,"Menlyn Maine, Waterkloof Glen","Cafe, Italian, Pizza, European, Bakery, Deli",4,400.0,ZAR,3.9,153,3.976,South Africa,Pretoria,0,0
Parrot's,"Menlyn Shopping Centre, Menlyn","Contemporary, Sushi, Grill, Italian, Steak",3,200.0,ZAR,3.4,111,3.652,South Africa,Pretoria,0,0
Baobab Cafe & Grill,"Menlyn Shopping Centre, Menlyn","Cafe, Grill",4,410.0,ZAR,4.0,235,4.037,South Africa,Pretoria,0,0
Harissa Bistro,"The Club Centre, Hazelwood, Near Waterkloof","European, South African, Steak",4,450.0,ZAR,4.5,287,4.457,South Africa,Pretoria,0,0
Life Grand Cafe,"The Club Centre, Hazelwood, Near Waterkloof","Italian, Mediterranean, Sushi, Desserts",4,400.0,ZAR,4.1,232,4.12,South Africa,Pretoria,0,0
Crawdaddy's,"Waterglen Shopping Centre, Garsfontein","Continental, Seafood, Burger, South African, Finger Food, Grill",3,250.0,ZAR,4.0,158,4.05,South Africa,Pretoria,0,0
Culture Club - Bar De Tapas,Waterkloof,"Cafe, Tapas, South African, Beverages, Healthy Food, Desserts, Spanish",3,285.0,ZAR,4.5,97,4.401,South Africa,Pretoria,0,0
23 On Hazelwood,Waterkloof,"Street Food, Continental, Burger, Grill",3,250.0,ZAR,3.9,135,3.984,South Africa,Pretoria,0,0
Hogshead,Waterkloof,"Grill, Burger",3,250.0,ZAR,4.1,258,4.118,South Africa,Pretoria,0,0
Restaurant Mosaic @ The Orient,West Park,French,4,3210.0,ZAR,4.9,85,4.644,South Africa,Pretoria,0,0
The Whippet,Linden,Cafe,3,200.0,ZAR,4.3,618,4.293,South Africa,Randburg,0,0
Gemelli Cucina Bar,Bryanston,"Contemporary, Italian",4,450.0,ZAR,4.8,542,4.75,South Africa,Sandton,0,0
Social on Main,Bryanston,"Contemporary, Burger, European",3,250.0,ZAR,4.0,504,4.019,South Africa,Sandton,0,0
Cafe Del Sol Botanico,"Bryanston Shopping Centre, Bryanston","Italian, Pizza, Beverages, Desserts, Grill, Seafood",4,400.0,ZAR,4.4,499,4.383,South Africa,Sandton,0,0
Perron,Illovo,Mexican,3,250.0,ZAR,4.2,581,4.201,South Africa,Sandton,0,0
Jamie's Italian,"Melrose Arch, Melrose ",Italian,4,400.0,ZAR,4.1,251,4.118,South Africa,Sandton,0,0
The Big Mouth,"Nelson Mandela Square, Sandown","Grill, Steak, Burger, Sushi, Tapas",4,400.0,ZAR,4.3,430,4.291,South Africa,Sandton,0,0
Licorish Bistro,"Nicolway Shopping Centre, Bryanston","European, South African",4,545.0,ZAR,4.6,892,4.579,South Africa,Sandton,0,0
Salsa Mexican Grill,"Pineslopes Shopping Centre, Fourways",Mexican,4,330.0,ZAR,4.3,488,4.292,South Africa,Sandton,0,0
The Smokehouse and Grill,"Pineslopes Shopping Centre, Fourways",Steak,4,300.0,ZAR,4.4,90,4.332,South Africa,Sandton,0,0
Escondido Tapas,"Post Office Center, Illovo",Mediterranean,4,450.0,ZAR,4.4,743,4.388,South Africa,Sandton,0,0
Remo's Maximilliano,"Waterfall Corner Mall, Midrand","Italian, Pizza",4,360.0,ZAR,3.8,390,3.847,South Africa,Sandton,0,0
Chinese Dragon Cafe,"Bambalapitiya, Colombo 04",Chinese,3,2000.0,LKR,3.4,118,3.54,Sri Lanka,Colombo,0,0
Elite Indian Restaurant,"Bambalapitiya, Colombo 04","North Indian, Chinese, Sri Lankan",2,1800.0,LKR,2.4,240,2.653,Sri Lanka,Colombo,0,0
CIOCONAT Lounge,"Cinnamon Gardens, Colombo 07","Italian, Cafe, Desserts",3,2500.0,LKR,3.7,157,3.741,Sri Lanka,Colombo,0,0
The Paddington,"Cinnamon Gardens, Colombo 07","Cafe, Italian",3,2000.0,LKR,3.6,83,3.702,Sri Lanka,Colombo,0,0
The Commons,"Cinnamon Gardens, Colombo 07","Cafe, Sri Lankan, Continental, American",3,2500.0,LKR,4.0,209,3.975,Sri Lanka,Colombo,0,0
Upali's,"Cinnamon Gardens, Colombo 07",Sri Lankan,3,2500.0,LKR,4.0,114,3.96,Sri Lanka,Colombo,0,0
Malay Restaurant,"Dehiwala, Colombo","Malaysian, North Indian, Sri Lankan",2,1500.0,LKR,3.5,80,3.642,Sri Lanka,Colombo,0,0
T.G.I. Friday's,"Fort, Colombo 01","American, Steak",4,4000.0,LKR,4.0,166,3.97,Sri Lanka,Colombo,0,0
Simply Strawberries By Jagro,"Havelock Town, Colombo 05","Juices, Desserts",2,1300.0,LKR,4.5,146,4.339,Sri Lanka,Colombo,0,0
Cafe Shaze,"Havelock Town, Colombo 05","Cafe, Fast Food, Beverages",3,3500.0,LKR,3.8,81,3.827,Sri Lanka,Colombo,0,0
Queen's Cafe,"Kollupitiya, Colombo 03","American, Chinese, North Indian",3,2000.0,LKR,2.5,93,2.979,Sri Lanka,Colombo,0,0
Arabian Knights,"Kollupitiya, Colombo 03","Middle Eastern, Arabian",3,2400.0,LKR,4.2,158,4.121,Sri Lanka,Colombo,0,0
Butter Boutique,"Kollupitiya, Colombo 03","Desserts, Bakery",2,1000.0,LKR,4.2,49,4.033,Sri Lanka,Colombo,0,0
Carnival Ice Cream,"Kollupitiya, Colombo 03","Desserts, Ice Cream",2,1000.0,LKR,4.1,122,4.033,Sri Lanka,Colombo,0,0
Cricket Club Cafe,"Kollupitiya, Colombo 03","Continental, American, Seafood",3,3000.0,LKR,4.2,171,4.125,Sri Lanka,Colombo,0,0
The Manhattan Fish Market,"Kollupitiya, Colombo 03","Seafood, Italian",4,4500.0,LKR,4.0,196,3.974,Sri Lanka,Colombo,0,0
The Sizzle,"Kollupitiya, Colombo 03","American, Fast Food, Steak, Beverages",3,3000.0,LKR,4.2,286,4.151,Sri Lanka,Colombo,0,0
Ministry of Crab,"Old Dutch Hospital, Fort",Seafood,4,4000.0,LKR,4.9,203,4.696,Sri Lanka,Colombo,0,0
Cafe Beverly,"Rajagiriya, Colombo","Continental, American",3,2000.0,LKR,4.1,58,3.994,Sri Lanka,Colombo,0,0
Burger's King,"Slave Island, Colombo 02",Fast Food,2,1000.0,LKR,4.1,199,4.054,Sri Lanka,Colombo,0,0
Timboo Cafe,"Armada AVM, S__t_z_, Yenimahalle",Cafe,3,70.0,TRY,4.2,134,4.227,Turkey,Ankara,0,0
Hattena Hatay  Sofras۱,Balgat,Kebab,3,70.0,TRY,4.6,124,4.514,Turkey,Ankara,0,0
Masaba۱ Kebap_۱s۱,Balgat,"Kebab, Turkish Pizza",3,100.0,TRY,4.2,212,4.219,Turkey,Ankara,0,0
Turta Home Cafe,ayyolu,"Cafe, Desserts",2,35.0,TRY,4.3,126,4.3,Turkey,Ankara,0,0
Liva,ukurambar,"Patisserie, Coffee and Tea",2,50.0,TRY,3.4,115,3.673,Turkey,Ankara,0,0
Mehur Tavac۱ Recep Usta,Dikmen,Kebab,3,100.0,TRY,4.5,231,4.464,Turkey,Ankara,0,0
ukuraa Sofras۱,Emek,"Kebab, Izgara",3,60.0,TRY,4.4,296,4.386,Turkey,Ankara,0,0
Gaga Manjero,Gazi Osman Paa,World Cuisine,3,80.0,TRY,4.9,95,4.693,Turkey,Ankara,0,0
Cafemiz,Gazi Osman Paa,"World Cuisine, Mexican, Italian",4,150.0,TRY,4.4,115,4.37,Turkey,Ankara,0,0
Nusr-Et,Gazi Osman Paa,Steak,4,400.0,TRY,4.1,97,4.168,Turkey,Ankara,0,0
Kebap 49,Kavakl۱dere,"Kebab, Turkish Pizza",3,60.0,TRY,4.3,106,4.3,Turkey,Ankara,0,0
Timboo Cafe,"Kentpark AVM, niversiteler, ankaya",Cafe,3,70.0,TRY,4.2,79,4.239,Turkey,Ankara,0,0
Mehur _z_elik Aspava,K___k Esat,"Kebab, Turkish Pizza",2,40.0,TRY,4.6,109,4.506,Turkey,Ankara,0,0
Y۱ld۱z Aspava,K___k Esat,"Kebab, Turkish Pizza, D�_ner",2,50.0,TRY,4.4,72,4.359,Turkey,Ankara,0,0
The Bigos,K۱z۱lay,Cafe,3,80.0,TRY,3.8,123,3.945,Turkey,Ankara,0,0
Masaba۱,K۱z۱lay,"Kebab, Turkish Pizza",3,100.0,TRY,4.2,103,4.233,Turkey,Ankara,0,0
Zigana Pide,Macunk_y,Turkish Pizza,2,50.0,TRY,4.3,103,4.3,Turkey,Ankara,0,0
D_verolu,Maltepe,"Kebab, Desserts, Turkish Pizza",3,70.0,TRY,4.4,131,4.372,Turkey,Ankara,0,0
D_verolu,mitk_y,"Kebab, Desserts, Turkish Pizza",3,70.0,TRY,4.2,152,4.225,Turkey,Ankara,0,0
Pizza l Forno,Y۱ld۱zevler,Pizza,2,40.0,TRY,4.7,104,4.57,Turkey,Ankara,0,0
J'adore Chocolatier,Asmal۱mescit,Desserts,2,50.0,TRY,4.7,1311,4.685,Turkey,Istanbul,0,0
Starbucks,Bebek,Cafe,2,30.0,TRY,4.9,1042,4.873,Turkey,Istanbul,0,0
Valonia,Beikta Merkez,"Restaurant Cafe, Desserts",3,80.0,TRY,4.2,874,4.205,Turkey,Istanbul,0,0
Draft Gastro Pub,Caddebostan,Bar Food,4,130.0,TRY,4.9,522,4.848,Turkey,Istanbul,0,0
Emirgan S_ti,Emirgn,"Restaurant Cafe, Turkish, Desserts",3,75.0,TRY,4.2,877,4.205,Turkey,Istanbul,0,0
Leman K_lt_r,Kad۱k_y Merkez,Restaurant Cafe,3,80.0,TRY,3.7,506,3.754,Turkey,Istanbul,0,0
Dem Karak_y,Karak_y,Cafe,2,35.0,TRY,4.5,761,4.488,Turkey,Istanbul,0,0
Karak_y G_ll_olu,Karak_y,"Desserts, B�_rek",2,40.0,TRY,4.7,1305,4.685,Turkey,Istanbul,0,0
Baltazar,Karak_y,"Burger, Izgara",3,90.0,TRY,4.3,870,4.3,Turkey,Istanbul,0,0
Naml۱ Gurme,Karak_y,Turkish,3,80.0,TRY,4.1,788,4.112,Turkey,Istanbul,0,0
Ceviz Aac۱,Kouyolu,"World Cuisine, Patisserie, Cafe",3,105.0,TRY,4.2,1034,4.205,Turkey,Istanbul,0,0
Huqqa,Kuru_eme,"Italian, World Cuisine",4,170.0,TRY,3.7,661,3.742,Turkey,Istanbul,0,0
Ak Kahve,Kuru_eme,Restaurant Cafe,4,120.0,TRY,4.0,901,4.016,Turkey,Istanbul,0,0
Walter's Coffee Roastery,Moda,Cafe,2,55.0,TRY,4.0,591,4.023,Turkey,Istanbul,0,0
